-- MySQL dump 10.13  Distrib 8.1.0, for Win64 (x86_64)
--
-- Host: localhost    Database: beer_competition
-- ------------------------------------------------------
-- Server version	8.1.0

/*!40101 SET @OLD_CHARACTER_SET_CLIENT=@@CHARACTER_SET_CLIENT */;
/*!40101 SET @OLD_CHARACTER_SET_RESULTS=@@CHARACTER_SET_RESULTS */;
/*!40101 SET @OLD_COLLATION_CONNECTION=@@COLLATION_CONNECTION */;
/*!50503 SET NAMES utf8mb4 */;
/*!40103 SET @OLD_TIME_ZONE=@@TIME_ZONE */;
/*!40103 SET TIME_ZONE='+00:00' */;
/*!40014 SET @OLD_UNIQUE_CHECKS=@@UNIQUE_CHECKS, UNIQUE_CHECKS=0 */;
/*!40014 SET @OLD_FOREIGN_KEY_CHECKS=@@FOREIGN_KEY_CHECKS, FOREIGN_KEY_CHECKS=0 */;
/*!40101 SET @OLD_SQL_MODE=@@SQL_MODE, SQL_MODE='NO_AUTO_VALUE_ON_ZERO' */;
/*!40111 SET @OLD_SQL_NOTES=@@SQL_NOTES, SQL_NOTES=0 */;

--
-- Table structure for table `admin_operation_log`
--

DROP TABLE IF EXISTS `admin_operation_log`;
/*!40101 SET @saved_cs_client     = @@character_set_client */;
/*!50503 SET character_set_client = utf8mb4 */;
CREATE TABLE `admin_operation_log` (
  `id` bigint NOT NULL AUTO_INCREMENT COMMENT '主键ID',
  `admin_user_id` bigint NOT NULL COMMENT '后台管理员ID',
  `action` varchar(64) NOT NULL COMMENT '操作动作',
  `target_type` varchar(32) NOT NULL COMMENT '操作对象类型',
  `target_public_id` varchar(64) DEFAULT NULL COMMENT '操作对象公开编号',
  `summary` varchar(255) DEFAULT NULL COMMENT '操作摘要',
  `create_time` datetime NOT NULL DEFAULT CURRENT_TIMESTAMP COMMENT '创建时间',
  PRIMARY KEY (`id`),
  KEY `idx_admin_operation_log_target` (`target_type`,`target_public_id`),
  KEY `idx_admin_operation_log_admin` (`admin_user_id`,`create_time`),
  KEY `idx_admin_operation_log_time_id` (`create_time`,`id`)
) ENGINE=InnoDB AUTO_INCREMENT=249 DEFAULT CHARSET=utf8mb4 COLLATE=utf8mb4_0900_ai_ci COMMENT='后台操作日志表';
/*!40101 SET character_set_client = @saved_cs_client */;

--
-- Dumping data for table `admin_operation_log`
--

LOCK TABLES `admin_operation_log` WRITE;
/*!40000 ALTER TABLE `admin_operation_log` DISABLE KEYS */;
INSERT INTO `admin_operation_log` VALUES (1,1,'JUDGE_CONTACT_VIEW','JUDGE','J90FF0B37A47A','查看评审完整联系方式','2026-06-03 10:35:10'),(2,1,'JUDGE_CONTACT_VIEW','JUDGE','J90FF0B37A47A','查看评审完整联系方式','2026-06-03 10:35:18'),(3,1,'JUDGE_APPROVE_OR_ENABLE','JUDGE','J90FF0B37A47A','评审状态改为启用','2026-06-03 10:39:12'),(4,1,'JUDGE_APPROVE_OR_ENABLE','JUDGE','J90FF0B37A47A','评审状态改为启用','2026-06-03 10:39:12'),(5,1,'JUDGE_ASSIGNMENT_UPDATE','JUDGE','JTEST26060301','新增单个评审编排','2026-06-03 15:27:45'),(6,1,'JUDGE_ASSIGNMENT_UPDATE','JUDGE','JTEST26060302','新增单个评审编排','2026-06-03 15:27:45'),(7,1,'JUDGE_ASSIGNMENT_UPDATE','JUDGE','COMP-3','整体保存评审编排，人数 9','2026-06-04 19:15:22'),(8,1,'JUDGE_ASSIGNMENT_UPDATE','JUDGE','COMP-4','整体保存评审编排，人数 9','2026-06-04 21:29:28'),(9,1,'JUDGE_ASSIGNMENT_UPDATE','JUDGE','COMP-4','整体保存评审编排，人数 9','2026-06-04 21:33:23'),(10,1,'JUDGE_CONTACT_VIEW','JUDGE','JTEST26060320','查看评审完整联系方式','2026-06-05 17:23:34'),(11,1,'JUDGE_ASSIGNMENT_UPDATE','JUDGE','COMP-6','整体保存评审编排，人数 1','2026-06-06 15:25:00'),(12,1,'JUDGE_ASSIGNMENT_UPDATE','JUDGE','COMP-6','整体保存评审编排，人数 5','2026-06-06 15:25:37'),(13,1,'JUDGE_ASSIGNMENT_UPDATE','JUDGE','COMP-6','整体保存评审编排，人数 5','2026-06-06 15:27:08'),(14,1,'JUDGE_ASSIGNMENT_UPDATE','JUDGE','COMP-6','整体保存评审编排，人数 5','2026-06-06 15:27:25'),(15,1,'JUDGE_ASSIGNMENT_UPDATE','JUDGE','COMP-6','整体保存评审编排，人数 5','2026-06-06 15:27:39'),(16,1,'JUDGE_ASSIGNMENT_UPDATE','JUDGE','COMP-6','整体保存评审编排，人数 5','2026-06-06 15:30:46'),(17,1,'ENTRY_MARK_STORED','BEER_ENTRY','BE-27B3787FC787','{\"action\":\"确认入库\",\"reason\":\"\"}','2026-06-10 14:51:58'),(18,1,'EXPORT_ENTRIES','COMPETITION','7','{\"competitionId\":7,\"count\":1,\"filters\":\"competitionId=7, categoryId=, entryStatus=, paymentStatus=, deliveryStatus=, keyword=\"}','2026-06-10 15:06:36'),(19,1,'EXPORT_DELIVERY','COMPETITION','7','{\"competitionId\":7,\"count\":1,\"filters\":\"competitionId=7, categoryId=, entryStatus=, paymentStatus=, deliveryStatus=, keyword=\"}','2026-06-10 15:06:55'),(20,1,'EXPORT_LABELS','COMPETITION','7','{\"competitionId\":7,\"count\":1,\"filters\":\"competitionId=7, categoryId=, entryStatus=, paymentStatus=, deliveryStatus=, keyword=, copies=2\"}','2026-06-10 15:06:55'),(21,1,'ENTRY_REFUND_APPROVE','BEER_ENTRY','BE-85052A59FCBE','{\"action\":\"确认退款\",\"reason\":\"好的\"}','2026-06-10 16:14:07'),(22,1,'ENTRY_REFUND_REJECT','BEER_ENTRY','BE-EAE6B243EB79','{\"action\":\"驳回退款\",\"reason\":\"我们直接帮您这边改就行\"}','2026-06-10 16:23:51'),(23,1,'ENTRY_REFUND_APPROVE','BEER_ENTRY','BE-EAE6B243EB79','{\"action\":\"确认退款\",\"reason\":\"\"}','2026-06-10 16:24:16'),(24,1,'ENTRY_MARK_STORED','BEER_ENTRY','BE-A5C61C024D5D','{\"action\":\"确认入库\",\"reason\":\"\"}','2026-06-10 16:41:46'),(25,1,'ENTRY_MARK_STORED','BEER_ENTRY','BE-EDF58C8941F8','{\"action\":\"确认入库\",\"reason\":\"\"}','2026-06-10 16:43:12'),(26,1,'ENTRY_MARK_STORED','BEER_ENTRY','BE-3DC88FB5DF85','{\"action\":\"确认入库\",\"reason\":\"\"}','2026-06-10 16:48:34'),(27,1,'ENTRY_MARK_STORED','BEER_ENTRY','BE-EA6AFC0E7AD7','{\"action\":\"确认入库\",\"reason\":\"\"}','2026-06-10 16:49:59'),(28,1,'JUDGE_ASSIGNMENT_UPDATE','JUDGE','COMP-7','整体保存评审编排，人数 1','2026-06-10 17:07:13'),(29,1,'JUDGE_ASSIGNMENT_UPDATE','JUDGE','COMP-7','整体保存评审编排，人数 1','2026-06-10 17:07:16'),(30,1,'JUDGE_ASSIGNMENT_UPDATE','JUDGE','COMP-7','整体保存评审编排，人数 1','2026-06-10 17:07:17'),(31,1,'JUDGE_ASSIGNMENT_UPDATE','JUDGE','COMP-7','整体保存评审编排，人数 4','2026-06-10 17:34:44'),(32,1,'JUDGE_ASSIGNMENT_UPDATE','JUDGE','COMP-7','整体保存评审编排，人数 4','2026-06-10 17:41:39'),(33,1,'JUDGE_ASSIGNMENT_UPDATE','JUDGE','COMP-7','整体保存评审编排，人数 4','2026-06-10 17:41:41'),(34,1,'JUDGE_CONTACT_VIEW','JUDGE','JTEST26060318','查看评审完整联系方式','2026-06-10 18:43:50'),(35,1,'JUDGE_CONTACT_VIEW','JUDGE','JTEST26060319','查看评审完整联系方式','2026-06-10 18:43:50'),(36,1,'JUDGE_CONTACT_VIEW','JUDGE','JTEST26060320','查看评审完整联系方式','2026-06-10 18:43:50'),(37,1,'JUDGE_CONTACT_VIEW','JUDGE','JTEST26060317','查看评审完整联系方式','2026-06-10 18:43:50'),(38,1,'ENTRY_REFUND_APPROVE','BEER_ENTRY','ITfb6220725ef1-E-182329801','{\"action\":\"确认退款\",\"reason\":\"\"}','2026-06-11 12:34:27'),(39,1,'ENTRY_REFUND_APPROVE','BEER_ENTRY','ITd0d518148b71-E-1569187702','{\"action\":\"确认退款\",\"reason\":\"\"}','2026-06-11 12:38:05'),(40,1,'ENTRY_REFUND_APPROVE','BEER_ENTRY','IT3faf9d511963-E-1108101681','{\"action\":\"确认退款\",\"reason\":\"\"}','2026-06-11 12:45:06'),(41,1,'ENTRY_REFUND_APPROVE','BEER_ENTRY','IT7bdb536edfcc-E-1983852797','{\"action\":\"确认退款\",\"reason\":\"\"}','2026-06-11 12:47:39'),(42,1,'ENTRY_REFUND_APPROVE','BEER_ENTRY','IT316fa4aecf50-E-725628846','{\"action\":\"确认退款\",\"reason\":\"\"}','2026-06-11 12:53:14'),(43,1,'ENTRY_REFUND_APPROVE','BEER_ENTRY','ITc4ff5bc2b015-E-339983338','{\"reason\":\"\",\"action\":\"受理退款\"}','2026-06-12 16:06:00'),(44,1,'ENTRY_REFUND_SUCCESS','BEER_ENTRY','ITc4ff5bc2b015-E-339983338','{\"reason\":\"\",\"action\":\"退款完成\"}','2026-06-12 16:06:00'),(45,1,'ENTRY_REFUND_APPROVE','BEER_ENTRY','IT19c946783a98-E-770959417','{\"action\":\"受理退款\",\"reason\":\"\"}','2026-06-12 16:11:54'),(46,1,'ENTRY_REFUND_SUCCESS','BEER_ENTRY','IT19c946783a98-E-770959417','{\"action\":\"退款完成\",\"reason\":\"\"}','2026-06-12 16:11:54'),(47,1,'ENTRY_REFUND_APPROVE','BEER_ENTRY','ITc5aa8a388f06-E-1506207457','{\"reason\":\"\",\"action\":\"受理退款\"}','2026-06-12 16:57:51'),(48,1,'ENTRY_REFUND_SUCCESS','BEER_ENTRY','ITc5aa8a388f06-E-1506207457','{\"reason\":\"\",\"action\":\"退款完成\"}','2026-06-12 16:57:51'),(50,1,'ENTRY_REFUND_APPROVE','BEER_ENTRY','ITc0c28ac8598d-E-947235413','{\"action\":\"受理退款\",\"reason\":\"\"}','2026-06-12 17:18:59'),(51,1,'ENTRY_REFUND_SUCCESS','BEER_ENTRY','ITc0c28ac8598d-E-947235413','{\"action\":\"退款完成\",\"reason\":\"\"}','2026-06-12 17:18:59'),(52,1,'ENTRY_REFUND_APPROVE','BEER_ENTRY','IT499a8a9365c8-E-1796626801','{\"action\":\"受理退款\",\"reason\":\"\"}','2026-06-12 17:23:38'),(53,1,'ENTRY_REFUND_SUCCESS','BEER_ENTRY','IT499a8a9365c8-E-1796626801','{\"action\":\"退款完成\",\"reason\":\"\"}','2026-06-12 17:23:38'),(54,1,'ENTRY_BANK_TRANSFER_CONFIRM','BEER_ENTRY','IT83709b7911f2-E-322090310','银行转账确认到账','2026-06-12 17:31:46'),(55,1,'ENTRY_BANK_TRANSFER_CONFIRM','BEER_ENTRY','IT83709b7911f2-E-322090309','银行转账确认到账','2026-06-12 17:31:46'),(56,1,'ENTRY_BANK_TRANSFER_REJECT','BEER_ENTRY','IT5f71d74b003a-E-1584445214','银行转账被驳回','2026-06-12 17:31:46'),(57,1,'ENTRY_REFUND_APPROVE','BEER_ENTRY','IT925f796d4511-E-1137501914','{\"action\":\"受理退款\",\"reason\":\"\"}','2026-06-12 17:31:46'),(58,1,'ENTRY_REFUND_SUCCESS','BEER_ENTRY','IT925f796d4511-E-1137501914','{\"action\":\"退款完成\",\"reason\":\"\"}','2026-06-12 17:31:46'),(60,1,'ENTRY_BANK_TRANSFER_CONFIRM','BEER_ENTRY','ITb5c537342964-E-2012833438','银行转账确认到账','2026-06-12 17:37:40'),(61,1,'ENTRY_BANK_TRANSFER_CONFIRM','BEER_ENTRY','ITb5c537342964-E-2012833439','银行转账确认到账','2026-06-12 17:37:40'),(62,1,'ENTRY_BANK_TRANSFER_REJECT','BEER_ENTRY','ITf2fc7f64dcdb-E-912800183','银行转账被驳回','2026-06-12 17:37:41'),(63,1,'ENTRY_REFUND_APPROVE','BEER_ENTRY','IT96f3736590d2-E-2064216949','{\"reason\":\"\",\"action\":\"受理退款\"}','2026-06-12 17:37:41'),(64,1,'ENTRY_REFUND_SUCCESS','BEER_ENTRY','IT96f3736590d2-E-2064216949','{\"reason\":\"\",\"action\":\"退款完成\"}','2026-06-12 17:37:41'),(65,1,'ENTRY_BANK_TRANSFER_CONFIRM','BEER_ENTRY','ITbc74013ecc47-E-18504093','银行转账确认到账','2026-06-13 10:06:17'),(66,1,'ENTRY_BANK_TRANSFER_CONFIRM','BEER_ENTRY','ITbc74013ecc47-E-18504092','银行转账确认到账','2026-06-13 10:06:17'),(67,1,'ENTRY_BANK_TRANSFER_REJECT','BEER_ENTRY','ITaf248562157c-E-629823028','银行转账被驳回','2026-06-13 10:06:17'),(68,1,'ENTRY_REFUND_APPROVE','BEER_ENTRY','IT416545c05004-E-75894252','{\"reason\":\"\",\"action\":\"受理退款\"}','2026-06-13 10:06:17'),(69,1,'ENTRY_REFUND_SUCCESS','BEER_ENTRY','IT416545c05004-E-75894252','{\"reason\":\"\",\"action\":\"退款完成\"}','2026-06-13 10:06:18'),(70,1,'ENTRY_REFUND_APPROVE','BEER_ENTRY','IT351688d0c0c9-E-637165631','{\"action\":\"受理退款\",\"reason\":\"\"}','2026-06-13 14:51:14'),(71,1,'ENTRY_REFUND_SUCCESS','BEER_ENTRY','IT351688d0c0c9-E-637165631','{\"action\":\"退款完成\",\"reason\":\"\"}','2026-06-13 14:51:14'),(72,1,'ENTRY_REFUND_APPROVE','BEER_ENTRY','IT58e4fb906c5e-E-1897108589','{\"action\":\"受理退款\",\"reason\":\"\"}','2026-06-13 14:52:03'),(73,1,'ENTRY_REFUND_SUCCESS','BEER_ENTRY','IT58e4fb906c5e-E-1897108589','{\"action\":\"退款完成\",\"reason\":\"\"}','2026-06-13 14:52:03'),(74,1,'ENTRY_BANK_TRANSFER_CONFIRM','BEER_ENTRY','IT0baaee3d3ded-E-1393407486','银行转账确认到账','2026-06-13 17:11:06'),(75,1,'ENTRY_BANK_TRANSFER_CONFIRM','BEER_ENTRY','IT0baaee3d3ded-E-1393407485','银行转账确认到账','2026-06-13 17:11:06'),(76,1,'ENTRY_BANK_TRANSFER_REJECT','BEER_ENTRY','IT6c8b36a2b168-E-1806126240','银行转账被驳回','2026-06-13 17:11:06'),(77,1,'ENTRY_REFUND_APPROVE','BEER_ENTRY','IT7a6efffa1e80-E-773407221','{\"reason\":\"\",\"action\":\"受理退款\"}','2026-06-13 17:11:07'),(78,1,'ENTRY_REFUND_SUCCESS','BEER_ENTRY','IT7a6efffa1e80-E-773407221','{\"reason\":\"\",\"action\":\"退款完成\"}','2026-06-13 17:11:07'),(79,1,'ENTRY_BANK_TRANSFER_CONFIRM','BEER_ENTRY','IT9fec33752112-E-1006231704','银行转账确认到账','2026-06-13 17:16:31'),(80,1,'ENTRY_BANK_TRANSFER_CONFIRM','BEER_ENTRY','IT9fec33752112-E-1006231705','银行转账确认到账','2026-06-13 17:16:31'),(81,1,'ENTRY_BANK_TRANSFER_REJECT','BEER_ENTRY','IT482c1bf09a32-E-23198629','银行转账被驳回','2026-06-13 17:16:32'),(82,1,'ENTRY_REFUND_APPROVE','BEER_ENTRY','ITef27fbbec769-E-1435645337','{\"reason\":\"\",\"action\":\"受理退款\"}','2026-06-13 17:16:32'),(83,1,'ENTRY_REFUND_SUCCESS','BEER_ENTRY','ITef27fbbec769-E-1435645337','{\"reason\":\"\",\"action\":\"退款完成\"}','2026-06-13 17:16:32'),(88,1,'ENTRY_BANK_TRANSFER_CONFIRM','BEER_ENTRY','IT19b302f4723e-E-51763580','银行转账确认到账','2026-06-15 21:49:55'),(89,1,'ENTRY_BANK_TRANSFER_CONFIRM','BEER_ENTRY','IT37973fb2fb8b-E-817399199','银行转账确认到账','2026-06-15 21:49:55'),(90,1,'ENTRY_REFUND_APPROVE','BEER_ENTRY','IT37973fb2fb8b-E-817399199','{\"action\":\"受理退款\",\"reason\":\"\"}','2026-06-15 21:49:55'),(91,1,'ENTRY_REFUND_SUCCESS','BEER_ENTRY','IT37973fb2fb8b-E-817399199','{\"action\":\"线下退款完成\",\"reason\":\"\"}','2026-06-15 21:49:55'),(92,1,'ENTRY_BANK_TRANSFER_REJECT','BEER_ENTRY','IT9e88f4c45b1d-E-1592450929','银行转账被驳回','2026-06-15 21:49:56'),(93,1,'ENTRY_BANK_TRANSFER_CONFIRM','BEER_ENTRY','IT44b84edfe0e2-E-1744318415','银行转账确认到账','2026-06-15 21:51:45'),(94,1,'ENTRY_BANK_TRANSFER_CONFIRM','BEER_ENTRY','ITb546a86024d5-E-878050195','银行转账确认到账','2026-06-15 21:51:45'),(95,1,'ENTRY_REFUND_APPROVE','BEER_ENTRY','ITb546a86024d5-E-878050195','{\"reason\":\"\",\"action\":\"受理退款\"}','2026-06-15 21:51:45'),(96,1,'ENTRY_REFUND_SUCCESS','BEER_ENTRY','ITb546a86024d5-E-878050195','{\"reason\":\"\",\"action\":\"线下退款完成\"}','2026-06-15 21:51:45'),(97,1,'ENTRY_BANK_TRANSFER_REJECT','BEER_ENTRY','IT4acb44051563-E-510300694','银行转账被驳回','2026-06-15 21:51:46'),(111,1,'ENTRY_BANK_TRANSFER_CONFIRM','BEER_ENTRY','IT98c63823a753-E-598268890','银行转账确认到账','2026-06-17 11:11:32'),(112,1,'ENTRY_BANK_TRANSFER_CONFIRM','BEER_ENTRY','IT28d31a7d947a-E-1343598763','银行转账确认到账','2026-06-17 11:11:33'),(113,1,'ENTRY_REFUND_APPROVE','BEER_ENTRY','IT28d31a7d947a-E-1343598763','{\"action\":\"受理退款\",\"reason\":\"\"}','2026-06-17 11:11:32'),(114,1,'ENTRY_REFUND_SUCCESS','BEER_ENTRY','IT28d31a7d947a-E-1343598763','{\"action\":\"线下退款完成\",\"reason\":\"\"}','2026-06-17 11:11:32'),(115,1,'ENTRY_BANK_TRANSFER_REJECT','BEER_ENTRY','IT3abf8bc28349-E-7804401','银行转账被驳回','2026-06-17 11:11:33'),(118,1,'ENTRY_REFUND_APPROVE','BEER_ENTRY','IT45cb174292e6-E-913575591','{\"action\":\"受理退款\",\"reason\":\"\"}','2026-06-17 11:11:34'),(119,1,'ENTRY_REFUND_SUCCESS','BEER_ENTRY','IT45cb174292e6-E-913575591','{\"action\":\"线下退款完成\",\"reason\":\"\"}','2026-06-17 11:11:34'),(123,1,'ENTRY_BANK_TRANSFER_CONFIRM','BEER_ENTRY','IT2c0e1ce2dca1-E-353069474','银行转账确认到账','2026-06-17 12:07:15'),(124,1,'ENTRY_BANK_TRANSFER_CONFIRM','BEER_ENTRY','IT0362e623279b-E-1309110291','银行转账确认到账','2026-06-17 12:07:16'),(125,1,'ENTRY_REFUND_APPROVE','BEER_ENTRY','IT0362e623279b-E-1309110291','{\"action\":\"受理退款\",\"reason\":\"\"}','2026-06-17 12:07:15'),(126,1,'ENTRY_REFUND_SUCCESS','BEER_ENTRY','IT0362e623279b-E-1309110291','{\"action\":\"线下退款完成\",\"reason\":\"\"}','2026-06-17 12:07:15'),(127,1,'ENTRY_BANK_TRANSFER_REJECT','BEER_ENTRY','ITed0fa3a2babf-E-1239556703','银行转账被驳回','2026-06-17 12:07:16'),(130,1,'ENTRY_REFUND_APPROVE','BEER_ENTRY','IT4b79ed3e90d9-E-1984795512','{\"action\":\"受理退款\",\"reason\":\"\"}','2026-06-17 12:07:17'),(131,1,'ENTRY_REFUND_SUCCESS','BEER_ENTRY','IT4b79ed3e90d9-E-1984795512','{\"action\":\"线下退款完成\",\"reason\":\"\"}','2026-06-17 12:07:17'),(137,1,'ENTRY_BANK_TRANSFER_CONFIRM','BEER_ENTRY','IT49609e42d25d-E-1134843148','银行转账确认到账','2026-06-17 12:08:25'),(138,1,'ENTRY_BANK_TRANSFER_CONFIRM','BEER_ENTRY','IT6226af70433f-E-373579972','银行转账确认到账','2026-06-17 12:08:26'),(139,1,'ENTRY_REFUND_APPROVE','BEER_ENTRY','IT6226af70433f-E-373579972','{\"reason\":\"\",\"action\":\"受理退款\"}','2026-06-17 12:08:25'),(140,1,'ENTRY_REFUND_SUCCESS','BEER_ENTRY','IT6226af70433f-E-373579972','{\"reason\":\"\",\"action\":\"线下退款完成\"}','2026-06-17 12:08:25'),(141,1,'ENTRY_BANK_TRANSFER_REJECT','BEER_ENTRY','ITcee7b9d9f73e-E-507937671','银行转账被驳回','2026-06-17 12:08:26'),(144,1,'ENTRY_REFUND_APPROVE','BEER_ENTRY','IT5bb26c41b8dd-E-418647128','{\"reason\":\"\",\"action\":\"受理退款\"}','2026-06-17 12:08:26'),(145,1,'ENTRY_REFUND_SUCCESS','BEER_ENTRY','IT5bb26c41b8dd-E-418647128','{\"reason\":\"\",\"action\":\"线下退款完成\"}','2026-06-17 12:08:26'),(149,1,'ENTRY_BANK_TRANSFER_CONFIRM','BEER_ENTRY','IT8e2517064ec6-E-213589554','银行转账确认到账','2026-06-17 15:45:27'),(150,1,'ENTRY_BANK_TRANSFER_CONFIRM','BEER_ENTRY','IT609b83d95ff8-E-157410090','银行转账确认到账','2026-06-17 15:45:27'),(151,1,'ENTRY_REFUND_APPROVE','BEER_ENTRY','IT609b83d95ff8-E-157410090','{\"action\":\"受理退款\",\"reason\":\"\"}','2026-06-17 15:45:26'),(152,1,'ENTRY_REFUND_SUCCESS','BEER_ENTRY','IT609b83d95ff8-E-157410090','{\"action\":\"线下退款完成\",\"reason\":\"\"}','2026-06-17 15:45:26'),(153,1,'ENTRY_BANK_TRANSFER_REJECT','BEER_ENTRY','IT8c4b105600eb-E-1292758246','银行转账被驳回','2026-06-17 15:45:27'),(156,1,'ENTRY_REFUND_APPROVE','BEER_ENTRY','IT35586a55b7af-E-487944725','{\"action\":\"受理退款\",\"reason\":\"\"}','2026-06-17 15:45:28'),(157,1,'ENTRY_REFUND_SUCCESS','BEER_ENTRY','IT35586a55b7af-E-487944725','{\"action\":\"线下退款完成\",\"reason\":\"\"}','2026-06-17 15:45:28'),(161,1,'ENTRY_BANK_TRANSFER_CONFIRM','BEER_ENTRY','IT7ae817d9175d-E-1128717541','银行转账确认到账','2026-06-17 17:30:45'),(162,1,'ENTRY_BANK_TRANSFER_CONFIRM','BEER_ENTRY','IT10742e16471e-E-796135681','银行转账确认到账','2026-06-17 17:30:45'),(163,1,'ENTRY_REFUND_APPROVE','BEER_ENTRY','IT10742e16471e-E-796135681','{\"reason\":\"\",\"action\":\"受理退款\"}','2026-06-17 17:30:45'),(164,1,'ENTRY_REFUND_SUCCESS','BEER_ENTRY','IT10742e16471e-E-796135681','{\"reason\":\"\",\"action\":\"线下退款完成\"}','2026-06-17 17:30:45'),(165,1,'ENTRY_BANK_TRANSFER_REJECT','BEER_ENTRY','IT1a52a52169c2-E-237325770','银行转账被驳回','2026-06-17 17:30:46'),(168,1,'ENTRY_REFUND_APPROVE','BEER_ENTRY','IT78a32f6d47ce-E-703525733','{\"reason\":\"\",\"action\":\"受理退款\"}','2026-06-17 17:30:46'),(169,1,'ENTRY_REFUND_SUCCESS','BEER_ENTRY','IT78a32f6d47ce-E-703525733','{\"reason\":\"\",\"action\":\"线下退款完成\"}','2026-06-17 17:30:46'),(170,1,'COMPETITION_OPEN_REGISTRATION','COMPETITION','481','{\"action\":\"开放报名\",\"fromStatus\":\"DRAFT\",\"toStatus\":\"REGISTRATION_OPEN\",\"reason\":null,\"oldRegistrationDeadline\":null,\"newRegistrationDeadline\":\"2026-07-30 18:00:00\"}','2026-06-17 18:23:45'),(171,1,'JUDGE_ASSIGNMENT_UPDATE','JUDGE','COMP-481','整体保存评审编排，人数 0','2026-06-17 19:38:44'),(172,1,'JUDGE_ASSIGNMENT_UPDATE','JUDGE','COMP-481','整体保存评审编排，人数 0','2026-06-17 19:44:05'),(173,1,'JUDGE_ASSIGNMENT_UPDATE','JUDGE','COMP-481','整体保存评审编排，人数 0','2026-06-17 19:44:28'),(174,1,'JUDGE_ASSIGNMENT_UPDATE','JUDGE','COMP-481','整体保存评审编排，人数 0','2026-06-17 19:44:29'),(175,1,'ENTRY_BANK_TRANSFER_CONFIRM','BEER_ENTRY','BE-3EA16C9B2C19','银行转账确认到账','2026-06-17 21:34:24'),(176,1,'ENTRY_MARK_STORED','BEER_ENTRY','BE-3EA16C9B2C19','{\"action\":\"确认入库\",\"reason\":\"\"}','2026-06-17 21:50:10'),(177,1,'ENTRY_BANK_TRANSFER_CONFIRM','BEER_ENTRY','ITc501b19d75a9-E-1966488337','银行转账确认到账','2026-06-17 21:50:44'),(178,1,'ENTRY_BANK_TRANSFER_CONFIRM','BEER_ENTRY','ITee45d9126599-E-1077926550','银行转账确认到账','2026-06-17 21:50:45'),(179,1,'ENTRY_REFUND_APPROVE','BEER_ENTRY','ITee45d9126599-E-1077926550','{\"action\":\"受理退款\",\"reason\":\"\"}','2026-06-17 21:50:44'),(180,1,'ENTRY_REFUND_SUCCESS','BEER_ENTRY','ITee45d9126599-E-1077926550','{\"action\":\"线下退款完成\",\"reason\":\"\"}','2026-06-17 21:50:44'),(181,1,'ENTRY_BANK_TRANSFER_REJECT','BEER_ENTRY','IT17e93876382d-E-1129213223','银行转账被驳回','2026-06-17 21:50:45'),(182,1,'ENTRY_BANK_TRANSFER_CONFIRM','BEER_ENTRY','IT7cc4e444347a-E-871921157','银行转账确认到账','2026-06-17 21:51:51'),(183,1,'ENTRY_BANK_TRANSFER_CONFIRM','BEER_ENTRY','IT7b160a18e0a1-E-743829239','银行转账确认到账','2026-06-17 21:51:51'),(184,1,'ENTRY_REFUND_APPROVE','BEER_ENTRY','IT7b160a18e0a1-E-743829239','{\"action\":\"受理退款\",\"reason\":\"\"}','2026-06-17 21:51:51'),(185,1,'ENTRY_REFUND_SUCCESS','BEER_ENTRY','IT7b160a18e0a1-E-743829239','{\"action\":\"线下退款完成\",\"reason\":\"\"}','2026-06-17 21:51:51'),(186,1,'ENTRY_BANK_TRANSFER_REJECT','BEER_ENTRY','ITd57c302b4324-E-1698830385','银行转账被驳回','2026-06-17 21:51:51'),(187,979,'ENTRY_PORTAL_CANCEL','BEER_ENTRY','ITa53ed9b10b1d-E-2078275755','厂商取消报名','2026-06-17 21:59:01'),(188,1,'ENTRY_BANK_TRANSFER_CONFIRM','BEER_ENTRY','IT1d8848a75631-E-1933163418','银行转账确认到账','2026-06-17 21:59:01'),(189,1,'ENTRY_BANK_TRANSFER_CONFIRM','BEER_ENTRY','ITc5cadbcbd105-E-457633619','银行转账确认到账','2026-06-17 21:59:02'),(190,1,'ENTRY_REFUND_APPROVE','BEER_ENTRY','ITc5cadbcbd105-E-457633619','{\"action\":\"受理退款\",\"reason\":\"\"}','2026-06-17 21:59:01'),(191,1,'ENTRY_REFUND_SUCCESS','BEER_ENTRY','ITc5cadbcbd105-E-457633619','{\"action\":\"线下退款完成\",\"reason\":\"\"}','2026-06-17 21:59:01'),(192,1,'ENTRY_BANK_TRANSFER_REJECT','BEER_ENTRY','ITcd05b2d744e1-E-815422439','银行转账被驳回','2026-06-17 21:59:02'),(193,995,'ENTRY_PORTAL_CANCEL','BEER_ENTRY','ITb89425a6fb66-E-285953867','厂商取消报名','2026-06-17 22:01:38'),(194,1,'ENTRY_BANK_TRANSFER_CONFIRM','BEER_ENTRY','IT5d738b606207-E-1186161440','银行转账确认到账','2026-06-17 22:01:39'),(195,1,'ENTRY_BANK_TRANSFER_CONFIRM','BEER_ENTRY','ITd8b473a5fdb1-E-2089688407','银行转账确认到账','2026-06-17 22:01:39'),(196,1,'ENTRY_REFUND_APPROVE','BEER_ENTRY','ITd8b473a5fdb1-E-2089688407','{\"action\":\"受理退款\",\"reason\":\"\"}','2026-06-17 22:01:39'),(197,1,'ENTRY_REFUND_SUCCESS','BEER_ENTRY','ITd8b473a5fdb1-E-2089688407','{\"action\":\"线下退款完成\",\"reason\":\"\"}','2026-06-17 22:01:39'),(198,1,'ENTRY_BANK_TRANSFER_REJECT','BEER_ENTRY','ITdce4fc85bbbe-E-1602062543','银行转账被驳回','2026-06-17 22:01:39'),(199,1,'ENTRY_PORTAL_CANCEL','BEER_ENTRY','BE-6C9849C76F73','厂商取消报名','2026-06-17 22:07:27'),(200,1,'ENTRY_PORTAL_CANCEL','BEER_ENTRY','BE-82AFC7533794','厂商取消报名','2026-06-17 22:10:57'),(201,1,'ENTRY_MARK_STORED','BEER_ENTRY','BE-1A41FA232A0B','{\"action\":\"确认入库\",\"reason\":\"\"}','2026-06-17 22:11:15'),(202,1,'ENTRY_MARK_STORED','BEER_ENTRY','BE-6C6D40D5753E','{\"action\":\"确认入库\",\"reason\":\"\"}','2026-06-17 22:15:27'),(203,1,'ENTRY_MARK_STORED','BEER_ENTRY','BE-00AADE415DA6','{\"action\":\"确认入库\",\"reason\":\"\"}','2026-06-17 22:16:19'),(204,1,'COMPETITION_CLOSE_REGISTRATION','COMPETITION','481','{\"action\":\"截止报名\",\"fromStatus\":\"REGISTRATION_OPEN\",\"toStatus\":\"REGISTRATION_CLOSED\",\"reason\":null,\"oldRegistrationDeadline\":\"2026-07-30 18:00:00\",\"newRegistrationDeadline\":\"2026-07-30 18:00:00\"}','2026-06-17 22:17:50'),(205,1,'COMPETITION_PREPARE_JUDGING','COMPETITION','481','{\"action\":\"进入评审准备\",\"fromStatus\":\"REGISTRATION_CLOSED\",\"toStatus\":\"JUDGING_PREP\",\"reason\":null,\"oldRegistrationDeadline\":\"2026-07-30 18:00:00\",\"newRegistrationDeadline\":\"2026-07-30 18:00:00\"}','2026-06-17 22:21:39'),(209,1011,'ENTRY_PORTAL_CANCEL','BEER_ENTRY','IT94d18f0c1bee-E-2084426848','厂商取消报名','2026-06-17 22:56:30'),(210,1,'ENTRY_BANK_TRANSFER_CONFIRM','BEER_ENTRY','ITec868c31307b-E-1668448069','银行转账确认到账','2026-06-17 22:56:31'),(211,1,'ENTRY_BANK_TRANSFER_CONFIRM','BEER_ENTRY','IT5b6d0c9ebaa4-E-1532377504','银行转账确认到账','2026-06-17 22:56:31'),(212,1,'ENTRY_REFUND_APPROVE','BEER_ENTRY','IT5b6d0c9ebaa4-E-1532377504','{\"reason\":\"\",\"action\":\"受理退款\"}','2026-06-17 22:56:30'),(213,1,'ENTRY_REFUND_SUCCESS','BEER_ENTRY','IT5b6d0c9ebaa4-E-1532377504','{\"reason\":\"\",\"action\":\"线下退款完成\"}','2026-06-17 22:56:30'),(214,1,'ENTRY_BANK_TRANSFER_REJECT','BEER_ENTRY','IT7b6aab617616-E-196297850','银行转账被驳回','2026-06-17 22:56:31'),(217,1,'ENTRY_REFUND_APPROVE','BEER_ENTRY','IT30d68858ceac-E-752625439','{\"reason\":\"\",\"action\":\"受理退款\"}','2026-06-17 22:56:32'),(218,1,'ENTRY_REFUND_SUCCESS','BEER_ENTRY','IT30d68858ceac-E-752625439','{\"reason\":\"\",\"action\":\"线下退款完成\"}','2026-06-17 22:56:32'),(222,1,'ADMIN_USER_CREATE','ADMIN_USER','43','新增管理员账号：TianCheng','2026-06-17 23:57:25'),(226,1085,'ENTRY_PORTAL_CANCEL','BEER_ENTRY','ITe7b01f6fc3fc-E-1116407272','厂商取消报名','2026-06-18 10:38:29'),(227,1,'ENTRY_BANK_TRANSFER_CONFIRM','BEER_ENTRY','IT1a20347896ae-E-1654965185','银行转账确认到账','2026-06-18 10:38:30'),(228,1,'ENTRY_BANK_TRANSFER_CONFIRM','BEER_ENTRY','IT47d296124507-E-1273979221','银行转账确认到账','2026-06-18 10:38:30'),(229,1,'ENTRY_REFUND_APPROVE','BEER_ENTRY','IT47d296124507-E-1273979221','{\"action\":\"受理退款\",\"reason\":\"\"}','2026-06-18 10:38:30'),(230,1,'ENTRY_REFUND_SUCCESS','BEER_ENTRY','IT47d296124507-E-1273979221','{\"action\":\"线下退款完成\",\"reason\":\"\"}','2026-06-18 10:38:30'),(231,1,'ENTRY_BANK_TRANSFER_REJECT','BEER_ENTRY','ITd6cfcf939cc8-E-1894084203','银行转账被驳回','2026-06-18 10:38:30'),(234,1,'ENTRY_REFUND_APPROVE','BEER_ENTRY','IT019a8005cc4e-E-936480926','{\"action\":\"受理退款\",\"reason\":\"\"}','2026-06-18 10:38:31'),(235,1,'ENTRY_REFUND_SUCCESS','BEER_ENTRY','IT019a8005cc4e-E-936480926','{\"action\":\"线下退款完成\",\"reason\":\"\"}','2026-06-18 10:38:31'),(239,1149,'ENTRY_PORTAL_CANCEL','BEER_ENTRY','IT8dafaea84a19-E-478646489','厂商取消报名','2026-06-18 10:40:05'),(240,1,'ENTRY_BANK_TRANSFER_CONFIRM','BEER_ENTRY','IT7f2f623d5639-E-1695635781','银行转账确认到账','2026-06-18 10:40:06'),(241,1,'ENTRY_BANK_TRANSFER_CONFIRM','BEER_ENTRY','IT6f4dde5c303a-E-1965891762','银行转账确认到账','2026-06-18 10:40:06'),(242,1,'ENTRY_REFUND_APPROVE','BEER_ENTRY','IT6f4dde5c303a-E-1965891762','{\"reason\":\"\",\"action\":\"受理退款\"}','2026-06-18 10:40:05'),(243,1,'ENTRY_REFUND_SUCCESS','BEER_ENTRY','IT6f4dde5c303a-E-1965891762','{\"reason\":\"\",\"action\":\"线下退款完成\"}','2026-06-18 10:40:05'),(244,1,'ENTRY_BANK_TRANSFER_REJECT','BEER_ENTRY','IT2cfecd3df3e6-E-1577919420','银行转账被驳回','2026-06-18 10:40:06'),(247,1,'ENTRY_REFUND_APPROVE','BEER_ENTRY','IT0040cecd20b5-E-1060022619','{\"reason\":\"\",\"action\":\"受理退款\"}','2026-06-18 10:40:07'),(248,1,'ENTRY_REFUND_SUCCESS','BEER_ENTRY','IT0040cecd20b5-E-1060022619','{\"reason\":\"\",\"action\":\"线下退款完成\"}','2026-06-18 10:40:07');
/*!40000 ALTER TABLE `admin_operation_log` ENABLE KEYS */;
UNLOCK TABLES;

--
-- Table structure for table `admin_user`
--

DROP TABLE IF EXISTS `admin_user`;
/*!40101 SET @saved_cs_client     = @@character_set_client */;
/*!50503 SET character_set_client = utf8mb4 */;
CREATE TABLE `admin_user` (
  `id` bigint NOT NULL AUTO_INCREMENT COMMENT '主键ID',
  `username` varchar(64) NOT NULL COMMENT '登录用户名',
  `password` varchar(64) NOT NULL COMMENT '登录密码哈希',
  `name` varchar(64) NOT NULL COMMENT '管理员姓名',
  `status` tinyint NOT NULL DEFAULT '1' COMMENT '状态',
  `create_time` datetime NOT NULL DEFAULT CURRENT_TIMESTAMP COMMENT '创建时间',
  `update_time` datetime NOT NULL DEFAULT CURRENT_TIMESTAMP ON UPDATE CURRENT_TIMESTAMP COMMENT '更新时间',
  PRIMARY KEY (`id`),
  UNIQUE KEY `uk_admin_user_username` (`username`)
) ENGINE=InnoDB AUTO_INCREMENT=55 DEFAULT CHARSET=utf8mb4 COLLATE=utf8mb4_0900_ai_ci COMMENT='后台管理员账号表';
/*!40101 SET character_set_client = @saved_cs_client */;

--
-- Dumping data for table `admin_user`
--

LOCK TABLES `admin_user` WRITE;
/*!40000 ALTER TABLE `admin_user` DISABLE KEYS */;
INSERT INTO `admin_user` VALUES (1,'admin','e10adc3949ba59abbe56e057f20f883e','?????',1,'2026-06-02 21:39:35','2026-06-02 21:39:35'),(43,'TianCheng','87830fa13a49597b6cbd164f4b92e5c8','tiancheng',1,'2026-06-17 23:57:25','2026-06-17 23:57:25');
/*!40000 ALTER TABLE `admin_user` ENABLE KEYS */;
UNLOCK TABLES;

--
-- Table structure for table `award_result`
--

DROP TABLE IF EXISTS `award_result`;
/*!40101 SET @saved_cs_client     = @@character_set_client */;
/*!50503 SET character_set_client = utf8mb4 */;
CREATE TABLE `award_result` (
  `id` bigint NOT NULL AUTO_INCREMENT COMMENT '主键ID',
  `competition_id` bigint NOT NULL COMMENT '所属比赛ID',
  `category_id` bigint DEFAULT NULL COMMENT '投递组别ID',
  `category_key` bigint GENERATED ALWAYS AS (coalesce(`category_id`,0)) STORED COMMENT '用于同一奖项槽位唯一约束的组别键',
  `beer_entry_id` bigint NOT NULL COMMENT '参赛酒款ID',
  `award_rule_id` bigint DEFAULT NULL COMMENT '奖项规则ID',
  `award_type` varchar(32) NOT NULL COMMENT '奖项类型',
  `award_name` varchar(64) NOT NULL COMMENT '奖项名称',
  `rank_no` int DEFAULT NULL COMMENT '名次',
  `source_round_id` bigint DEFAULT NULL COMMENT '来源轮次ID',
  `source_round_table_id` bigint DEFAULT NULL COMMENT '来源评审桌ID',
  `source_result_id` bigint DEFAULT NULL COMMENT '来源结果ID',
  `champion_flag` tinyint NOT NULL DEFAULT '0' COMMENT '是否冠军奖项',
  `confirmed_by` bigint DEFAULT NULL COMMENT '确认奖项的管理员ID',
  `confirmed_time` datetime DEFAULT NULL COMMENT '确认时间',
  `published_time` datetime DEFAULT NULL COMMENT '发布时间',
  `certificate_asset_id` bigint DEFAULT NULL COMMENT '证书文件ID',
  `certificate_uploaded_at` datetime DEFAULT NULL COMMENT '证书上传时间',
  `certificate_filename` varchar(255) DEFAULT NULL COMMENT '证书文件名',
  `status` varchar(32) NOT NULL COMMENT '状态',
  `create_time` datetime NOT NULL DEFAULT CURRENT_TIMESTAMP COMMENT '创建时间',
  `update_time` datetime NOT NULL DEFAULT CURRENT_TIMESTAMP ON UPDATE CURRENT_TIMESTAMP COMMENT '更新时间',
  PRIMARY KEY (`id`),
  UNIQUE KEY `uk_award_result_slot` (`competition_id`,`category_key`,`award_type`,`rank_no`,`status`),
  KEY `idx_award_result_entry` (`beer_entry_id`),
  KEY `idx_award_result_competition` (`competition_id`),
  KEY `idx_award_result_source` (`source_result_id`),
  KEY `idx_award_result_certificate_asset` (`certificate_asset_id`)
) ENGINE=InnoDB AUTO_INCREMENT=138 DEFAULT CHARSET=utf8mb4 COLLATE=utf8mb4_0900_ai_ci COMMENT='比赛奖项结果表';
/*!40101 SET character_set_client = @saved_cs_client */;

--
-- Dumping data for table `award_result`
--

LOCK TABLES `award_result` WRITE;
/*!40000 ALTER TABLE `award_result` DISABLE KEYS */;
INSERT INTO `award_result` (`id`, `competition_id`, `category_id`, `beer_entry_id`, `award_rule_id`, `award_type`, `award_name`, `rank_no`, `source_round_id`, `source_round_table_id`, `source_result_id`, `champion_flag`, `confirmed_by`, `confirmed_time`, `published_time`, `certificate_asset_id`, `certificate_uploaded_at`, `certificate_filename`, `status`, `create_time`, `update_time`) VALUES (29,4,NULL,63,27,'CHAMPION','总冠军',1,11,34,53,1,1,'2026-06-06 00:15:42','2026-06-06 09:42:48',NULL,NULL,NULL,'PUBLISHED','2026-06-06 00:15:41','2026-06-06 00:15:41'),(30,4,12,63,21,'MEDAL','金奖',1,10,31,47,0,1,'2026-06-06 00:15:42','2026-06-06 09:42:48',NULL,NULL,NULL,'PUBLISHED','2026-06-06 00:15:41','2026-06-06 00:15:41'),(31,4,12,41001,22,'MEDAL','银奖',2,10,31,48,0,1,'2026-06-06 00:15:42','2026-06-06 09:42:48',NULL,NULL,NULL,'PUBLISHED','2026-06-06 00:15:41','2026-06-06 00:15:41'),(32,4,12,41004,23,'MEDAL','铜奖',3,10,31,49,0,1,'2026-06-06 00:15:42','2026-06-06 09:42:48',NULL,NULL,NULL,'PUBLISHED','2026-06-06 00:15:41','2026-06-06 00:15:41'),(33,4,13,41006,24,'MEDAL','金奖',1,10,32,50,0,1,'2026-06-06 00:15:42','2026-06-06 09:42:48',NULL,NULL,NULL,'PUBLISHED','2026-06-06 00:15:41','2026-06-06 00:15:41'),(34,4,13,41009,25,'MEDAL','银奖',2,10,32,51,0,1,'2026-06-06 00:15:42','2026-06-06 09:42:48',NULL,NULL,NULL,'PUBLISHED','2026-06-06 00:15:41','2026-06-06 00:15:41'),(35,4,13,41007,26,'MEDAL','铜奖',3,10,32,52,0,1,'2026-06-06 00:15:42','2026-06-06 09:42:48',NULL,NULL,NULL,'PUBLISHED','2026-06-06 00:15:41','2026-06-06 00:15:41'),(41,7,NULL,41024,51,'CHAMPION','总冠军',1,16,137,83,1,1,'2026-06-11 00:09:54','2026-06-11 00:10:04',NULL,NULL,NULL,'PUBLISHED','2026-06-11 00:09:53','2026-06-11 00:09:53'),(42,7,19,41024,45,'MEDAL','金奖',1,15,133,78,0,1,'2026-06-11 00:09:54','2026-06-11 00:10:04',NULL,NULL,NULL,'PUBLISHED','2026-06-11 00:09:53','2026-06-11 00:09:53'),(43,7,19,41023,46,'MEDAL','银奖',2,15,133,79,0,1,'2026-06-11 00:09:54','2026-06-11 00:10:04',NULL,NULL,NULL,'PUBLISHED','2026-06-11 00:09:53','2026-06-11 00:09:53'),(44,7,19,41020,47,'MEDAL','铜奖',3,15,133,80,0,1,'2026-06-11 00:09:54','2026-06-11 00:10:04',NULL,NULL,NULL,'PUBLISHED','2026-06-11 00:09:53','2026-06-11 00:09:53'),(45,7,20,41026,48,'MEDAL','金奖',1,15,134,82,0,1,'2026-06-11 00:09:54','2026-06-11 00:10:04',NULL,NULL,NULL,'PUBLISHED','2026-06-11 00:09:53','2026-06-11 00:09:53');
/*!40000 ALTER TABLE `award_result` ENABLE KEYS */;
UNLOCK TABLES;

--
-- Table structure for table `award_rule`
--

DROP TABLE IF EXISTS `award_rule`;
/*!40101 SET @saved_cs_client     = @@character_set_client */;
/*!50503 SET character_set_client = utf8mb4 */;
CREATE TABLE `award_rule` (
  `id` bigint NOT NULL AUTO_INCREMENT COMMENT '主键ID',
  `competition_id` bigint NOT NULL COMMENT '所属比赛ID',
  `category_id` bigint DEFAULT NULL COMMENT '投递组别ID',
  `category_key` bigint GENERATED ALWAYS AS (coalesce(`category_id`,0)) STORED COMMENT '用于同一奖项规则唯一约束的组别键',
  `award_type` varchar(32) NOT NULL COMMENT '奖项类型',
  `award_name` varchar(64) NOT NULL COMMENT '奖项名称',
  `rank_no` int DEFAULT NULL COMMENT '名次',
  `enabled_flag` tinyint NOT NULL DEFAULT '1' COMMENT '是否启用',
  `sort_order` int NOT NULL DEFAULT '0' COMMENT '展示排序',
  `create_time` datetime NOT NULL DEFAULT CURRENT_TIMESTAMP COMMENT '创建时间',
  `update_time` datetime NOT NULL DEFAULT CURRENT_TIMESTAMP ON UPDATE CURRENT_TIMESTAMP COMMENT '更新时间',
  PRIMARY KEY (`id`),
  UNIQUE KEY `uk_award_rule_slot` (`competition_id`,`category_key`,`award_type`,`rank_no`),
  KEY `idx_award_rule_competition` (`competition_id`),
  KEY `idx_award_rule_category` (`category_id`)
) ENGINE=InnoDB AUTO_INCREMENT=239 DEFAULT CHARSET=utf8mb4 COLLATE=utf8mb4_0900_ai_ci COMMENT='比赛奖项规则表';
/*!40101 SET character_set_client = @saved_cs_client */;

--
-- Dumping data for table `award_rule`
--

LOCK TABLES `award_rule` WRITE;
/*!40000 ALTER TABLE `award_rule` DISABLE KEYS */;
INSERT INTO `award_rule` (`id`, `competition_id`, `category_id`, `award_type`, `award_name`, `rank_no`, `enabled_flag`, `sort_order`, `create_time`, `update_time`) VALUES (1,3,9,'MEDAL','金奖',1,1,1,'2026-06-04 10:38:13','2026-06-04 10:38:13'),(2,3,9,'MEDAL','银奖',2,1,2,'2026-06-04 10:38:13','2026-06-04 10:38:13'),(3,3,9,'MEDAL','铜奖',3,1,3,'2026-06-04 10:38:13','2026-06-04 10:38:13'),(4,3,10,'MEDAL','金奖',1,1,11,'2026-06-04 10:38:13','2026-06-04 10:38:13'),(5,3,10,'MEDAL','银奖',2,1,12,'2026-06-04 10:38:13','2026-06-04 10:38:13'),(6,3,10,'MEDAL','铜奖',3,1,13,'2026-06-04 10:38:13','2026-06-04 10:38:13'),(7,3,11,'MEDAL','金奖',1,1,21,'2026-06-04 10:38:13','2026-06-04 10:38:13'),(8,3,11,'MEDAL','银奖',2,1,22,'2026-06-04 10:38:13','2026-06-04 10:38:13'),(9,3,11,'MEDAL','铜奖',3,1,23,'2026-06-04 10:38:13','2026-06-04 10:38:13'),(10,3,NULL,'CHAMPION','总冠军',1,1,9999,'2026-06-04 10:38:13','2026-06-04 10:38:13'),(11,2,6,'MEDAL','金奖',1,1,1,'2026-06-04 10:38:13','2026-06-04 10:38:13'),(12,2,6,'MEDAL','银奖',2,1,2,'2026-06-04 10:38:13','2026-06-04 10:38:13'),(13,2,6,'MEDAL','铜奖',3,1,3,'2026-06-04 10:38:13','2026-06-04 10:38:13'),(14,2,7,'MEDAL','金奖',1,1,11,'2026-06-04 10:38:13','2026-06-04 10:38:13'),(15,2,7,'MEDAL','银奖',2,1,12,'2026-06-04 10:38:13','2026-06-04 10:38:13'),(16,2,7,'MEDAL','铜奖',3,1,13,'2026-06-04 10:38:13','2026-06-04 10:38:13'),(17,2,8,'MEDAL','金奖',1,1,21,'2026-06-04 10:38:13','2026-06-04 10:38:13'),(18,2,8,'MEDAL','银奖',2,1,22,'2026-06-04 10:38:13','2026-06-04 10:38:13'),(19,2,8,'MEDAL','铜奖',3,1,23,'2026-06-04 10:38:13','2026-06-04 10:38:13'),(20,2,NULL,'CHAMPION','总冠军',1,1,9999,'2026-06-04 10:38:13','2026-06-04 10:38:13'),(21,4,12,'MEDAL','金奖',1,1,1,'2026-06-04 20:47:29','2026-06-04 20:47:29'),(22,4,12,'MEDAL','银奖',2,1,2,'2026-06-04 20:47:29','2026-06-04 20:47:29'),(23,4,12,'MEDAL','铜奖',3,1,3,'2026-06-04 20:47:29','2026-06-04 20:47:29'),(24,4,13,'MEDAL','金奖',1,1,11,'2026-06-04 20:47:29','2026-06-04 20:47:29'),(25,4,13,'MEDAL','银奖',2,1,12,'2026-06-04 20:47:29','2026-06-04 20:47:29'),(26,4,13,'MEDAL','铜奖',3,1,13,'2026-06-04 20:47:29','2026-06-04 20:47:29'),(27,4,NULL,'CHAMPION','总冠军',1,1,9999,'2026-06-04 20:47:29','2026-06-04 20:47:29'),(28,5,14,'MEDAL','金奖',1,1,1,'2026-06-06 13:34:00','2026-06-06 13:34:00'),(29,5,14,'MEDAL','银奖',2,1,2,'2026-06-06 13:34:00','2026-06-06 13:34:00'),(30,5,14,'MEDAL','铜奖',3,1,3,'2026-06-06 13:34:00','2026-06-06 13:34:00'),(31,5,15,'MEDAL','金奖',1,1,11,'2026-06-06 13:34:00','2026-06-06 13:34:00'),(32,5,15,'MEDAL','银奖',2,1,12,'2026-06-06 13:34:00','2026-06-06 13:34:00'),(33,5,15,'MEDAL','铜奖',3,1,13,'2026-06-06 13:34:00','2026-06-06 13:34:00'),(34,5,16,'MEDAL','金奖',1,1,21,'2026-06-06 13:34:00','2026-06-06 13:34:00'),(35,5,16,'MEDAL','银奖',2,1,22,'2026-06-06 13:34:00','2026-06-06 13:34:00'),(36,5,16,'MEDAL','铜奖',3,1,23,'2026-06-06 13:34:00','2026-06-06 13:34:00'),(37,5,NULL,'CHAMPION','总冠军',1,1,9999,'2026-06-06 13:34:00','2026-06-06 13:34:00'),(38,6,17,'MEDAL','金奖',1,1,1,'2026-06-06 14:03:46','2026-06-06 14:03:46'),(39,6,17,'MEDAL','银奖',2,1,2,'2026-06-06 14:03:46','2026-06-06 14:03:46'),(40,6,17,'MEDAL','铜奖',3,1,3,'2026-06-06 14:03:46','2026-06-06 14:03:46'),(41,6,18,'MEDAL','金奖',1,1,11,'2026-06-06 14:03:46','2026-06-06 14:03:46'),(42,6,18,'MEDAL','银奖',2,1,12,'2026-06-06 14:03:46','2026-06-06 14:03:46'),(43,6,18,'MEDAL','铜奖',3,1,13,'2026-06-06 14:03:46','2026-06-06 14:03:46'),(44,6,NULL,'CHAMPION','总冠军',1,1,9999,'2026-06-06 14:03:46','2026-06-06 14:03:46'),(45,7,19,'MEDAL','金奖',1,1,1,'2026-06-09 21:47:16','2026-06-09 21:47:16'),(46,7,19,'MEDAL','银奖',2,1,2,'2026-06-09 21:47:16','2026-06-09 21:47:16'),(47,7,19,'MEDAL','铜奖',3,1,3,'2026-06-09 21:47:16','2026-06-09 21:47:16'),(48,7,20,'MEDAL','金奖',1,1,11,'2026-06-09 21:47:16','2026-06-09 21:47:16'),(49,7,20,'MEDAL','银奖',2,1,12,'2026-06-09 21:47:16','2026-06-09 21:47:16'),(50,7,20,'MEDAL','铜奖',3,1,13,'2026-06-09 21:47:16','2026-06-09 21:47:16'),(51,7,NULL,'CHAMPION','总冠军',1,1,9999,'2026-06-09 21:47:16','2026-06-09 21:47:16'),(196,481,494,'MEDAL','金奖',1,1,1,'2026-06-17 18:20:55','2026-06-17 18:20:55'),(197,481,494,'MEDAL','银奖',2,1,2,'2026-06-17 18:20:55','2026-06-17 18:20:55'),(198,481,494,'MEDAL','铜奖',3,1,3,'2026-06-17 18:20:55','2026-06-17 18:20:55'),(199,481,495,'MEDAL','金奖',1,1,11,'2026-06-17 18:20:55','2026-06-17 18:20:55'),(200,481,495,'MEDAL','银奖',2,1,12,'2026-06-17 18:20:55','2026-06-17 18:20:55'),(201,481,495,'MEDAL','铜奖',3,1,13,'2026-06-17 18:20:55','2026-06-17 18:20:55'),(202,481,NULL,'CHAMPION','总冠军',1,1,9999,'2026-06-17 18:20:55','2026-06-17 18:20:55');
/*!40000 ALTER TABLE `award_rule` ENABLE KEYS */;
UNLOCK TABLES;

--
-- Table structure for table `bank_transfer_payment`
--

DROP TABLE IF EXISTS `bank_transfer_payment`;
/*!40101 SET @saved_cs_client     = @@character_set_client */;
/*!50503 SET character_set_client = utf8mb4 */;
CREATE TABLE `bank_transfer_payment` (
  `id` bigint NOT NULL AUTO_INCREMENT COMMENT '主键ID',
  `transfer_no` varchar(64) NOT NULL COMMENT '银行转账付款单号',
  `brewery_id` bigint NOT NULL COMMENT '厂牌ID',
  `portal_account_id` bigint NOT NULL COMMENT '厂商账号ID',
  `competition_id` bigint NOT NULL COMMENT '所属比赛ID',
  `beer_entry_id` bigint NOT NULL,
  `entry_payment_id` bigint NOT NULL,
  `amount` decimal(10,2) NOT NULL COMMENT '金额',
  `payer_name` varchar(128) DEFAULT NULL COMMENT '付款方名称',
  `transfer_time` datetime NOT NULL COMMENT '银行转账时间',
  `remark` varchar(255) NOT NULL COMMENT '备注',
  `voucher_asset_id` bigint DEFAULT NULL COMMENT '付款凭证文件ID',
  `status` varchar(32) NOT NULL COMMENT '付款单处理状态',
  `admin_id` bigint DEFAULT NULL COMMENT '处理付款单的管理员ID',
  `admin_note` varchar(255) DEFAULT NULL COMMENT '后台处理备注',
  `submitted_time` datetime NOT NULL DEFAULT CURRENT_TIMESTAMP COMMENT '提交时间',
  `processed_time` datetime DEFAULT NULL COMMENT '处理时间',
  `create_time` datetime NOT NULL DEFAULT CURRENT_TIMESTAMP COMMENT '创建时间',
  `update_time` datetime NOT NULL DEFAULT CURRENT_TIMESTAMP ON UPDATE CURRENT_TIMESTAMP COMMENT '更新时间',
  PRIMARY KEY (`id`),
  UNIQUE KEY `uk_bank_transfer_no` (`transfer_no`),
  KEY `idx_bank_transfer_status` (`status`,`submitted_time`),
  KEY `idx_bank_transfer_competition` (`competition_id`,`status`),
  KEY `idx_bank_transfer_brewery` (`brewery_id`,`status`),
  KEY `idx_bank_transfer_voucher_asset` (`voucher_asset_id`),
  KEY `idx_bank_transfer_entry` (`beer_entry_id`),
  KEY `idx_bank_transfer_entry_payment` (`entry_payment_id`)
) ENGINE=InnoDB AUTO_INCREMENT=123 DEFAULT CHARSET=utf8mb4 COLLATE=utf8mb4_0900_ai_ci COMMENT='银行转账付款单表';
/*!40101 SET character_set_client = @saved_cs_client */;

--
-- Dumping data for table `bank_transfer_payment`
--

LOCK TABLES `bank_transfer_payment` WRITE;
/*!40000 ALTER TABLE `bank_transfer_payment` DISABLE KEYS */;
INSERT INTO `bank_transfer_payment` VALUES (69,'BT-44FFA925BFDA4D9EB192E119',1,1,481,42617,42617,0.01,'纸飞机精酿','2026-06-30 00:00:00','已转账',18,'CANCELED',NULL,NULL,'2026-06-17 21:01:46','2026-06-17 21:17:18','2026-06-17 21:01:45','2026-06-17 21:01:45'),(70,'BT-27969F6779084980A5DDC5F1',1,1,481,42617,42617,0.01,'纸飞机精酿','2026-07-22 00:00:00','已转账',NULL,'CONFIRMED',1,NULL,'2026-06-17 21:24:32','2026-06-17 21:34:24','2026-06-17 21:24:32','2026-06-17 21:24:32');
/*!40000 ALTER TABLE `bank_transfer_payment` ENABLE KEYS */;
UNLOCK TABLES;

--
-- Table structure for table `beer_entry`
--

DROP TABLE IF EXISTS `beer_entry`;
/*!40101 SET @saved_cs_client     = @@character_set_client */;
/*!50503 SET character_set_client = utf8mb4 */;
CREATE TABLE `beer_entry` (
  `id` bigint NOT NULL AUTO_INCREMENT COMMENT '主键ID',
  `uuid` varchar(64) NOT NULL COMMENT '参赛酒款公开编号',
  `competition_id` bigint NOT NULL COMMENT '所属比赛ID',
  `brewery_id` bigint NOT NULL COMMENT '厂牌ID',
  `category_id` bigint NOT NULL COMMENT '投递组别ID',
  `name` varchar(128) NOT NULL COMMENT '参赛酒款名称',
  `style` varchar(128) NOT NULL COMMENT '报名选择的基础风格',
  `abv` decimal(4,1) NOT NULL COMMENT '酒精度ABV',
  `extra_fields_json` json DEFAULT NULL COMMENT '补充报名字段快照JSON',
  `status` varchar(32) NOT NULL COMMENT '酒款报名状态',
  `stored_flag` tinyint NOT NULL DEFAULT '0' COMMENT '是否已入库',
  `create_time` datetime NOT NULL DEFAULT CURRENT_TIMESTAMP COMMENT '创建时间',
  `update_time` datetime NOT NULL DEFAULT CURRENT_TIMESTAMP ON UPDATE CURRENT_TIMESTAMP COMMENT '更新时间',
  PRIMARY KEY (`id`),
  UNIQUE KEY `uk_beer_entry_uuid` (`uuid`)
) ENGINE=InnoDB AUTO_INCREMENT=43084 DEFAULT CHARSET=utf8mb4 COLLATE=utf8mb4_0900_ai_ci COMMENT='参赛酒款报名表';
/*!40101 SET character_set_client = @saved_cs_client */;

--
-- Dumping data for table `beer_entry`
--

LOCK TABLES `beer_entry` WRITE;
/*!40000 ALTER TABLE `beer_entry` DISABLE KEYS */;
INSERT INTO `beer_entry` VALUES (1,'BC-2026-IPA-0001',1,1,1,'湾区西海岸 IPA','Double IPA',7.5,'{\"specialIngredients\": \"????\"}','REGISTERED',1,'2026-06-02 21:39:35','2026-06-05 18:10:26'),(2,'BE-2F8002AD684F',2,1,6,'Codex Flow Lager 20260603-accept','Pilsner',5.2,'{\"specialIngredients\": \"none\"}','STORED',1,'2026-06-03 15:27:44','2026-06-03 15:27:44'),(3,'LAGER26-TST-001',2,2,6,'米香晴空皮尔森','German Pils',4.8,'{\"origin\": \"日本\", \"testBatch\": \"lager-2026-60\", \"ingredients\": \"标准拉格原料\"}','PENDING_PAYMENT',0,'2026-06-03 18:36:15','2026-06-03 18:36:15'),(4,'LAGER26-TST-002',2,3,6,'瀬户内盐风拉格','International Pale Lager',4.7,'{\"origin\": \"日本\", \"testBatch\": \"lager-2026-60\", \"ingredients\": \"标准拉格原料\"}','PENDING_PAYMENT',0,'2026-06-03 18:36:15','2026-06-03 18:36:15'),(5,'LAGER26-TST-003',2,4,6,'湘江冷泡皮尔森','Czech Premium Pale Lager',5.0,'{\"origin\": \"日本\", \"testBatch\": \"lager-2026-60\", \"ingredients\": \"标准拉格原料\"}','PENDING_PAYMENT',0,'2026-06-03 18:36:15','2026-06-03 18:36:15'),(6,'LAGER26-TST-004',2,5,6,'富士山麓清拉格','Munich Helles',5.1,'{\"origin\": \"日本\", \"testBatch\": \"lager-2026-60\", \"ingredients\": \"标准拉格原料\"}','PENDING_PAYMENT',0,'2026-06-03 18:36:15','2026-06-03 18:36:15'),(7,'LAGER26-TST-005',2,6,6,'杭州桂花清拉格','Festbier',5.4,'{\"origin\": \"日本\", \"testBatch\": \"lager-2026-60\", \"ingredients\": \"标准拉格原料\"}','PENDING_PAYMENT',0,'2026-06-03 18:36:15','2026-06-03 18:36:15'),(8,'LAGER26-TST-006',2,7,6,'北海道雪融皮尔森','German Pils',4.9,'{\"origin\": \"日本\", \"testBatch\": \"lager-2026-60\", \"ingredients\": \"标准拉格原料\"}','PENDING_PAYMENT',0,'2026-06-03 18:36:15','2026-06-03 18:36:15'),(9,'LAGER26-TST-007',2,8,6,'青岛海岸浅拉格','International Pale Lager',4.6,'{\"origin\": \"日本\", \"testBatch\": \"lager-2026-60\", \"ingredients\": \"标准拉格原料\"}','PENDING_PAYMENT',0,'2026-06-03 18:36:15','2026-06-03 18:36:15'),(10,'LAGER26-TST-008',2,9,6,'京都白檀淡拉格','Munich Helles',5.0,'{\"origin\": \"日本\", \"testBatch\": \"lager-2026-60\", \"ingredients\": \"标准拉格原料\"}','PENDING_PAYMENT',0,'2026-06-03 18:36:15','2026-06-03 18:36:15'),(11,'LAGER26-TST-009',2,10,6,'成都晨雾皮尔森','Czech Premium Pale Lager',5.2,'{\"origin\": \"日本\", \"testBatch\": \"lager-2026-60\", \"ingredients\": \"标准拉格原料\"}','PENDING_PAYMENT',0,'2026-06-03 18:36:15','2026-06-03 18:36:15'),(12,'LAGER26-TST-010',2,11,6,'札幌晨星拉格','German Leichtbier',3.8,'{\"origin\": \"日本\", \"testBatch\": \"lager-2026-60\", \"ingredients\": \"标准拉格原料\"}','PENDING_PAYMENT',0,'2026-06-03 18:36:15','2026-06-03 18:36:15'),(13,'LAGER26-TST-011',2,12,6,'南京雨花浅拉格','International Pale Lager',4.5,'{\"origin\": \"中国\", \"testBatch\": \"lager-2026-60\", \"ingredients\": \"标准拉格原料\"}','PENDING_PAYMENT',0,'2026-06-03 18:36:15','2026-06-03 18:36:15'),(14,'LAGER26-TST-012',2,13,6,'大阪银座皮尔森','German Pils',5.0,'{\"origin\": \"中国\", \"testBatch\": \"lager-2026-60\", \"ingredients\": \"标准拉格原料\"}','PENDING_PAYMENT',0,'2026-06-03 18:36:15','2026-06-03 18:36:15'),(15,'LAGER26-TST-013',2,14,6,'西湖春水拉格','Munich Helles',5.1,'{\"origin\": \"中国\", \"testBatch\": \"lager-2026-60\", \"ingredients\": \"标准拉格原料\"}','REGISTERED',0,'2026-06-03 18:36:15','2026-06-03 18:36:15'),(16,'LAGER26-TST-014',2,15,6,'长野麦田皮尔森','Czech Premium Pale Lager',5.3,'{\"origin\": \"中国\", \"testBatch\": \"lager-2026-60\", \"ingredients\": \"标准拉格原料\"}','REGISTERED',0,'2026-06-03 18:36:15','2026-06-03 18:36:15'),(17,'LAGER26-TST-015',2,16,6,'珠江夜航清拉格','International Pale Lager',4.7,'{\"origin\": \"中国\", \"testBatch\": \"lager-2026-60\", \"ingredients\": \"标准拉格原料\"}','REGISTERED',0,'2026-06-03 18:36:15','2026-06-03 18:36:15'),(18,'LAGER26-TST-016',2,17,6,'奈良若草淡拉格','Munich Helles',5.0,'{\"origin\": \"中国\", \"testBatch\": \"lager-2026-60\", \"ingredients\": \"标准拉格原料\"}','REGISTERED',0,'2026-06-03 18:36:15','2026-06-03 18:36:15'),(19,'LAGER26-TST-017',2,18,6,'雁栖湖皮尔森','German Pils',5.1,'{\"origin\": \"中国\", \"testBatch\": \"lager-2026-60\", \"ingredients\": \"标准拉格原料\"}','REGISTERED',0,'2026-06-03 18:36:15','2026-06-03 18:36:15'),(20,'LAGER26-TST-018',2,19,6,'神户港湾浅拉格','International Pale Lager',4.8,'{\"origin\": \"中国\", \"testBatch\": \"lager-2026-60\", \"ingredients\": \"标准拉格原料\"}','REGISTERED',0,'2026-06-03 18:36:15','2026-06-03 18:36:15'),(21,'LAGER26-TST-019',2,20,6,'苏州稻香拉格','Japanese Rice Lager',4.9,'{\"origin\": \"中国\", \"testBatch\": \"lager-2026-60\", \"ingredients\": \"标准拉格原料\"}','REGISTERED',0,'2026-06-03 18:36:15','2026-06-03 18:36:15'),(22,'LAGER26-TST-020',2,21,6,'冲绳珊瑚皮尔森','German Pils',5.0,'{\"origin\": \"中国\", \"testBatch\": \"lager-2026-60\", \"ingredients\": \"标准拉格原料\"}','REGISTERED',0,'2026-06-03 18:36:15','2026-06-03 18:36:15'),(23,'LAGER26-TST-021',2,22,7,'黑潮慕尼黑深拉格','Munich Dunkel',5.4,'{\"origin\": \"日本\", \"testBatch\": \"lager-2026-60\", \"ingredients\": \"标准拉格原料\"}','REGISTERED',0,'2026-06-03 18:36:15','2026-06-03 18:36:15'),(24,'LAGER26-TST-022',2,23,7,'燕京夜色黑拉格','Schwarzbier',4.9,'{\"origin\": \"日本\", \"testBatch\": \"lager-2026-60\", \"ingredients\": \"标准拉格原料\"}','REGISTERED',0,'2026-06-03 18:36:15','2026-06-03 18:36:15'),(25,'LAGER26-TST-023',2,24,7,'京都玄米深色拉格','Czech Dark Lager',5.2,'{\"origin\": \"日本\", \"testBatch\": \"lager-2026-60\", \"ingredients\": \"标准拉格原料\"}','REGISTERED',0,'2026-06-03 18:36:15','2026-06-03 18:36:15'),(26,'LAGER26-TST-024',2,25,7,'哈尔滨冬夜波克','Traditional Bock',6.5,'{\"origin\": \"日本\", \"testBatch\": \"lager-2026-60\", \"ingredients\": \"标准拉格原料\"}','REGISTERED',0,'2026-06-03 18:36:15','2026-06-03 18:36:15'),(27,'LAGER26-TST-025',2,26,7,'东京煤火黑拉格','Schwarzbier',5.0,'{\"origin\": \"日本\", \"testBatch\": \"lager-2026-60\", \"ingredients\": \"标准拉格原料\"}','REGISTERED',0,'2026-06-03 18:36:15','2026-06-03 18:36:15'),(28,'LAGER26-TST-026',2,27,7,'重庆山城深拉格','Munich Dunkel',5.6,'{\"origin\": \"日本\", \"testBatch\": \"lager-2026-60\", \"ingredients\": \"标准拉格原料\"}','REGISTERED',0,'2026-06-03 18:36:15','2026-06-03 18:36:15'),(29,'LAGER26-TST-027',2,28,7,'函馆夜港黑啤','Czech Dark Lager',5.1,'{\"origin\": \"日本\", \"testBatch\": \"lager-2026-60\", \"ingredients\": \"标准拉格原料\"}','REGISTERED',0,'2026-06-03 18:36:15','2026-06-03 18:36:15'),(30,'LAGER26-TST-028',2,29,7,'乌镇木桥深拉格','Munich Dunkel',5.3,'{\"origin\": \"日本\", \"testBatch\": \"lager-2026-60\", \"ingredients\": \"标准拉格原料\"}','REGISTERED',0,'2026-06-03 18:36:15','2026-06-03 18:36:15'),(31,'LAGER26-TST-029',2,30,7,'名古屋赤味噌波克','Traditional Bock',6.7,'{\"origin\": \"日本\", \"testBatch\": \"lager-2026-60\", \"ingredients\": \"标准拉格原料\"}','REGISTERED',0,'2026-06-03 18:36:15','2026-06-03 18:36:15'),(32,'LAGER26-TST-030',2,31,7,'大连礁石黑拉格','Schwarzbier',5.0,'{\"origin\": \"日本\", \"testBatch\": \"lager-2026-60\", \"ingredients\": \"标准拉格原料\"}','REGISTERED',0,'2026-06-03 18:36:15','2026-06-03 18:36:15'),(33,'LAGER26-TST-031',2,32,7,'奈良古寺深色拉格','Czech Dark Lager',5.2,'{\"origin\": \"中国\", \"testBatch\": \"lager-2026-60\", \"ingredients\": \"标准拉格原料\"}','REGISTERED',0,'2026-06-03 18:36:15','2026-06-03 18:36:15'),(34,'LAGER26-TST-032',2,33,7,'昆明暮色黑拉格','Schwarzbier',4.8,'{\"origin\": \"中国\", \"testBatch\": \"lager-2026-60\", \"ingredients\": \"标准拉格原料\"}','REGISTERED',0,'2026-06-03 18:36:15','2026-06-03 18:36:15'),(35,'LAGER26-TST-033',2,34,7,'横滨码头深拉格','Munich Dunkel',5.5,'{\"origin\": \"中国\", \"testBatch\": \"lager-2026-60\", \"ingredients\": \"标准拉格原料\"}','REGISTERED',0,'2026-06-03 18:36:15','2026-06-03 18:36:15'),(36,'LAGER26-TST-034',2,35,7,'沈阳雪夜波克','Traditional Bock',6.6,'{\"origin\": \"中国\", \"testBatch\": \"lager-2026-60\", \"ingredients\": \"标准拉格原料\"}','REGISTERED',0,'2026-06-03 18:36:15','2026-06-03 18:36:15'),(37,'LAGER26-TST-035',2,36,7,'福冈炭火黑拉格','Schwarzbier',5.1,'{\"origin\": \"中国\", \"testBatch\": \"lager-2026-60\", \"ingredients\": \"标准拉格原料\"}','REGISTERED',0,'2026-06-03 18:36:15','2026-06-03 18:36:15'),(38,'LAGER26-TST-036',2,37,7,'长沙橘洲深色拉格','Czech Dark Lager',5.3,'{\"origin\": \"中国\", \"testBatch\": \"lager-2026-60\", \"ingredients\": \"标准拉格原料\"}','REGISTERED',0,'2026-06-03 18:36:15','2026-06-03 18:36:15'),(39,'LAGER26-TST-037',2,38,7,'仙台冬木深拉格','Munich Dunkel',5.4,'{\"origin\": \"中国\", \"testBatch\": \"lager-2026-60\", \"ingredients\": \"标准拉格原料\"}','STORED',1,'2026-06-03 18:36:15','2026-06-03 18:36:15'),(40,'LAGER26-TST-038',2,39,7,'天津海河黑拉格','Schwarzbier',4.9,'{\"origin\": \"中国\", \"testBatch\": \"lager-2026-60\", \"ingredients\": \"标准拉格原料\"}','STORED',1,'2026-06-03 18:36:15','2026-06-03 18:36:15'),(41,'LAGER26-TST-039',2,40,7,'松本山影波克','Traditional Bock',6.8,'{\"origin\": \"中国\", \"testBatch\": \"lager-2026-60\", \"ingredients\": \"标准拉格原料\"}','STORED',1,'2026-06-03 18:36:15','2026-06-03 18:36:15'),(42,'LAGER26-TST-040',2,41,7,'厦门岛夜深拉格','Czech Dark Lager',5.2,'{\"origin\": \"中国\", \"testBatch\": \"lager-2026-60\", \"ingredients\": \"标准拉格原料\"}','STORED',1,'2026-06-03 18:36:15','2026-06-03 18:36:15'),(43,'LAGER26-TST-041',2,42,8,'柚子盐皮拉格','Specialty Beer',5.0,'{\"origin\": \"日本\", \"testBatch\": \"lager-2026-60\", \"ingredients\": \"创意辅料样品\"}','STORED',1,'2026-06-03 18:36:15','2026-06-03 18:36:15'),(44,'LAGER26-TST-042',2,43,8,'龙井冷萃拉格','Specialty Beer',4.8,'{\"origin\": \"日本\", \"testBatch\": \"lager-2026-60\", \"ingredients\": \"创意辅料样品\"}','STORED',1,'2026-06-03 18:36:15','2026-06-03 18:36:15'),(45,'LAGER26-TST-043',2,44,8,'山椒青柠拉格','Specialty Beer',5.1,'{\"origin\": \"日本\", \"testBatch\": \"lager-2026-60\", \"ingredients\": \"创意辅料样品\"}','STORED',1,'2026-06-03 18:36:15','2026-06-03 18:36:15'),(46,'LAGER26-TST-044',2,45,8,'桂花米曲拉格','Specialty Beer',5.3,'{\"origin\": \"日本\", \"testBatch\": \"lager-2026-60\", \"ingredients\": \"创意辅料样品\"}','STORED',1,'2026-06-03 18:36:15','2026-06-03 18:36:15'),(47,'LAGER26-TST-045',2,46,8,'白桃乌龙拉格','Fruit Beer',4.9,'{\"origin\": \"日本\", \"testBatch\": \"lager-2026-60\", \"ingredients\": \"创意辅料样品\"}','STORED',1,'2026-06-03 18:36:15','2026-06-03 18:36:15'),(48,'LAGER26-TST-046',2,47,8,'梅子紫苏拉格','Fruit Beer',5.0,'{\"origin\": \"日本\", \"testBatch\": \"lager-2026-60\", \"ingredients\": \"创意辅料样品\"}','STORED',1,'2026-06-03 18:36:15','2026-06-03 18:36:15'),(49,'LAGER26-TST-047',2,48,8,'昆布旨味拉格','Specialty Beer',4.7,'{\"origin\": \"日本\", \"testBatch\": \"lager-2026-60\", \"ingredients\": \"创意辅料样品\"}','STORED',1,'2026-06-03 18:36:15','2026-06-03 18:36:15'),(50,'LAGER26-TST-048',2,49,8,'青梅竹叶拉格','Fruit Beer',5.2,'{\"origin\": \"日本\", \"testBatch\": \"lager-2026-60\", \"ingredients\": \"创意辅料样品\"}','STORED',1,'2026-06-03 18:36:15','2026-06-03 18:36:15'),(51,'LAGER26-TST-049',2,50,8,'荞麦焙香拉格','Specialty Beer',5.4,'{\"origin\": \"日本\", \"testBatch\": \"lager-2026-60\", \"ingredients\": \"创意辅料样品\"}','STORED',1,'2026-06-03 18:36:15','2026-06-03 18:36:15'),(52,'LAGER26-TST-050',2,51,8,'茉莉米香拉格','Specialty Beer',4.8,'{\"origin\": \"日本\", \"testBatch\": \"lager-2026-60\", \"ingredients\": \"创意辅料样品\"}','STORED',1,'2026-06-03 18:36:15','2026-06-03 18:36:15'),(53,'LAGER26-TST-051',2,52,8,'蜜柑浅酿拉格','Fruit Beer',5.1,'{\"origin\": \"中国\", \"testBatch\": \"lager-2026-60\", \"ingredients\": \"创意辅料样品\"}','STORED',1,'2026-06-03 18:36:15','2026-06-03 18:36:15'),(54,'LAGER26-TST-052',2,53,8,'花椒白柚拉格','Specialty Beer',5.0,'{\"origin\": \"中国\", \"testBatch\": \"lager-2026-60\", \"ingredients\": \"创意辅料样品\"}','STORED',1,'2026-06-03 18:36:15','2026-06-03 18:36:15'),(55,'LAGER26-TST-053',2,54,8,'抹茶清拉格','Specialty Beer',4.9,'{\"origin\": \"中国\", \"testBatch\": \"lager-2026-60\", \"ingredients\": \"创意辅料样品\"}','STORED',1,'2026-06-03 18:36:15','2026-06-03 18:36:15'),(56,'LAGER26-TST-054',2,55,8,'黄酒桶陈拉格','Wood-Aged Beer',6.0,'{\"origin\": \"中国\", \"testBatch\": \"lager-2026-60\", \"ingredients\": \"创意辅料样品\"}','STORED',1,'2026-06-03 18:36:15','2026-06-03 18:36:15'),(57,'LAGER26-TST-055',2,56,8,'姜花青柠拉格','Specialty Beer',5.0,'{\"origin\": \"中国\", \"testBatch\": \"lager-2026-60\", \"ingredients\": \"创意辅料样品\"}','STORED',1,'2026-06-03 18:36:15','2026-06-03 18:36:15'),(58,'LAGER26-TST-056',2,57,8,'黑糖烤米拉格','Specialty Beer',5.6,'{\"origin\": \"中国\", \"testBatch\": \"lager-2026-60\", \"ingredients\": \"创意辅料样品\"}','STORED',1,'2026-06-03 18:36:15','2026-06-03 18:36:15'),(59,'LAGER26-TST-057',2,58,8,'海盐荔枝拉格','Fruit Beer',4.8,'{\"origin\": \"中国\", \"testBatch\": \"lager-2026-60\", \"ingredients\": \"创意辅料样品\"}','STORED',1,'2026-06-03 18:36:15','2026-06-03 18:36:15'),(60,'LAGER26-TST-058',2,59,8,'樱花白米拉格','Specialty Beer',4.7,'{\"origin\": \"中国\", \"testBatch\": \"lager-2026-60\", \"ingredients\": \"创意辅料样品\"}','STORED',1,'2026-06-03 18:36:15','2026-06-03 18:36:15'),(61,'LAGER26-TST-059',2,60,8,'陈皮冷泡拉格','Specialty Beer',5.2,'{\"origin\": \"中国\", \"testBatch\": \"lager-2026-60\", \"ingredients\": \"创意辅料样品\"}','STORED',1,'2026-06-03 18:36:15','2026-06-03 18:36:15'),(62,'LAGER26-TST-060',2,61,8,'紫米烟熏拉格','Smoke Beer',5.5,'{\"origin\": \"中国\", \"testBatch\": \"lager-2026-60\", \"ingredients\": \"创意辅料样品\"}','STORED',1,'2026-06-03 18:36:15','2026-06-03 18:36:15'),(63,'BE-9A3149D4016E',4,1,12,'百事可乐','浑浊 IPA',20.0,'{\"specialIngredients\": \"爆炸发酵\"}','RESULT_PUBLISHED',1,'2026-06-04 20:55:50','2026-06-04 20:55:50'),(41001,'BE-SAKE26-L001',4,2,12,'獭祭清流','国际浅色拉格',4.8,'{\"specialIngredients\": \"测试酒款：清爽米香、轻麦芽、低苦度。\"}','RESULT_PUBLISHED',1,'2026-06-04 20:58:00','2026-06-04 20:58:00'),(41002,'BE-SAKE26-L002',4,3,12,'久保田千寿','捷克浅色拉格',5.0,'{\"specialIngredients\": \"测试酒款：淡麦芽、草本酒花、干净发酵。\"}','RESULT_PUBLISHED',1,'2026-06-04 20:58:00','2026-06-04 20:58:00'),(41003,'BE-SAKE26-L003',4,4,12,'八海山雪室','慕尼黑清亮拉格',5.1,'{\"specialIngredients\": \"测试酒款：面包麦香、柔和甜感、清亮酒体。\"}','RESULT_PUBLISHED',1,'2026-06-04 20:58:00','2026-06-04 20:58:00'),(41004,'BE-SAKE26-L004',4,5,12,'写乐纯米','国际浅色拉格',4.7,'{\"specialIngredients\": \"测试酒款：低酯香、轻麦芽、适饮性高。\"}','RESULT_PUBLISHED',1,'2026-06-04 20:58:00','2026-06-04 20:58:00'),(41005,'BE-SAKE26-L005',4,6,12,'十四代本丸','捷克浅色拉格',5.3,'{\"specialIngredients\": \"测试酒款：饼干麦芽、细腻酒花、余味干爽。\"}','RESULT_PUBLISHED',1,'2026-06-04 20:58:00','2026-06-04 20:58:00'),(41006,'BE-SAKE26-D001',4,7,13,'黑龙石田屋','国际深色拉格',5.4,'{\"specialIngredients\": \"测试酒款：烘烤麦芽、轻焦糖、低酯香。\"}','RESULT_PUBLISHED',1,'2026-06-04 20:58:00','2026-06-04 20:58:00'),(41007,'BE-SAKE26-D002',4,8,13,'而今特纯','捷克深色拉格',5.6,'{\"specialIngredients\": \"测试酒款：可可感、面包皮、圆润酒体。\"}','RESULT_PUBLISHED',1,'2026-06-04 20:58:00','2026-06-04 20:58:00'),(41008,'BE-SAKE26-D003',4,9,13,'新政六号','国际深色拉格',5.2,'{\"specialIngredients\": \"测试酒款：轻烘烤、深色麦芽、清爽尾韵。\"}','RESULT_PUBLISHED',1,'2026-06-04 20:58:00','2026-06-04 20:58:00'),(41009,'BE-SAKE26-D004',4,10,13,'田酒山廃','捷克深色拉格',5.8,'{\"specialIngredients\": \"测试酒款：坚果、焦糖、烘烤麦芽。\"}','RESULT_PUBLISHED',1,'2026-06-04 20:58:00','2026-06-04 20:58:00'),(41010,'BE-SAKE26-D005',4,11,13,'醸し人九平次','国际深色拉格',5.5,'{\"specialIngredients\": \"测试酒款：轻巧咖啡、焦糖、干净发酵。\"}','RESULT_PUBLISHED',1,'2026-06-04 20:58:00','2026-06-04 20:58:00'),(41011,'BE-25E45C2B4983',6,1,17,'可口可乐','奶油艾尔',3.5,'{\"specialIngredients\": \"马达加斯加香草奶油\"}','STORED',1,'2026-06-06 14:22:38','2026-06-06 14:22:38'),(41013,'BE-266CFBA2CCEB',6,1,17,'非常可乐','美式淡拉格',3.5,'{\"specialIngredients\": \"焦糖与香草缠绵\"}','STORED',1,'2026-06-06 14:42:31','2026-06-06 14:42:31'),(41014,'BE-YACHIYO-PL-001',6,1,17,'八千代晨光拉格','国际浅色拉格',4.8,'{\"specialIngredients\": \"低温长时发酵\"}','STORED',1,'2026-06-06 14:54:39','2026-06-06 14:54:39'),(41015,'BE-YACHIYO-PL-002',6,1,17,'八千代稻田拉格','捷克浅色拉格',5.1,'{\"specialIngredients\": \"软水糖化与草本型酒花\"}','STORED',1,'2026-06-06 14:54:39','2026-06-06 14:54:39'),(41016,'BE-YACHIYO-DL-001',6,1,18,'八千代黑谷拉格','国际深色拉格',5.4,'{\"specialIngredients\": \"深色麦芽与低温熟成\"}','STORED',1,'2026-06-06 14:54:39','2026-06-06 14:54:39'),(41020,'BE-27B3787FC787',7,62,19,'帝都海盐古斯酸啤','苏格兰淡艾尔',3.5,'{\"specialIngredients\": \"芫荽籽和海盐\"}','RESULT_PUBLISHED',1,'2026-06-10 13:27:02','2026-06-10 13:27:02'),(41021,'BE-85052A59FCBE',7,62,19,'西海岸拉格','美式拉格',3.5,'{\"specialIngredients\": \"茶水\"}','CANCELED',0,'2026-06-10 15:47:50','2026-06-10 15:47:50'),(41022,'BE-EAE6B243EB79',7,62,19,'嘎嘎西打拉格','美式淡拉格',12.0,'{\"specialIngredients\": \"112\"}','CANCELED',0,'2026-06-10 16:19:28','2026-06-10 16:19:28'),(41023,'BE-A5C61C024D5D',7,62,19,'西海岸拉格','捷克深色拉格',3.5,'{\"specialIngredients\": \"桶陈\"}','RESULT_PUBLISHED',1,'2026-06-10 16:27:12','2026-06-10 16:27:12'),(41024,'BE-EDF58C8941F8',7,62,19,'凸豪金比尔森','美式拉格',4.0,'{\"specialIngredients\": \"烘烤麦芽\"}','RESULT_PUBLISHED',1,'2026-06-10 16:42:50','2026-06-10 16:42:50'),(41025,'BE-3DC88FB5DF85',7,1,19,'魔法浆果黑加仑古斯','奶油艾尔',3.6,'{\"specialIngredients\": \"茶叶\"}','RESULT_PUBLISHED',1,'2026-06-10 16:48:01','2026-06-10 16:48:01'),(41026,'BE-EA6AFC0E7AD7',7,1,20,'气泡实验室爪哇部落','奶油艾尔',4.0,'{\"specialIngredients\": \"西瓜\"}','RESULT_PUBLISHED',1,'2026-06-10 16:49:26','2026-06-10 16:49:26'),(42615,'BE-82AFC7533794',481,1,494,'烟熏胡桃','美式拉格',4.0,'{\"specialIngredients\": \"烟熏胡桃木\"}','CANCELED',0,'2026-06-17 20:17:14','2026-06-17 20:17:14'),(42616,'BE-6C9849C76F73',481,1,494,'11111','国际浅色拉格',2.0,'{\"specialIngredients\": \"1\"}','CANCELED',0,'2026-06-17 20:39:32','2026-06-17 20:39:32'),(42617,'BE-3EA16C9B2C19',481,1,494,'烟熏胡桃','美式淡拉格',2.0,'{\"specialIngredients\": \"烟熏工艺\"}','STORED',1,'2026-06-17 20:47:18','2026-06-17 20:47:18'),(42670,'BE-1A41FA232A0B',481,1,494,'蜜桃乌龙茶拉格','美式拉格',3.0,'{\"specialIngredients\": \"蜜桃乌龙茶\"}','STORED',1,'2026-06-17 21:57:53','2026-06-17 21:57:53'),(42737,'BE-6C6D40D5753E',481,1,495,'赤道风暴IPL','美式淡拉格',3.0,'{\"specialIngredients\": \"啤酒花\"}','STORED',1,'2026-06-17 22:12:41','2026-06-17 22:12:41'),(42738,'BE-00AADE415DA6',481,1,495,'黑曜石咖啡拉格','美式淡拉格',4.0,'{\"specialIngredients\": \"黑曜石\"}','STORED',1,'2026-06-17 22:16:02','2026-06-17 22:16:02');
/*!40000 ALTER TABLE `beer_entry` ENABLE KEYS */;
UNLOCK TABLES;

--
-- Table structure for table `beer_entry_extra_field`
--

DROP TABLE IF EXISTS `beer_entry_extra_field`;
/*!40101 SET @saved_cs_client     = @@character_set_client */;
/*!50503 SET character_set_client = utf8mb4 */;
CREATE TABLE `beer_entry_extra_field` (
  `id` bigint NOT NULL AUTO_INCREMENT COMMENT '主键ID',
  `beer_entry_id` bigint NOT NULL COMMENT '参赛酒款ID',
  `field_key` varchar(64) NOT NULL COMMENT '补充字段Key',
  `field_label` varchar(64) NOT NULL COMMENT '补充字段名称快照',
  `field_value` varchar(255) NOT NULL COMMENT '补充字段填写值',
  PRIMARY KEY (`id`)
) ENGINE=InnoDB AUTO_INCREMENT=34 DEFAULT CHARSET=utf8mb4 COLLATE=utf8mb4_0900_ai_ci COMMENT='参赛酒款补充字段值表';
/*!40101 SET character_set_client = @saved_cs_client */;

--
-- Dumping data for table `beer_entry_extra_field`
--

LOCK TABLES `beer_entry_extra_field` WRITE;
/*!40000 ALTER TABLE `beer_entry_extra_field` DISABLE KEYS */;
INSERT INTO `beer_entry_extra_field` VALUES (1,1,'specialIngredients','?????????','????'),(2,2,'specialIngredients','增味原料或特殊工艺','none'),(3,63,'specialIngredients','增味原料或特殊工艺','爆炸发酵'),(4,41001,'specialIngredients','增味原料或特殊工艺','测试酒款：清爽米香、轻麦芽、低苦度。'),(5,41002,'specialIngredients','增味原料或特殊工艺','测试酒款：淡麦芽、草本酒花、干净发酵。'),(6,41003,'specialIngredients','增味原料或特殊工艺','测试酒款：面包麦香、柔和甜感、清亮酒体。'),(7,41004,'specialIngredients','增味原料或特殊工艺','测试酒款：低酯香、轻麦芽、适饮性高。'),(8,41005,'specialIngredients','增味原料或特殊工艺','测试酒款：饼干麦芽、细腻酒花、余味干爽。'),(9,41006,'specialIngredients','增味原料或特殊工艺','测试酒款：烘烤麦芽、轻焦糖、低酯香。'),(10,41007,'specialIngredients','增味原料或特殊工艺','测试酒款：可可感、面包皮、圆润酒体。'),(11,41008,'specialIngredients','增味原料或特殊工艺','测试酒款：轻烘烤、深色麦芽、清爽尾韵。'),(12,41009,'specialIngredients','增味原料或特殊工艺','测试酒款：坚果、焦糖、烘烤麦芽。'),(13,41010,'specialIngredients','增味原料或特殊工艺','测试酒款：轻巧咖啡、焦糖、干净发酵。'),(14,41011,'specialIngredients','增味原料或特殊工艺','马达加斯加香草奶油'),(15,41013,'specialIngredients','增味原料或特殊工艺','焦糖与香草缠绵'),(16,41014,'specialIngredients','增味原料或特殊工艺','低温长时发酵'),(17,41015,'specialIngredients','增味原料或特殊工艺','软水糖化与草本型酒花'),(18,41016,'specialIngredients','增味原料或特殊工艺','深色麦芽与低温熟成'),(21,41020,'specialIngredients','增味原料','芫荽籽和海盐'),(22,41021,'specialIngredients','增味原料','茶水'),(23,41022,'specialIngredients','增味原料','112'),(24,41023,'specialIngredients','增味原料','桶陈'),(25,41024,'specialIngredients','增味原料','烘烤麦芽'),(26,41025,'specialIngredients','增味原料','茶叶'),(27,41026,'specialIngredients','增味原料','西瓜'),(28,42615,'specialIngredients','增味原料或特殊工艺','烟熏胡桃木'),(29,42616,'specialIngredients','增味原料或特殊工艺','1'),(30,42617,'specialIngredients','增味原料或特殊工艺','烟熏工艺'),(31,42670,'specialIngredients','增味原料或特殊工艺','蜜桃乌龙茶'),(32,42737,'specialIngredients','增味原料或特殊工艺','啤酒花'),(33,42738,'specialIngredients','增味原料或特殊工艺','黑曜石');
/*!40000 ALTER TABLE `beer_entry_extra_field` ENABLE KEYS */;
UNLOCK TABLES;

--
-- Table structure for table `brewery`
--

DROP TABLE IF EXISTS `brewery`;
/*!40101 SET @saved_cs_client     = @@character_set_client */;
/*!50503 SET character_set_client = utf8mb4 */;
CREATE TABLE `brewery` (
  `id` bigint NOT NULL AUTO_INCREMENT COMMENT '主键ID',
  `company_name` varchar(128) NOT NULL COMMENT '厂牌或公司名称',
  `contact_name` varchar(64) NOT NULL COMMENT '联系人姓名',
  `phone` varchar(20) NOT NULL COMMENT '手机号',
  `wechat` varchar(64) DEFAULT NULL COMMENT '微信号',
  `avatar_asset_id` bigint DEFAULT NULL COMMENT '头像文件ID',
  `avatar_url` varchar(500) DEFAULT NULL COMMENT '厂牌头像访问地址',
  `create_time` datetime NOT NULL DEFAULT CURRENT_TIMESTAMP COMMENT '创建时间',
  `update_time` datetime NOT NULL DEFAULT CURRENT_TIMESTAMP ON UPDATE CURRENT_TIMESTAMP COMMENT '更新时间',
  PRIMARY KEY (`id`)
) ENGINE=InnoDB AUTO_INCREMENT=1269 DEFAULT CHARSET=utf8mb4 COLLATE=utf8mb4_0900_ai_ci COMMENT='厂牌资料表';
/*!40101 SET character_set_client = @saved_cs_client */;

--
-- Dumping data for table `brewery`
--

LOCK TABLES `brewery` WRITE;
/*!40000 ALTER TABLE `brewery` DISABLE KEYS */;
INSERT INTO `brewery` VALUES (1,'八千代麦芽工坊','八千代','13800000001','brewery-zhangsan',17,'https://java-xialin.oss-cn-beijing.aliyuncs.com/BREWERY_AVATAR/fcf09bf6-2861-4616-a0e0-14c67a263c04-501cef54b1ce39fee93045913556d15f.jpg','2026-06-02 21:39:35','2026-06-03 13:07:08'),(2,'八千代麦芽工坊','测试联系人J01','19900010001','lager26-test-001',NULL,NULL,'2026-06-03 18:36:15','2026-06-03 18:36:15'),(3,'麒麟山微酿','测试联系人J02','19900010002','lager26-test-002',NULL,NULL,'2026-06-03 18:36:15','2026-06-03 18:36:15'),(4,'京都町屋酿造','测试联系人J03','19900010003','lager26-test-003',NULL,NULL,'2026-06-03 18:36:15','2026-06-03 18:36:15'),(5,'札幌雪线啤酒厂','测试联系人J04','19900010004','lager26-test-004',NULL,NULL,'2026-06-03 18:36:15','2026-06-03 18:36:15'),(6,'横滨港湾酿造','测试联系人J05','19900010005','lager26-test-005',NULL,NULL,'2026-06-03 18:36:15','2026-06-03 18:36:15'),(7,'奈良鹿鸣麦酒','测试联系人J06','19900010006','lager26-test-006',NULL,NULL,'2026-06-03 18:36:15','2026-06-03 18:36:15'),(8,'神户六甲精酿','测试联系人J07','19900010007','lager26-test-007',NULL,NULL,'2026-06-03 18:36:15','2026-06-03 18:36:15'),(9,'福冈海风麦酒','测试联系人J08','19900010008','lager26-test-008',NULL,NULL,'2026-06-03 18:36:15','2026-06-03 18:36:15'),(10,'长野松本酿造','测试联系人J09','19900010009','lager26-test-009',NULL,NULL,'2026-06-03 18:36:15','2026-06-03 18:36:15'),(11,'函馆夜港啤酒','测试联系人J10','19900010010','lager26-test-010',NULL,NULL,'2026-06-03 18:36:15','2026-06-03 18:36:15'),(12,'青岛海岸酿造','测试联系人C11','19900010011','lager26-test-011',NULL,NULL,'2026-06-03 18:36:15','2026-06-03 18:36:15'),(13,'杭州西湖麦社','测试联系人C12','19900010012','lager26-test-012',NULL,NULL,'2026-06-03 18:36:15','2026-06-03 18:36:15'),(14,'成都雾隐精酿','测试联系人C13','19900010013','lager26-test-013',NULL,NULL,'2026-06-03 18:36:15','2026-06-03 18:36:15'),(15,'苏州稻香酿造','测试联系人C14','19900010014','lager26-test-014',NULL,NULL,'2026-06-03 18:36:15','2026-06-03 18:36:15'),(16,'北京雁栖湖麦酒','测试联系人C15','19900010015','lager26-test-015',NULL,NULL,'2026-06-03 18:36:15','2026-06-03 18:36:15'),(17,'南京雨花啤酒实验室','测试联系人C16','19900010016','lager26-test-016',NULL,NULL,'2026-06-03 18:36:15','2026-06-03 18:36:15'),(18,'长沙橘洲精酿','测试联系人C17','19900010017','lager26-test-017',NULL,NULL,'2026-06-03 18:36:15','2026-06-03 18:36:15'),(19,'厦门岛屿麦社','测试联系人C18','19900010018','lager26-test-018',NULL,NULL,'2026-06-03 18:36:15','2026-06-03 18:36:15'),(20,'重庆山城酿造','测试联系人C19','19900010019','lager26-test-019',NULL,NULL,'2026-06-03 18:36:15','2026-06-03 18:36:15'),(21,'大连礁石啤酒厂','测试联系人C20','19900010020','lager26-test-020',NULL,NULL,'2026-06-03 18:36:15','2026-06-03 18:36:15'),(22,'八千代麦芽工坊','测试联系人J21','19900010021','lager26-test-021',NULL,NULL,'2026-06-03 18:36:15','2026-06-03 18:36:15'),(23,'麒麟山微酿','测试联系人J22','19900010022','lager26-test-022',NULL,NULL,'2026-06-03 18:36:15','2026-06-03 18:36:15'),(24,'京都町屋酿造','测试联系人J23','19900010023','lager26-test-023',NULL,NULL,'2026-06-03 18:36:15','2026-06-03 18:36:15'),(25,'札幌雪线啤酒厂','测试联系人J24','19900010024','lager26-test-024',NULL,NULL,'2026-06-03 18:36:15','2026-06-03 18:36:15'),(26,'横滨港湾酿造','测试联系人J25','19900010025','lager26-test-025',NULL,NULL,'2026-06-03 18:36:15','2026-06-03 18:36:15'),(27,'奈良鹿鸣麦酒','测试联系人J26','19900010026','lager26-test-026',NULL,NULL,'2026-06-03 18:36:15','2026-06-03 18:36:15'),(28,'神户六甲精酿','测试联系人J27','19900010027','lager26-test-027',NULL,NULL,'2026-06-03 18:36:15','2026-06-03 18:36:15'),(29,'福冈海风麦酒','测试联系人J28','19900010028','lager26-test-028',NULL,NULL,'2026-06-03 18:36:15','2026-06-03 18:36:15'),(30,'长野松本酿造','测试联系人J29','19900010029','lager26-test-029',NULL,NULL,'2026-06-03 18:36:15','2026-06-03 18:36:15'),(31,'函馆夜港啤酒','测试联系人J30','19900010030','lager26-test-030',NULL,NULL,'2026-06-03 18:36:15','2026-06-03 18:36:15'),(32,'青岛海岸酿造','测试联系人C31','19900010031','lager26-test-031',NULL,NULL,'2026-06-03 18:36:15','2026-06-03 18:36:15'),(33,'杭州西湖麦社','测试联系人C32','19900010032','lager26-test-032',NULL,NULL,'2026-06-03 18:36:15','2026-06-03 18:36:15'),(34,'成都雾隐精酿','测试联系人C33','19900010033','lager26-test-033',NULL,NULL,'2026-06-03 18:36:15','2026-06-03 18:36:15'),(35,'苏州稻香酿造','测试联系人C34','19900010034','lager26-test-034',NULL,NULL,'2026-06-03 18:36:15','2026-06-03 18:36:15'),(36,'北京雁栖湖麦酒','测试联系人C35','19900010035','lager26-test-035',NULL,NULL,'2026-06-03 18:36:15','2026-06-03 18:36:15'),(37,'南京雨花啤酒实验室','测试联系人C36','19900010036','lager26-test-036',NULL,NULL,'2026-06-03 18:36:15','2026-06-03 18:36:15'),(38,'长沙橘洲精酿','测试联系人C37','19900010037','lager26-test-037',NULL,NULL,'2026-06-03 18:36:15','2026-06-03 18:36:15'),(39,'厦门岛屿麦社','测试联系人C38','19900010038','lager26-test-038',NULL,NULL,'2026-06-03 18:36:15','2026-06-03 18:36:15'),(40,'重庆山城酿造','测试联系人C39','19900010039','lager26-test-039',NULL,NULL,'2026-06-03 18:36:15','2026-06-03 18:36:15'),(41,'大连礁石啤酒厂','测试联系人C40','19900010040','lager26-test-040',NULL,NULL,'2026-06-03 18:36:15','2026-06-03 18:36:15'),(42,'八千代麦芽工坊','测试联系人J41','19900010041','lager26-test-041',NULL,NULL,'2026-06-03 18:36:15','2026-06-03 18:36:15'),(43,'麒麟山微酿','测试联系人J42','19900010042','lager26-test-042',NULL,NULL,'2026-06-03 18:36:15','2026-06-03 18:36:15'),(44,'京都町屋酿造','测试联系人J43','19900010043','lager26-test-043',NULL,NULL,'2026-06-03 18:36:15','2026-06-03 18:36:15'),(45,'札幌雪线啤酒厂','测试联系人J44','19900010044','lager26-test-044',NULL,NULL,'2026-06-03 18:36:15','2026-06-03 18:36:15'),(46,'横滨港湾酿造','测试联系人J45','19900010045','lager26-test-045',NULL,NULL,'2026-06-03 18:36:15','2026-06-03 18:36:15'),(47,'奈良鹿鸣麦酒','测试联系人J46','19900010046','lager26-test-046',NULL,NULL,'2026-06-03 18:36:15','2026-06-03 18:36:15'),(48,'神户六甲精酿','测试联系人J47','19900010047','lager26-test-047',NULL,NULL,'2026-06-03 18:36:15','2026-06-03 18:36:15'),(49,'福冈海风麦酒','测试联系人J48','19900010048','lager26-test-048',NULL,NULL,'2026-06-03 18:36:15','2026-06-03 18:36:15'),(50,'长野松本酿造','测试联系人J49','19900010049','lager26-test-049',NULL,NULL,'2026-06-03 18:36:15','2026-06-03 18:36:15'),(51,'函馆夜港啤酒','测试联系人J50','19900010050','lager26-test-050',NULL,NULL,'2026-06-03 18:36:15','2026-06-03 18:36:15'),(52,'青岛海岸酿造','测试联系人C51','19900010051','lager26-test-051',NULL,NULL,'2026-06-03 18:36:15','2026-06-03 18:36:15'),(53,'杭州西湖麦社','测试联系人C52','19900010052','lager26-test-052',NULL,NULL,'2026-06-03 18:36:15','2026-06-03 18:36:15'),(54,'成都雾隐精酿','测试联系人C53','19900010053','lager26-test-053',NULL,NULL,'2026-06-03 18:36:15','2026-06-03 18:36:15'),(55,'苏州稻香酿造','测试联系人C54','19900010054','lager26-test-054',NULL,NULL,'2026-06-03 18:36:15','2026-06-03 18:36:15'),(56,'北京雁栖湖麦酒','测试联系人C55','19900010055','lager26-test-055',NULL,NULL,'2026-06-03 18:36:15','2026-06-03 18:36:15'),(57,'南京雨花啤酒实验室','测试联系人C56','19900010056','lager26-test-056',NULL,NULL,'2026-06-03 18:36:15','2026-06-03 18:36:15'),(58,'长沙橘洲精酿','测试联系人C57','19900010057','lager26-test-057',NULL,NULL,'2026-06-03 18:36:15','2026-06-03 18:36:15'),(59,'厦门岛屿麦社','测试联系人C58','19900010058','lager26-test-058',NULL,NULL,'2026-06-03 18:36:15','2026-06-03 18:36:15'),(60,'重庆山城酿造','测试联系人C59','19900010059','lager26-test-059',NULL,NULL,'2026-06-03 18:36:15','2026-06-03 18:36:15'),(61,'大连礁石啤酒厂','测试联系人C60','19900010060','lager26-test-060',NULL,NULL,'2026-06-03 18:36:15','2026-06-03 18:36:15'),(62,'彩叶精酿','xialin','13800000002','112244332',3,'/uploads/BREWERY_AVATAR/75403cc0-29f1-4c36-b302-e21d1168914c-adminImg.jpg','2026-06-10 13:14:55','2026-06-10 13:14:55');
/*!40000 ALTER TABLE `brewery` ENABLE KEYS */;
UNLOCK TABLES;

--
-- Table structure for table `competition`
--

DROP TABLE IF EXISTS `competition`;
/*!40101 SET @saved_cs_client     = @@character_set_client */;
/*!50503 SET character_set_client = utf8mb4 */;
CREATE TABLE `competition` (
  `id` bigint NOT NULL AUTO_INCREMENT COMMENT '主键ID',
  `code` varchar(64) NOT NULL COMMENT '比赛编码',
  `name` varchar(128) NOT NULL COMMENT '比赛名称',
  `competition_date` date NOT NULL COMMENT '比赛日期',
  `registration_start` datetime DEFAULT NULL COMMENT '报名开始时间',
  `registration_deadline` datetime NOT NULL COMMENT '报名截止时间',
  `status` varchar(32) NOT NULL COMMENT '比赛流程状态',
  `entry_fee` decimal(10,2) NOT NULL DEFAULT '0.00' COMMENT '标准报名费',
  `early_bird_fee` decimal(10,2) DEFAULT NULL COMMENT '早鸟报名费',
  `early_bird_deadline` datetime DEFAULT NULL COMMENT '早鸟价截止时间',
  `description` varchar(1000) CHARACTER SET utf8mb4 COLLATE utf8mb4_0900_ai_ci DEFAULT NULL COMMENT '说明',
  `rules_url` varchar(500) CHARACTER SET utf8mb4 COLLATE utf8mb4_0900_ai_ci DEFAULT NULL COMMENT '参赛规则文件地址',
  `style_library_version` varchar(64) NOT NULL DEFAULT 'BJCP_2021_CN' COMMENT '绑定风格库版本',
  `delivery_method` varchar(32) NOT NULL DEFAULT 'BOTH' COMMENT '支持的送样方式',
  `sample_arrival_start` datetime DEFAULT NULL COMMENT '收样开始时间',
  `sample_arrival_deadline` datetime DEFAULT NULL COMMENT '收样截止时间',
  `sample_quantity_note` varchar(255) DEFAULT NULL COMMENT '送样数量说明',
  `delivery_recipient` varchar(64) DEFAULT NULL COMMENT '收样联系人',
  `delivery_phone` varchar(64) DEFAULT NULL COMMENT '收样联系电话',
  `delivery_address` varchar(500) DEFAULT NULL COMMENT '收样地址',
  `delivery_note` varchar(1000) DEFAULT NULL COMMENT '送样补充说明',
  `logistics_visibility` varchar(32) NOT NULL DEFAULT 'PAYMENT_CONFIRMED' COMMENT '送样信息可见范围',
  `deleted_flag` tinyint NOT NULL DEFAULT '0' COMMENT '是否删除',
  `create_time` datetime NOT NULL DEFAULT CURRENT_TIMESTAMP COMMENT '创建时间',
  `update_time` datetime NOT NULL DEFAULT CURRENT_TIMESTAMP ON UPDATE CURRENT_TIMESTAMP COMMENT '更新时间',
  PRIMARY KEY (`id`),
  UNIQUE KEY `uk_competition_code` (`code`),
  KEY `idx_competition_status_registration_deadline` (`status`,`registration_deadline`)
) ENGINE=InnoDB AUTO_INCREMENT=612 DEFAULT CHARSET=utf8mb4 COLLATE=utf8mb4_0900_ai_ci COMMENT='比赛主表';
/*!40101 SET character_set_client = @saved_cs_client */;

--
-- Dumping data for table `competition`
--

LOCK TABLES `competition` WRITE;
/*!40000 ALTER TABLE `competition` DISABLE KEYS */;
INSERT INTO `competition` VALUES (1,'BC-2026','2026 大湾区精酿啤酒大赛','2026-08-18','2026-06-01 10:00:00','2026-07-31 23:59:59','REGISTRATION_OPEN',299.00,NULL,NULL,'这场赛事面向精酿厂牌开放报名，请按赛事要求提交适合的酒款。',NULL,'BJCP_2021_CN','BOTH',NULL,NULL,NULL,NULL,NULL,NULL,NULL,'PAYMENT_CONFIRMED',1,'2026-06-02 21:39:35','2026-06-09 19:37:49'),(2,'BC-20260820-WSW1C','2026 新建精酿啤酒赛','2026-08-20','2026-06-01 10:00:00','2026-07-30 18:00:00','ARCHIVED',199.00,NULL,NULL,'这场赛事面向精酿厂牌开放报名，请按赛事要求提交适合的酒款。',NULL,'BJCP_2021_CN','BOTH',NULL,NULL,NULL,NULL,NULL,NULL,NULL,'PAYMENT_CONFIRMED',0,'2026-06-03 09:42:07','2026-06-09 19:37:49'),(3,'BC-20260820-7757C','2026 新建精酿啤酒赛2','2026-08-20','2026-06-10 10:00:00','2026-07-30 18:00:00','REGISTRATION_OPEN',199.00,159.00,'2026-06-30 18:00:00','这场赛事面向精酿厂牌开放报名，请按赛事要求提交适合的酒款。','https://mp.weixin.qq.com/s/iGxSnomHIXvdOyMO9xgd2Q','BJCP_2021_CN','BOTH',NULL,NULL,NULL,NULL,NULL,NULL,NULL,'PAYMENT_CONFIRMED',0,'2026-06-03 20:03:44','2026-06-09 21:12:16'),(4,'BC-20260820-3P3JZ','2026 新建精酿啤酒赛3','2026-08-20','2026-06-10 10:00:00','2026-07-30 18:00:00','PUBLISHED',199.00,NULL,NULL,'这场赛事面向精酿厂牌开放报名，请按赛事要求提交适合的酒款。',NULL,'BJCP_2021_CN','EXPRESS','2026-08-10 10:00:00','2026-08-15 18:00:00','每款 6 瓶，单瓶容量建议不低于 330ml。','赛事收样组','124065660459','827 Chuo-dori, Matsue, Shimane 690-0001, Japan','请做好防震、防漏和外箱加固；每款酒瓶身至少贴 1 张现场标签，整箱寄送时建议外箱再贴 1 张。','PAYMENT_CONFIRMED',0,'2026-06-04 20:47:28','2026-06-09 19:37:49'),(5,'BC-20260820-5I93K','2026 新建精酿啤酒赛','2026-08-20','2026-06-10 10:00:00','2026-07-30 18:00:00','ARCHIVED',199.00,NULL,NULL,'这场赛事面向精酿厂牌开放报名，请按赛事要求提交适合的酒款。',NULL,'BJCP_2021_CN','BOTH','2026-08-10 10:00:00','2026-08-15 18:00:00','每款 6 瓶，单瓶容量建议不低于 330ml。','赛事收样组','19230495967','广东省深圳市南山区海湾路8号蛇口价值工厂','请做好防震、防漏和外箱加固；每款酒瓶身至少贴 1 张现场标签，整箱寄送时建议外箱再贴 1 张。','PAYMENT_CONFIRMED',0,'2026-06-06 13:34:00','2026-06-09 19:37:49'),(6,'BC-20260820-W2KE0','2026 新建精酿啤酒赛4','2026-08-20','2026-06-10 10:00:00','2026-07-30 18:00:00','ARCHIVED',199.00,159.00,'2026-06-30 18:00:00','这场赛事面向精酿厂牌开放报名，请按赛事要求提交适合的酒款。',NULL,'BJCP_2021_CN','EXPRESS','2026-08-10 10:00:00','2026-08-15 18:00:00','每款 6 瓶，单瓶容量建议不低于 330ml。','赛事收样组','1235467865465','广东省深圳市南山区海湾路8号蛇口价值工厂','请做好防震、防漏和外箱加固；每款酒瓶身至少贴 1 张现场标签，整箱寄送时建议外箱再贴 1 张。','PAYMENT_CONFIRMED',0,'2026-06-06 14:03:45','2026-06-09 19:44:36'),(7,'BC-20260820-K2Q8A','首届中国拉格专题大赛','2026-08-20','2026-06-10 10:00:00','2026-07-30 18:00:00','PUBLISHED',199.00,99.00,'2026-06-30 18:00:00','首届中国拉格专题大赛，是国内首个专注拉格啤酒的专项专业赛事。赛事面向商酿品牌、精酿工坊、独立酿酒师及高校研发团队，参赛品类覆盖经典皮尔森、淡色拉格、黑拉格、特色风味拉格等。大赛集结国家级评酒委员、专业裁判与酿造专家，依照国际标准开展品鉴评审。赛事以赛促交流、以赛提品质，挖掘酿造人才，探索本土特色风味，助力国内拉格酿造工艺升级与行业高质量发展。','https://mp.weixin.qq.com/s/iGxSnomHIXvdOyMO9xgd2Q','BJCP_2021_CN','EXPRESS','2026-08-10 10:00:00','2026-08-15 18:00:00','每款 6 瓶，单瓶容量建议不低于 330ml','赛事收样组','12049995939','浙江省宁波市鄞州区首南街道锦悦花苑 3 栋 2 单元 501 室','请做好防震、防漏和外箱加固；每款酒瓶身至少贴 1 张现场标签，整箱寄送时建议外箱再贴 1 张','PAYMENT_CONFIRMED',0,'2026-06-09 21:47:16','2026-06-09 21:47:16'),(481,'BC-20260820-UUH4X','中国第二届精酿拉格大赛','2026-08-20','2026-06-10 10:00:00','2026-07-30 18:00:00','JUDGING',199.00,0.01,'2026-06-30 18:00:00','延续“纯粹匠心，致敬经典”的宗旨，旨在挖掘本土拉格酿造技艺的无限潜力。本届大赛面向全国精酿厂牌、家酿爱好者及职业酿酒师开放，设置德式清亮、波西米亚风格、深色拉格及创新实验拉格四大竞赛组别。特邀国际BJCP认证评委与国内资深酿酒专家组成评审团，从原料纯净度、发酵工艺与风味平衡度进行严苛打分。','https://mp.weixin.qq.com/s/iGxSnomHIXvdOyMO9xgd2Q','BJCP_2021_CN','BOTH','2026-08-10 10:00:00','2026-08-15 18:00:00','每款 6 瓶，单瓶容量建议不低于 330ml','赛事收样组','12060003020','中国北京市朝阳区酒仙桥路188号精酿创新园区B座3层','请做好防震、防漏和外箱加固；每款酒瓶身至少贴 1 张现场标签，整箱寄送时建议外箱再贴 1 张。','PAYMENT_CONFIRMED',0,'2026-06-17 18:20:55','2026-06-17 18:20:55');
/*!40000 ALTER TABLE `competition` ENABLE KEYS */;
UNLOCK TABLES;

--
-- Table structure for table `competition_category`
--

DROP TABLE IF EXISTS `competition_category`;
/*!40101 SET @saved_cs_client     = @@character_set_client */;
/*!50503 SET character_set_client = utf8mb4 */;
CREATE TABLE `competition_category` (
  `id` bigint NOT NULL AUTO_INCREMENT COMMENT '主键ID',
  `competition_id` bigint NOT NULL COMMENT '所属比赛ID',
  `name` varchar(128) NOT NULL COMMENT '投递组别名称',
  `sort_order` int NOT NULL DEFAULT '0' COMMENT '展示排序',
  `create_time` datetime NOT NULL DEFAULT CURRENT_TIMESTAMP COMMENT '创建时间',
  PRIMARY KEY (`id`),
  UNIQUE KEY `uk_competition_category_name` (`competition_id`,`name`)
) ENGINE=InnoDB AUTO_INCREMENT=626 DEFAULT CHARSET=utf8mb4 COLLATE=utf8mb4_0900_ai_ci COMMENT='比赛投递组别配置表';
/*!40101 SET character_set_client = @saved_cs_client */;

--
-- Dumping data for table `competition_category`
--

LOCK TABLES `competition_category` WRITE;
/*!40000 ALTER TABLE `competition_category` DISABLE KEYS */;
INSERT INTO `competition_category` VALUES (1,1,'IPA',1,'2026-06-02 21:39:35'),(2,1,'??',2,'2026-06-02 21:39:35'),(6,2,'浅色拉格',0,'2026-06-03 13:02:23'),(7,2,'深色拉格',1,'2026-06-03 13:02:23'),(8,2,'创意拉格',2,'2026-06-03 13:02:23'),(9,3,'浅色拉格',0,'2026-06-03 20:03:44'),(10,3,'深色拉格',1,'2026-06-03 20:03:44'),(11,3,'创意拉格',2,'2026-06-03 20:03:44'),(12,4,'浅色拉格',0,'2026-06-04 20:47:28'),(13,4,'深色拉格',1,'2026-06-04 20:47:28'),(14,5,'浅色拉格',0,'2026-06-06 13:34:00'),(15,5,'深色拉格',1,'2026-06-06 13:34:00'),(16,5,'创意拉格',2,'2026-06-06 13:34:00'),(17,6,'浅色拉格',0,'2026-06-06 14:03:45'),(18,6,'深色拉格',1,'2026-06-06 14:03:45'),(19,7,'浅色拉格',0,'2026-06-09 21:47:16'),(20,7,'深色拉格',1,'2026-06-09 21:47:16'),(494,481,'浅色拉格',0,'2026-06-17 18:20:55'),(495,481,'深色拉格',1,'2026-06-17 18:20:55');
/*!40000 ALTER TABLE `competition_category` ENABLE KEYS */;
UNLOCK TABLES;

--
-- Table structure for table `competition_judge_assignment`
--

DROP TABLE IF EXISTS `competition_judge_assignment`;
/*!40101 SET @saved_cs_client     = @@character_set_client */;
/*!50503 SET character_set_client = utf8mb4 */;
CREATE TABLE `competition_judge_assignment` (
  `id` bigint NOT NULL AUTO_INCREMENT COMMENT '主键ID',
  `competition_id` bigint NOT NULL COMMENT '所属比赛ID',
  `base_table_id` bigint NOT NULL COMMENT '基础评审桌ID',
  `judge_account_id` bigint NOT NULL COMMENT '评委账号ID',
  `role` varchar(32) NOT NULL COMMENT '评委在基础桌的角色',
  `create_time` datetime NOT NULL DEFAULT CURRENT_TIMESTAMP COMMENT '创建时间',
  PRIMARY KEY (`id`),
  UNIQUE KEY `uk_competition_judge_assignment` (`competition_id`,`judge_account_id`),
  KEY `idx_competition_judge_assignment_table` (`base_table_id`)
) ENGINE=InnoDB AUTO_INCREMENT=1886 DEFAULT CHARSET=utf8mb4 COLLATE=utf8mb4_0900_ai_ci COMMENT='比赛基础评审桌评委分配表';
/*!40101 SET character_set_client = @saved_cs_client */;

--
-- Dumping data for table `competition_judge_assignment`
--

LOCK TABLES `competition_judge_assignment` WRITE;
/*!40000 ALTER TABLE `competition_judge_assignment` DISABLE KEYS */;
INSERT INTO `competition_judge_assignment` VALUES (1,2,6,2,'CAPTAIN','2026-06-03 15:27:45'),(2,2,7,3,'CAPTAIN','2026-06-03 15:27:45'),(3,3,8,21,'CAPTAIN','2026-06-04 19:15:22'),(4,3,8,20,'PROFESSIONAL','2026-06-04 19:15:22'),(5,3,8,19,'CROSS','2026-06-04 19:15:22'),(6,3,9,18,'CAPTAIN','2026-06-04 19:15:22'),(7,3,9,17,'PROFESSIONAL','2026-06-04 19:15:22'),(8,3,9,16,'CROSS','2026-06-04 19:15:22'),(9,3,10,15,'CAPTAIN','2026-06-04 19:15:22'),(10,3,10,14,'PROFESSIONAL','2026-06-04 19:15:22'),(11,3,10,13,'CROSS','2026-06-04 19:15:22'),(21,4,15,19,'CROSS','2026-06-04 21:33:23'),(22,4,15,20,'PROFESSIONAL','2026-06-04 21:33:23'),(23,4,15,21,'CAPTAIN','2026-06-04 21:33:23'),(24,4,16,17,'PROFESSIONAL','2026-06-04 21:33:23'),(25,4,16,18,'CAPTAIN','2026-06-04 21:33:23'),(26,4,17,15,'PROFESSIONAL','2026-06-04 21:33:23'),(27,4,17,16,'CAPTAIN','2026-06-04 21:33:23'),(28,4,18,13,'PROFESSIONAL','2026-06-04 21:33:23'),(29,4,18,14,'CAPTAIN','2026-06-04 21:33:23'),(51,6,28,19,'CROSS','2026-06-06 15:30:46'),(52,6,28,20,'PROFESSIONAL','2026-06-06 15:30:46'),(53,6,28,21,'CAPTAIN','2026-06-06 15:30:46'),(54,6,29,17,'PROFESSIONAL','2026-06-06 15:30:46'),(55,6,29,18,'CAPTAIN','2026-06-06 15:30:46'),(67,7,56,19,'CROSS','2026-06-10 17:41:41'),(68,7,56,20,'PROFESSIONAL','2026-06-10 17:41:41'),(69,7,56,21,'CAPTAIN','2026-06-10 17:41:41'),(70,7,57,18,'CAPTAIN','2026-06-10 17:41:41'),(1670,481,534,19,'CROSS','2026-06-17 22:57:31'),(1671,481,534,20,'PROFESSIONAL','2026-06-17 22:57:31'),(1672,481,534,21,'CAPTAIN','2026-06-17 22:57:31');
/*!40000 ALTER TABLE `competition_judge_assignment` ENABLE KEYS */;
UNLOCK TABLES;

--
-- Table structure for table `competition_judge_table`
--

DROP TABLE IF EXISTS `competition_judge_table`;
/*!40101 SET @saved_cs_client     = @@character_set_client */;
/*!50503 SET character_set_client = utf8mb4 */;
CREATE TABLE `competition_judge_table` (
  `id` bigint NOT NULL AUTO_INCREMENT COMMENT '主键ID',
  `competition_id` bigint NOT NULL COMMENT '所属比赛ID',
  `table_name` varchar(64) NOT NULL COMMENT '基础评审桌名称',
  `sort_order` int NOT NULL DEFAULT '0' COMMENT '展示排序',
  `create_time` datetime NOT NULL DEFAULT CURRENT_TIMESTAMP COMMENT '创建时间',
  `update_time` datetime NOT NULL DEFAULT CURRENT_TIMESTAMP ON UPDATE CURRENT_TIMESTAMP COMMENT '更新时间',
  PRIMARY KEY (`id`),
  UNIQUE KEY `uk_competition_judge_table_name` (`competition_id`,`table_name`)
) ENGINE=InnoDB AUTO_INCREMENT=668 DEFAULT CHARSET=utf8mb4 COLLATE=utf8mb4_0900_ai_ci COMMENT='比赛基础评审桌配置表';
/*!40101 SET character_set_client = @saved_cs_client */;

--
-- Dumping data for table `competition_judge_table`
--

LOCK TABLES `competition_judge_table` WRITE;
/*!40000 ALTER TABLE `competition_judge_table` DISABLE KEYS */;
INSERT INTO `competition_judge_table` VALUES (3,1,'A桌',0,'2026-06-03 09:32:27','2026-06-03 09:32:27'),(6,2,'A桌',0,'2026-06-03 13:01:57','2026-06-03 13:01:57'),(7,2,'B桌',1,'2026-06-03 13:01:57','2026-06-03 13:01:57'),(8,3,'A桌',0,'2026-06-04 19:15:22','2026-06-04 19:15:22'),(9,3,'B桌',1,'2026-06-04 19:15:22','2026-06-04 19:15:22'),(10,3,'C桌',2,'2026-06-04 19:15:22','2026-06-04 19:15:22'),(15,4,'A桌',0,'2026-06-04 21:33:23','2026-06-04 21:33:23'),(16,4,'B桌',1,'2026-06-04 21:33:23','2026-06-04 21:33:23'),(17,4,'C桌',2,'2026-06-04 21:33:23','2026-06-04 21:33:23'),(18,4,'D桌',3,'2026-06-04 21:33:23','2026-06-04 21:33:23'),(28,6,'A桌',0,'2026-06-06 15:30:46','2026-06-06 15:30:46'),(29,6,'B桌',1,'2026-06-06 15:30:46','2026-06-06 15:30:46'),(56,7,'A桌',0,'2026-06-10 17:41:41','2026-06-10 17:41:41'),(57,7,'B桌',1,'2026-06-10 17:41:41','2026-06-10 17:41:41'),(534,481,'A桌',0,'2026-06-17 19:44:29','2026-06-17 19:44:29');
/*!40000 ALTER TABLE `competition_judge_table` ENABLE KEYS */;
UNLOCK TABLES;

--
-- Table structure for table `competition_round`
--

DROP TABLE IF EXISTS `competition_round`;
/*!40101 SET @saved_cs_client     = @@character_set_client */;
/*!50503 SET character_set_client = utf8mb4 */;
CREATE TABLE `competition_round` (
  `id` bigint NOT NULL AUTO_INCREMENT COMMENT '主键ID',
  `competition_id` bigint NOT NULL COMMENT '所属比赛ID',
  `round_no` int NOT NULL COMMENT '轮次序号',
  `round_name` varchar(64) NOT NULL COMMENT '轮次名称',
  `round_type` varchar(32) NOT NULL COMMENT '轮次类型',
  `source_round_id` bigint DEFAULT NULL COMMENT '来源轮次ID',
  `status` varchar(32) NOT NULL COMMENT '轮次状态',
  `sort_order` int NOT NULL DEFAULT '0' COMMENT '展示排序',
  `published_time` datetime DEFAULT NULL COMMENT '发布时间',
  `submitted_time` datetime DEFAULT NULL COMMENT '提交时间',
  `locked_time` datetime DEFAULT NULL COMMENT '锁定时间',
  `create_time` datetime NOT NULL DEFAULT CURRENT_TIMESTAMP COMMENT '创建时间',
  `update_time` datetime NOT NULL DEFAULT CURRENT_TIMESTAMP ON UPDATE CURRENT_TIMESTAMP COMMENT '更新时间',
  PRIMARY KEY (`id`),
  UNIQUE KEY `uk_competition_round_no` (`competition_id`,`round_no`),
  KEY `idx_competition_round_source` (`source_round_id`)
) ENGINE=InnoDB AUTO_INCREMENT=232 DEFAULT CHARSET=utf8mb4 COLLATE=utf8mb4_0900_ai_ci COMMENT='比赛评审轮次表';
/*!40101 SET character_set_client = @saved_cs_client */;

--
-- Dumping data for table `competition_round`
--

LOCK TABLES `competition_round` WRITE;
/*!40000 ALTER TABLE `competition_round` DISABLE KEYS */;
INSERT INTO `competition_round` VALUES (1,2,1,'第一轮','SCORE',NULL,'PUBLISHED',1,'2026-06-03 21:13:26',NULL,NULL,'2026-06-03 15:27:45','2026-06-03 15:27:45'),(2,4,1,'第一轮','SCORE',NULL,'LOCKED',1,'2026-06-04 21:33:39',NULL,'2026-06-05 13:28:40','2026-06-04 21:33:23','2026-06-05 13:00:33'),(10,4,2,'第二轮','RANKING',2,'LOCKED',2,'2026-06-05 14:24:27','2026-06-05 15:28:46','2026-06-05 15:29:04','2026-06-05 13:28:11','2026-06-05 13:28:11'),(11,4,3,'第三轮','RANKING',10,'LOCKED',3,'2026-06-05 15:59:49','2026-06-05 16:00:33','2026-06-05 21:52:10','2026-06-05 14:31:14','2026-06-05 14:31:14'),(12,6,1,'第一轮','SCORE',NULL,'LOCKED',1,'2026-06-06 15:31:06','2026-06-06 16:09:59','2026-06-06 16:23:58','2026-06-06 15:30:46','2026-06-06 15:30:46'),(13,6,2,'第二轮','RANKING',12,'IN_PROGRESS',2,'2026-06-06 16:38:59',NULL,NULL,'2026-06-06 16:20:30','2026-06-06 16:20:30'),(14,7,1,'第一轮','SCORE',NULL,'LOCKED',1,'2026-06-10 18:42:50',NULL,'2026-06-10 22:30:00','2026-06-10 17:41:41','2026-06-10 17:41:41'),(15,7,2,'第二轮','RANKING',14,'LOCKED',2,'2026-06-10 22:31:19','2026-06-10 23:50:18','2026-06-10 23:51:23','2026-06-10 22:30:38','2026-06-10 22:30:38'),(16,7,3,'决赛轮','RANKING',15,'LOCKED',3,'2026-06-10 23:52:09','2026-06-11 00:08:00','2026-06-11 00:08:25','2026-06-10 23:51:32','2026-06-10 23:51:32'),(193,481,1,'首轮','SCORE',NULL,'PUBLISHED',1,'2026-06-17 22:34:59',NULL,NULL,'2026-06-17 19:44:29','2026-06-17 19:44:29');
/*!40000 ALTER TABLE `competition_round` ENABLE KEYS */;
UNLOCK TABLES;

--
-- Table structure for table `competition_score_config`
--

DROP TABLE IF EXISTS `competition_score_config`;
/*!40101 SET @saved_cs_client     = @@character_set_client */;
/*!50503 SET character_set_client = utf8mb4 */;
CREATE TABLE `competition_score_config` (
  `id` bigint NOT NULL AUTO_INCREMENT COMMENT '主键ID',
  `competition_id` bigint NOT NULL COMMENT '所属比赛ID',
  `judge_role_type` varchar(32) NOT NULL COMMENT '评委角色类型',
  `min_comment_length` int NOT NULL DEFAULT '0' COMMENT '评语最小字数',
  `dimensions_json` json NOT NULL COMMENT '评分维度JSON',
  `create_time` datetime NOT NULL DEFAULT CURRENT_TIMESTAMP COMMENT '创建时间',
  `update_time` datetime NOT NULL DEFAULT CURRENT_TIMESTAMP ON UPDATE CURRENT_TIMESTAMP COMMENT '更新时间',
  PRIMARY KEY (`id`),
  UNIQUE KEY `uk_competition_score_config` (`competition_id`,`judge_role_type`)
) ENGINE=InnoDB AUTO_INCREMENT=1840 DEFAULT CHARSET=utf8mb4 COLLATE=utf8mb4_0900_ai_ci COMMENT='比赛评分表配置表';
/*!40101 SET character_set_client = @saved_cs_client */;

--
-- Dumping data for table `competition_score_config`
--

LOCK TABLES `competition_score_config` WRITE;
/*!40000 ALTER TABLE `competition_score_config` DISABLE KEYS */;
INSERT INTO `competition_score_config` VALUES (1,1,'CROSS',0,'[{\"key\": \"impression\", \"label\": \"整体感受\", \"maxScore\": 20}, {\"key\": \"drinkability\", \"label\": \"适饮性\", \"maxScore\": 20}, {\"key\": \"story\", \"label\": \"记忆点\", \"maxScore\": 10}]','2026-06-02 21:39:35','2026-06-03 09:32:27'),(2,1,'PROFESSIONAL',0,'[{\"key\": \"aroma\", \"label\": \"香气\", \"maxScore\": 12}, {\"key\": \"appearance\", \"label\": \"外观\", \"maxScore\": 3}, {\"key\": \"flavor\", \"label\": \"味道\", \"maxScore\": 20}, {\"key\": \"mouthfeel\", \"label\": \"口感\", \"maxScore\": 5}, {\"key\": \"overall\", \"label\": \"整体印象\", \"maxScore\": 10}]','2026-06-02 21:39:35','2026-06-03 09:33:56'),(3,1,'CAPTAIN',0,'[{\"key\": \"consensus\", \"label\": \"共识评分\", \"maxScore\": 50}]','2026-06-02 21:39:35','2026-06-03 09:33:56'),(10,2,'CROSS',50,'[{\"key\": \"cross_1\", \"label\": \"整体感受\", \"score\": null, \"maxScore\": 20, \"notePrompt\": \"描述第一印象、愉悦度和整体完成度。\"}, {\"key\": \"cross_2\", \"label\": \"适饮性\", \"score\": null, \"maxScore\": 20, \"notePrompt\": \"描述是否易饮、是否愿意继续饮用。\"}, {\"key\": \"cross_3\", \"label\": \"记忆点\", \"score\": null, \"maxScore\": 10, \"notePrompt\": \"描述最容易被记住的风味或体验。\"}]','2026-06-03 09:42:07','2026-06-03 09:42:07'),(11,2,'PROFESSIONAL',30,'[{\"key\": \"professional_1\", \"label\": \"香气\", \"score\": null, \"maxScore\": 12, \"notePrompt\": \"描述香气强度、干净度和主要香气来源。\"}, {\"key\": \"professional_2\", \"label\": \"外观\", \"score\": null, \"maxScore\": 3, \"notePrompt\": \"描述颜色、清澈度、泡沫和持久性。\"}, {\"key\": \"professional_3\", \"label\": \"味道\", \"score\": null, \"maxScore\": 20, \"notePrompt\": \"描述甜苦酸平衡、风味层次和缺陷。\"}, {\"key\": \"professional_4\", \"label\": \"口感\", \"score\": null, \"maxScore\": 5, \"notePrompt\": \"描述酒体、杀口感、顺滑度和余味。\"}, {\"key\": \"professional_5\", \"label\": \"整体印象\", \"score\": null, \"maxScore\": 10, \"notePrompt\": \"汇总整体表现、完成度和改进建议。\"}]','2026-06-03 09:42:07','2026-06-03 09:42:07'),(12,2,'CAPTAIN',30,'[{\"key\": \"captain_1\", \"label\": \"共识评分\", \"score\": null, \"maxScore\": 50, \"notePrompt\": \"桌长讨论后填写独立共识分。\"}]','2026-06-03 09:42:07','2026-06-03 09:42:07'),(13,3,'CROSS',50,'[{\"key\": \"cross_1\", \"label\": \"整体感受\", \"score\": null, \"maxScore\": 20, \"notePrompt\": \"描述第一印象、愉悦度和整体完成度。\"}, {\"key\": \"cross_2\", \"label\": \"适饮性\", \"score\": null, \"maxScore\": 20, \"notePrompt\": \"描述是否易饮、是否愿意继续饮用。\"}, {\"key\": \"cross_3\", \"label\": \"记忆点\", \"score\": null, \"maxScore\": 10, \"notePrompt\": \"描述最容易被记住的风味或体验。\"}]','2026-06-03 20:03:44','2026-06-03 20:03:44'),(14,3,'PROFESSIONAL',30,'[{\"key\": \"professional_1\", \"label\": \"香气\", \"score\": null, \"maxScore\": 12, \"notePrompt\": \"描述香气强度、干净度和主要香气来源。\"}, {\"key\": \"professional_2\", \"label\": \"外观\", \"score\": null, \"maxScore\": 3, \"notePrompt\": \"描述颜色、清澈度、泡沫和持久性。\"}, {\"key\": \"professional_3\", \"label\": \"味道\", \"score\": null, \"maxScore\": 20, \"notePrompt\": \"描述甜苦酸平衡、风味层次和缺陷。\"}, {\"key\": \"professional_4\", \"label\": \"口感\", \"score\": null, \"maxScore\": 5, \"notePrompt\": \"描述酒体、杀口感、顺滑度和余味。\"}, {\"key\": \"professional_5\", \"label\": \"整体印象\", \"score\": null, \"maxScore\": 10, \"notePrompt\": \"汇总整体表现、完成度和改进建议。\"}]','2026-06-03 20:03:44','2026-06-03 20:03:44'),(15,3,'CAPTAIN',30,'[{\"key\": \"captain_1\", \"label\": \"共识评分\", \"score\": null, \"maxScore\": 50, \"notePrompt\": \"桌长讨论后填写独立共识分。\"}]','2026-06-03 20:03:44','2026-06-03 20:03:44'),(16,4,'CROSS',50,'[{\"key\": \"cross_1\", \"label\": \"整体感受\", \"score\": null, \"maxScore\": 20, \"notePrompt\": \"描述第一印象、愉悦度和整体完成度。\"}, {\"key\": \"cross_2\", \"label\": \"适饮性\", \"score\": null, \"maxScore\": 20, \"notePrompt\": \"描述是否易饮、是否愿意继续饮用。\"}, {\"key\": \"cross_3\", \"label\": \"记忆点\", \"score\": null, \"maxScore\": 10, \"notePrompt\": \"描述最容易被记住的风味或体验。\"}]','2026-06-04 20:47:29','2026-06-04 20:47:29'),(17,4,'PROFESSIONAL',30,'[{\"key\": \"professional_1\", \"label\": \"香气\", \"score\": null, \"maxScore\": 12, \"notePrompt\": \"描述香气强度、干净度和主要香气来源。\"}, {\"key\": \"professional_2\", \"label\": \"外观\", \"score\": null, \"maxScore\": 3, \"notePrompt\": \"描述颜色、清澈度、泡沫和持久性。\"}, {\"key\": \"professional_3\", \"label\": \"味道\", \"score\": null, \"maxScore\": 20, \"notePrompt\": \"描述甜苦酸平衡、风味层次和缺陷。\"}, {\"key\": \"professional_4\", \"label\": \"口感\", \"score\": null, \"maxScore\": 5, \"notePrompt\": \"描述酒体、杀口感、顺滑度和余味。\"}, {\"key\": \"professional_5\", \"label\": \"整体印象\", \"score\": null, \"maxScore\": 10, \"notePrompt\": \"汇总整体表现、完成度和改进建议。\"}]','2026-06-04 20:47:29','2026-06-04 20:47:29'),(18,4,'CAPTAIN',30,'[{\"key\": \"captain_1\", \"label\": \"共识评分\", \"score\": null, \"maxScore\": 50, \"notePrompt\": \"桌长讨论后填写独立共识分。\"}]','2026-06-04 20:47:29','2026-06-04 20:47:29'),(19,5,'CROSS',50,'[{\"key\": \"cross_1\", \"note\": null, \"label\": \"整体感受\", \"score\": null, \"maxScore\": 20, \"notePrompt\": \"描述第一印象、愉悦度和整体完成度。\"}, {\"key\": \"cross_2\", \"note\": null, \"label\": \"适饮性\", \"score\": null, \"maxScore\": 20, \"notePrompt\": \"描述是否易饮、是否愿意继续饮用。\"}, {\"key\": \"cross_3\", \"note\": null, \"label\": \"记忆点\", \"score\": null, \"maxScore\": 10, \"notePrompt\": \"描述最容易被记住的风味或体验。\"}]','2026-06-06 13:34:00','2026-06-06 13:34:00'),(20,5,'PROFESSIONAL',30,'[{\"key\": \"professional_1\", \"note\": null, \"label\": \"香气\", \"score\": null, \"maxScore\": 12, \"notePrompt\": \"描述香气强度、干净度和主要香气来源。\"}, {\"key\": \"professional_2\", \"note\": null, \"label\": \"外观\", \"score\": null, \"maxScore\": 3, \"notePrompt\": \"描述颜色、清澈度、泡沫和持久性。\"}, {\"key\": \"professional_3\", \"note\": null, \"label\": \"味道\", \"score\": null, \"maxScore\": 20, \"notePrompt\": \"描述甜苦酸平衡、风味层次和缺陷。\"}, {\"key\": \"professional_4\", \"note\": null, \"label\": \"口感\", \"score\": null, \"maxScore\": 5, \"notePrompt\": \"描述酒体、杀口感、顺滑度和余味。\"}, {\"key\": \"professional_5\", \"note\": null, \"label\": \"整体印象\", \"score\": null, \"maxScore\": 10, \"notePrompt\": \"汇总整体表现、完成度和改进建议。\"}]','2026-06-06 13:34:00','2026-06-06 13:34:00'),(21,5,'CAPTAIN',30,'[{\"key\": \"captain_1\", \"note\": null, \"label\": \"共识评分\", \"score\": null, \"maxScore\": 50, \"notePrompt\": \"桌长讨论后填写独立共识分。\"}]','2026-06-06 13:34:00','2026-06-06 13:34:00'),(22,6,'CROSS',50,'[{\"key\": \"cross_1\", \"note\": null, \"label\": \"整体感受\", \"score\": null, \"maxScore\": 20, \"notePrompt\": \"描述第一印象、愉悦度和整体完成度。\"}, {\"key\": \"cross_2\", \"note\": null, \"label\": \"适饮性\", \"score\": null, \"maxScore\": 20, \"notePrompt\": \"描述是否易饮、是否愿意继续饮用。\"}, {\"key\": \"cross_3\", \"note\": null, \"label\": \"记忆点\", \"score\": null, \"maxScore\": 10, \"notePrompt\": \"描述最容易被记住的风味或体验。\"}]','2026-06-06 14:03:46','2026-06-06 14:03:46'),(23,6,'PROFESSIONAL',30,'[{\"key\": \"professional_1\", \"note\": null, \"label\": \"香气\", \"score\": null, \"maxScore\": 12, \"notePrompt\": \"描述香气强度、干净度和主要香气来源。\"}, {\"key\": \"professional_2\", \"note\": null, \"label\": \"外观\", \"score\": null, \"maxScore\": 3, \"notePrompt\": \"描述颜色、清澈度、泡沫和持久性。\"}, {\"key\": \"professional_3\", \"note\": null, \"label\": \"味道\", \"score\": null, \"maxScore\": 20, \"notePrompt\": \"描述甜苦酸平衡、风味层次和缺陷。\"}, {\"key\": \"professional_4\", \"note\": null, \"label\": \"口感\", \"score\": null, \"maxScore\": 5, \"notePrompt\": \"描述酒体、杀口感、顺滑度和余味。\"}, {\"key\": \"professional_5\", \"note\": null, \"label\": \"整体印象\", \"score\": null, \"maxScore\": 10, \"notePrompt\": \"汇总整体表现、完成度和改进建议。\"}]','2026-06-06 14:03:46','2026-06-06 14:03:46'),(24,6,'CAPTAIN',30,'[{\"key\": \"captain_1\", \"note\": null, \"label\": \"共识评分\", \"score\": null, \"maxScore\": 50, \"notePrompt\": \"桌长讨论后填写独立共识分。\"}]','2026-06-06 14:03:46','2026-06-06 14:03:46'),(25,7,'CROSS',50,'[{\"key\": \"cross_1\", \"note\": null, \"label\": \"整体感受\", \"score\": null, \"maxScore\": 20, \"notePrompt\": \"描述第一印象、愉悦度和整体完成度。\"}, {\"key\": \"cross_2\", \"note\": null, \"label\": \"适饮性\", \"score\": null, \"maxScore\": 20, \"notePrompt\": \"描述是否易饮、是否愿意继续饮用。\"}, {\"key\": \"cross_3\", \"note\": null, \"label\": \"记忆点\", \"score\": null, \"maxScore\": 10, \"notePrompt\": \"描述最容易被记住的风味或体验。\"}]','2026-06-09 21:47:16','2026-06-09 21:47:16'),(26,7,'PROFESSIONAL',30,'[{\"key\": \"professional_1\", \"note\": null, \"label\": \"香气\", \"score\": null, \"maxScore\": 12, \"notePrompt\": \"描述香气强度、干净度和主要香气来源。\"}, {\"key\": \"professional_2\", \"note\": null, \"label\": \"外观\", \"score\": null, \"maxScore\": 3, \"notePrompt\": \"描述颜色、清澈度、泡沫和持久性。\"}, {\"key\": \"professional_3\", \"note\": null, \"label\": \"味道\", \"score\": null, \"maxScore\": 20, \"notePrompt\": \"描述甜苦酸平衡、风味层次和缺陷。\"}, {\"key\": \"professional_4\", \"note\": null, \"label\": \"口感\", \"score\": null, \"maxScore\": 5, \"notePrompt\": \"描述酒体、杀口感、顺滑度和余味。\"}, {\"key\": \"professional_5\", \"note\": null, \"label\": \"整体印象\", \"score\": null, \"maxScore\": 10, \"notePrompt\": \"汇总整体表现、完成度和改进建议。\"}]','2026-06-09 21:47:16','2026-06-09 21:47:16'),(27,7,'CAPTAIN',30,'[{\"key\": \"captain_1\", \"note\": null, \"label\": \"共识评分\", \"score\": null, \"maxScore\": 50, \"notePrompt\": \"桌长讨论后填写独立共识分。\"}]','2026-06-09 21:47:16','2026-06-09 21:47:16'),(1447,481,'CROSS',50,'[{\"key\": \"cross_1\", \"note\": null, \"label\": \"整体感受\", \"score\": null, \"maxScore\": 20, \"notePrompt\": \"描述第一印象、愉悦度和整体完成度。\"}, {\"key\": \"cross_2\", \"note\": null, \"label\": \"适饮性\", \"score\": null, \"maxScore\": 20, \"notePrompt\": \"描述是否易饮、是否愿意继续饮用。\"}, {\"key\": \"cross_3\", \"note\": null, \"label\": \"记忆点\", \"score\": null, \"maxScore\": 10, \"notePrompt\": \"描述最容易被记住的风味或体验。\"}]','2026-06-17 18:20:55','2026-06-17 18:20:55'),(1448,481,'PROFESSIONAL',30,'[{\"key\": \"professional_1\", \"note\": null, \"label\": \"香气\", \"score\": null, \"maxScore\": 12, \"notePrompt\": \"描述香气强度、干净度和主要香气来源。\"}, {\"key\": \"professional_2\", \"note\": null, \"label\": \"外观\", \"score\": null, \"maxScore\": 3, \"notePrompt\": \"描述颜色、清澈度、泡沫和持久性。\"}, {\"key\": \"professional_3\", \"note\": null, \"label\": \"味道\", \"score\": null, \"maxScore\": 20, \"notePrompt\": \"描述甜苦酸平衡、风味层次和缺陷。\"}, {\"key\": \"professional_4\", \"note\": null, \"label\": \"口感\", \"score\": null, \"maxScore\": 5, \"notePrompt\": \"描述酒体、杀口感、顺滑度和余味。\"}, {\"key\": \"professional_5\", \"note\": null, \"label\": \"整体印象\", \"score\": null, \"maxScore\": 10, \"notePrompt\": \"汇总整体表现、完成度和改进建议。\"}]','2026-06-17 18:20:55','2026-06-17 18:20:55'),(1449,481,'CAPTAIN',30,'[{\"key\": \"captain_1\", \"note\": null, \"label\": \"共识评分\", \"score\": null, \"maxScore\": 50, \"notePrompt\": \"桌长讨论后填写独立共识分。\"}]','2026-06-17 18:20:55','2026-06-17 18:20:55');
/*!40000 ALTER TABLE `competition_score_config` ENABLE KEYS */;
UNLOCK TABLES;

--
-- Table structure for table `competition_style_config`
--

DROP TABLE IF EXISTS `competition_style_config`;
/*!40101 SET @saved_cs_client     = @@character_set_client */;
/*!50503 SET character_set_client = utf8mb4 */;
CREATE TABLE `competition_style_config` (
  `id` bigint NOT NULL AUTO_INCREMENT COMMENT '主键ID',
  `competition_id` bigint NOT NULL COMMENT '所属比赛ID',
  `name` varchar(128) NOT NULL COMMENT '风格名称',
  `category_name` varchar(128) DEFAULT NULL COMMENT '风格分类名称',
  `style_code` varchar(64) DEFAULT NULL COMMENT '风格编码',
  `description` varchar(500) DEFAULT NULL COMMENT '说明',
  `sort_order` int NOT NULL DEFAULT '0' COMMENT '展示排序',
  `create_time` datetime NOT NULL DEFAULT CURRENT_TIMESTAMP COMMENT '创建时间',
  PRIMARY KEY (`id`),
  UNIQUE KEY `uk_competition_style_name` (`competition_id`,`name`)
) ENGINE=InnoDB AUTO_INCREMENT=1213 DEFAULT CHARSET=utf8mb4 COLLATE=utf8mb4_0900_ai_ci COMMENT='比赛可选基础风格配置表';
/*!40101 SET character_set_client = @saved_cs_client */;

--
-- Dumping data for table `competition_style_config`
--

LOCK TABLES `competition_style_config` WRITE;
/*!40000 ALTER TABLE `competition_style_config` DISABLE KEYS */;
INSERT INTO `competition_style_config` VALUES (1,1,'American IPA','IPA','21A',NULL,1,'2026-06-02 21:39:35'),(2,1,'Double IPA','IPA','22A',NULL,2,'2026-06-02 21:39:35'),(3,1,'Pilsner','拉格','5D',NULL,3,'2026-06-02 21:39:35'),(14,2,'American IPA','IPA','21A',NULL,0,'2026-06-03 13:02:23'),(15,2,'Double IPA','IPA','22A',NULL,1,'2026-06-03 13:02:23'),(16,2,'Pilsner','拉格','5D',NULL,2,'2026-06-03 13:02:23'),(17,2,'Imperial Stout','世涛与酸啤','20C',NULL,3,'2026-06-03 13:02:23'),(18,2,'Mixed Fermentation Sour','世涛与酸啤','28B',NULL,4,'2026-06-03 13:02:23'),(19,2,'Gose','世涛与酸啤','27A',NULL,5,'2026-06-03 13:02:23'),(20,2,'Helles','拉格','4A',NULL,6,'2026-06-03 13:02:23'),(21,2,'Saison','IPA','25B',NULL,7,'2026-06-03 13:02:23'),(22,3,'American IPA','IPA','21A',NULL,0,'2026-06-03 20:03:44'),(23,3,'Double IPA','IPA','22A',NULL,1,'2026-06-03 20:03:44'),(24,3,'Pilsner','拉格','5D',NULL,2,'2026-06-03 20:03:44'),(25,3,'Imperial Stout','世涛与酸啤','20C',NULL,3,'2026-06-03 20:03:44'),(26,3,'Mixed Fermentation Sour','世涛与酸啤','28B',NULL,4,'2026-06-03 20:03:44'),(27,3,'Gose','世涛与酸啤','27A',NULL,5,'2026-06-03 20:03:44'),(28,3,'Helles','拉格','4A',NULL,6,'2026-06-03 20:03:44'),(29,3,'Saison','IPA','25B',NULL,7,'2026-06-03 20:03:44'),(30,4,'美式淡拉格','1. 标准型美国啤酒','1A',NULL,0,'2026-06-04 20:47:28'),(31,4,'美式拉格','1. 标准型美国啤酒','1B',NULL,1,'2026-06-04 20:47:28'),(32,4,'奶油艾尔','1. 标准型美国啤酒','1C',NULL,2,'2026-06-04 20:47:28'),(33,4,'美式小麦啤酒','1. 标准型美国啤酒','1D',NULL,3,'2026-06-04 20:47:28'),(34,4,'国际浅色拉格','2. 国际拉格','2A',NULL,4,'2026-06-04 20:47:28'),(35,4,'国际琥珀色拉格','2. 国际拉格','2B',NULL,5,'2026-06-04 20:47:28'),(36,4,'国际深色拉格','2. 国际拉格','2C',NULL,6,'2026-06-04 20:47:28'),(37,4,'捷克浅色拉格','3. 捷克拉格','3A',NULL,7,'2026-06-04 20:47:28'),(38,4,'捷克优质浅色拉格','3. 捷克拉格','3B',NULL,8,'2026-06-04 20:47:28'),(39,4,'捷克琥珀色拉格','3. 捷克拉格','3C',NULL,9,'2026-06-04 20:47:28'),(40,4,'捷克深色拉格','3. 捷克拉格','3D',NULL,10,'2026-06-04 20:47:28'),(41,4,'慕尼黑清亮拉格','4. 浅色麦芽型欧洲拉格','4A',NULL,11,'2026-06-04 20:47:28'),(42,4,'节庆啤酒','4. 浅色麦芽型欧洲拉格','4B',NULL,12,'2026-06-04 20:47:28'),(43,4,'清亮博克','4. 浅色麦芽型欧洲拉格','4C',NULL,13,'2026-06-04 20:47:28'),(44,4,'德式低醇啤酒','5. 浅色苦味型欧洲啤酒','5A',NULL,14,'2026-06-04 20:47:28'),(45,4,'科隆啤酒','5. 浅色苦味型欧洲啤酒','5B',NULL,15,'2026-06-04 20:47:28'),(46,4,'德式清亮出口啤酒','5. 浅色苦味型欧洲啤酒','5C',NULL,16,'2026-06-04 20:47:28'),(47,4,'德式皮尔森','5. 浅色苦味型欧洲啤酒','5D',NULL,17,'2026-06-04 20:47:28'),(48,4,'三月啤酒','6. 琥珀色麦芽型欧洲拉格','6A',NULL,18,'2026-06-04 20:47:28'),(49,4,'烟熏啤酒','6. 琥珀色麦芽型欧洲拉格','6B',NULL,19,'2026-06-04 20:47:28'),(50,4,'深色博克','6. 琥珀色麦芽型欧洲拉格','6C',NULL,20,'2026-06-04 20:47:28'),(51,4,'维也纳拉格','7. 琥珀色苦味型欧洲啤酒','7A',NULL,21,'2026-06-04 20:47:28'),(52,4,'老啤酒','7. 琥珀色苦味型欧洲啤酒','7B',NULL,22,'2026-06-04 20:47:28'),(53,4,'慕尼黑深色拉格','8. 深色欧洲拉格','8A',NULL,23,'2026-06-04 20:47:28'),(54,4,'黑啤酒','8. 深色欧洲拉格','8B',NULL,24,'2026-06-04 20:47:28'),(55,4,'双料博克','9. 高酒精度欧洲啤酒','9A',NULL,25,'2026-06-04 20:47:28'),(56,4,'冰博克','9. 高酒精度欧洲啤酒','9B',NULL,26,'2026-06-04 20:47:28'),(57,4,'波罗的海波特','9. 高酒精度欧洲啤酒','9C',NULL,27,'2026-06-04 20:47:28'),(58,4,'德式小麦啤酒','10. 德国小麦啤酒','10A',NULL,28,'2026-06-04 20:47:28'),(59,4,'深色德式小麦啤酒','10. 德国小麦啤酒','10B',NULL,29,'2026-06-04 20:47:28'),(60,4,'小麦博克','10. 德国小麦啤酒','10C',NULL,30,'2026-06-04 20:47:28'),(61,4,'普通苦啤','11. 英式苦啤','11A',NULL,31,'2026-06-04 20:47:28'),(62,4,'优质苦啤','11. 英式苦啤','11B',NULL,32,'2026-06-04 20:47:28'),(63,4,'强烈苦啤','11. 英式苦啤','11C',NULL,33,'2026-06-04 20:47:28'),(64,4,'英式金色艾尔','12. 浅色英联邦啤酒','12A',NULL,34,'2026-06-04 20:47:28'),(65,4,'澳大利亚闪亮艾尔','12. 浅色英联邦啤酒','12B',NULL,35,'2026-06-04 20:47:28'),(66,4,'英式 IPA','12. 浅色英联邦啤酒','12C',NULL,36,'2026-06-04 20:47:28'),(67,4,'深色低酒精艾尔','13. 棕色英式啤酒','13A',NULL,37,'2026-06-04 20:47:28'),(68,4,'英式棕色艾尔','13. 棕色英式啤酒','13B',NULL,38,'2026-06-04 20:47:28'),(69,4,'英式波特','13. 棕色英式啤酒','13C',NULL,39,'2026-06-04 20:47:28'),(70,4,'苏格兰淡艾尔','14. 苏格兰艾尔','14A',NULL,40,'2026-06-04 20:47:28'),(71,4,'苏格兰重艾尔','14. 苏格兰艾尔','14B',NULL,41,'2026-06-04 20:47:28'),(72,4,'苏格兰出口艾尔','14. 苏格兰艾尔','14C',NULL,42,'2026-06-04 20:47:28'),(73,4,'爱尔兰红艾尔','15. 爱尔兰啤酒','15A',NULL,43,'2026-06-04 20:47:28'),(74,4,'爱尔兰世涛','15. 爱尔兰啤酒','15B',NULL,44,'2026-06-04 20:47:28'),(75,4,'爱尔兰加强世涛','15. 爱尔兰啤酒','15C',NULL,45,'2026-06-04 20:47:28'),(76,4,'甜世涛','16. 深色英式啤酒','16A',NULL,46,'2026-06-04 20:47:28'),(77,4,'燕麦世涛','16. 深色英式啤酒','16B',NULL,47,'2026-06-04 20:47:28'),(78,4,'热带世涛','16. 深色英式啤酒','16C',NULL,48,'2026-06-04 20:47:28'),(79,4,'外国加强世涛','16. 深色英式啤酒','16D',NULL,49,'2026-06-04 20:47:28'),(80,4,'英式强艾尔','17. 高酒精度英式艾尔','17A',NULL,50,'2026-06-04 20:47:28'),(81,4,'老艾尔','17. 高酒精度英式艾尔','17B',NULL,51,'2026-06-04 20:47:28'),(82,4,'威重艾尔','17. 高酒精度英式艾尔','17C',NULL,52,'2026-06-04 20:47:28'),(83,4,'英式大麦酒','17. 高酒精度英式艾尔','17D',NULL,53,'2026-06-04 20:47:28'),(84,4,'金色艾尔','18. 浅色美式艾尔','18A',NULL,54,'2026-06-04 20:47:28'),(85,4,'美式浅色艾尔','18. 浅色美式艾尔','18B',NULL,55,'2026-06-04 20:47:28'),(86,4,'美式琥珀艾尔','19. 琥珀色与棕色美式啤酒','19A',NULL,56,'2026-06-04 20:47:28'),(87,4,'加州普通啤酒','19. 琥珀色与棕色美式啤酒','19B',NULL,57,'2026-06-04 20:47:29'),(88,4,'美式棕色艾尔','19. 琥珀色与棕色美式啤酒','19C',NULL,58,'2026-06-04 20:47:29'),(89,4,'美式波特','20. 美式波特与世涛','20A',NULL,59,'2026-06-04 20:47:29'),(90,4,'美式世涛','20. 美式波特与世涛','20B',NULL,60,'2026-06-04 20:47:29'),(91,4,'帝国世涛','20. 美式波特与世涛','20C',NULL,61,'2026-06-04 20:47:29'),(92,4,'美式 IPA','21. IPA','21A',NULL,62,'2026-06-04 20:47:29'),(93,4,'特色 IPA','21. IPA','21B',NULL,63,'2026-06-04 20:47:29'),(94,4,'浑浊 IPA','21. IPA','21C',NULL,64,'2026-06-04 20:47:29'),(95,4,'双倍 IPA','22. 高酒精度美式艾尔','22A',NULL,65,'2026-06-04 20:47:29'),(96,4,'美式强艾尔','22. 高酒精度美式艾尔','22B',NULL,66,'2026-06-04 20:47:29'),(97,4,'美式大麦酒','22. 高酒精度美式艾尔','22C',NULL,67,'2026-06-04 20:47:29'),(98,4,'小麦酒','22. 高酒精度美式艾尔','22D',NULL,68,'2026-06-04 20:47:29'),(99,4,'柏林酸小麦','23. 欧洲酸艾尔','23A',NULL,69,'2026-06-04 20:47:29'),(100,4,'法兰德斯红艾尔','23. 欧洲酸艾尔','23B',NULL,70,'2026-06-04 20:47:29'),(101,4,'老棕啤酒','23. 欧洲酸艾尔','23C',NULL,71,'2026-06-04 20:47:29'),(102,4,'兰比克','23. 欧洲酸艾尔','23D',NULL,72,'2026-06-04 20:47:29'),(103,4,'贵兹','23. 欧洲酸艾尔','23E',NULL,73,'2026-06-04 20:47:29'),(104,4,'水果兰比克','23. 欧洲酸艾尔','23F',NULL,74,'2026-06-04 20:47:29'),(105,4,'古斯','23. 欧洲酸艾尔','23G',NULL,75,'2026-06-04 20:47:29'),(106,4,'比利时白啤','24. 比利时艾尔','24A',NULL,76,'2026-06-04 20:47:29'),(107,4,'比利时浅色艾尔','24. 比利时艾尔','24B',NULL,77,'2026-06-04 20:47:29'),(108,4,'护卫啤酒','24. 比利时艾尔','24C',NULL,78,'2026-06-04 20:47:29'),(109,4,'比利时金色艾尔','25. 高酒精度比利时艾尔','25A',NULL,79,'2026-06-04 20:47:29'),(110,4,'赛松','25. 高酒精度比利时艾尔','25B',NULL,80,'2026-06-04 20:47:29'),(111,4,'比利时金色烈性艾尔','25. 高酒精度比利时艾尔','25C',NULL,81,'2026-06-04 20:47:29'),(112,4,'比利时单料','26. 修道院艾尔','26A',NULL,82,'2026-06-04 20:47:29'),(113,4,'比利时双料','26. 修道院艾尔','26B',NULL,83,'2026-06-04 20:47:29'),(114,4,'比利时三料','26. 修道院艾尔','26C',NULL,84,'2026-06-04 20:47:29'),(115,4,'比利时深色烈性艾尔','26. 修道院艾尔','26D',NULL,85,'2026-06-04 20:47:29'),(116,4,'地窖啤酒','27. 历史啤酒','27A',NULL,86,'2026-06-04 20:47:29'),(117,4,'肯塔基普通啤酒','27. 历史啤酒','27B',NULL,87,'2026-06-04 20:47:29'),(118,4,'利希滕海纳','27. 历史啤酒','27C',NULL,88,'2026-06-04 20:47:29'),(119,4,'伦敦棕色艾尔','27. 历史啤酒','27D',NULL,89,'2026-06-04 20:47:29'),(120,4,'格罗季斯克啤酒','27. 历史啤酒','27E',NULL,90,'2026-06-04 20:47:29'),(121,4,'禁酒令前拉格','27. 历史啤酒','27F',NULL,91,'2026-06-04 20:47:29'),(122,4,'禁酒令前波特','27. 历史啤酒','27G',NULL,92,'2026-06-04 20:47:29'),(123,4,'黑麦啤酒','27. 历史啤酒','27H',NULL,93,'2026-06-04 20:47:29'),(124,4,'萨赫蒂','27. 历史啤酒','27I',NULL,94,'2026-06-04 20:47:29'),(125,4,'布雷特啤酒','28. 美式野菌艾尔','28A',NULL,95,'2026-06-04 20:47:29'),(126,4,'混合发酵酸啤','28. 美式野菌艾尔','28B',NULL,96,'2026-06-04 20:47:29'),(127,4,'野菌特色啤酒','28. 美式野菌艾尔','28C',NULL,97,'2026-06-04 20:47:29'),(128,4,'纯酸啤酒','28. 美式野菌艾尔','28D',NULL,98,'2026-06-04 20:47:29'),(129,4,'水果啤酒','29. 水果啤酒','29A',NULL,99,'2026-06-04 20:47:29'),(130,4,'水果香料啤酒','29. 水果啤酒','29B',NULL,100,'2026-06-04 20:47:29'),(131,4,'特色水果啤酒','29. 水果啤酒','29C',NULL,101,'2026-06-04 20:47:29'),(132,4,'葡萄艾尔','29. 水果啤酒','29D',NULL,102,'2026-06-04 20:47:29'),(133,4,'香料、草本或蔬菜啤酒','30. 香料啤酒','30A',NULL,103,'2026-06-04 20:47:29'),(134,4,'秋季时令啤酒','30. 香料啤酒','30B',NULL,104,'2026-06-04 20:47:29'),(135,4,'冬季时令啤酒','30. 香料啤酒','30C',NULL,105,'2026-06-04 20:47:29'),(136,4,'特色香料啤酒','30. 香料啤酒','30D',NULL,106,'2026-06-04 20:47:29'),(137,4,'替代谷物啤酒','31. 替代发酵原料啤酒','31A',NULL,107,'2026-06-04 20:47:29'),(138,4,'替代糖类啤酒','31. 替代发酵原料啤酒','31B',NULL,108,'2026-06-04 20:47:29'),(139,4,'经典风格烟熏啤酒','32. 烟熏啤酒','32A',NULL,109,'2026-06-04 20:47:29'),(140,4,'特色烟熏啤酒','32. 烟熏啤酒','32B',NULL,110,'2026-06-04 20:47:29'),(141,4,'木材陈酿啤酒','33. 木材啤酒','33A',NULL,111,'2026-06-04 20:47:29'),(142,4,'特色木材陈酿啤酒','33. 木材啤酒','33B',NULL,112,'2026-06-04 20:47:29'),(143,4,'商业特色啤酒','34. 特色啤酒','34A',NULL,113,'2026-06-04 20:47:29'),(144,4,'混合风格啤酒','34. 特色啤酒','34B',NULL,114,'2026-06-04 20:47:29'),(145,4,'实验啤酒','34. 特色啤酒','34C',NULL,115,'2026-06-04 20:47:29'),(146,5,'美式淡拉格','1. 标准型美国啤酒','1A',NULL,0,'2026-06-06 13:34:00'),(147,5,'美式拉格','1. 标准型美国啤酒','1B',NULL,1,'2026-06-06 13:34:00'),(148,5,'奶油艾尔','1. 标准型美国啤酒','1C',NULL,2,'2026-06-06 13:34:00'),(149,5,'美式小麦啤酒','1. 标准型美国啤酒','1D',NULL,3,'2026-06-06 13:34:00'),(150,5,'国际浅色拉格','2. 国际拉格','2A',NULL,4,'2026-06-06 13:34:00'),(151,5,'国际琥珀色拉格','2. 国际拉格','2B',NULL,5,'2026-06-06 13:34:00'),(152,5,'国际深色拉格','2. 国际拉格','2C',NULL,6,'2026-06-06 13:34:00'),(153,5,'捷克浅色拉格','3. 捷克拉格','3A',NULL,7,'2026-06-06 13:34:00'),(154,5,'捷克优质浅色拉格','3. 捷克拉格','3B',NULL,8,'2026-06-06 13:34:00'),(155,5,'捷克琥珀色拉格','3. 捷克拉格','3C',NULL,9,'2026-06-06 13:34:00'),(156,5,'捷克深色拉格','3. 捷克拉格','3D',NULL,10,'2026-06-06 13:34:00'),(157,5,'慕尼黑清亮拉格','4. 浅色麦芽型欧洲拉格','4A',NULL,11,'2026-06-06 13:34:00'),(158,5,'节庆啤酒','4. 浅色麦芽型欧洲拉格','4B',NULL,12,'2026-06-06 13:34:00'),(159,5,'清亮博克','4. 浅色麦芽型欧洲拉格','4C',NULL,13,'2026-06-06 13:34:00'),(160,5,'德式低醇啤酒','5. 浅色苦味型欧洲啤酒','5A',NULL,14,'2026-06-06 13:34:00'),(161,5,'科隆啤酒','5. 浅色苦味型欧洲啤酒','5B',NULL,15,'2026-06-06 13:34:00'),(162,5,'德式清亮出口啤酒','5. 浅色苦味型欧洲啤酒','5C',NULL,16,'2026-06-06 13:34:00'),(163,5,'德式皮尔森','5. 浅色苦味型欧洲啤酒','5D',NULL,17,'2026-06-06 13:34:00'),(164,5,'三月啤酒','6. 琥珀色麦芽型欧洲拉格','6A',NULL,18,'2026-06-06 13:34:00'),(165,5,'烟熏啤酒','6. 琥珀色麦芽型欧洲拉格','6B',NULL,19,'2026-06-06 13:34:00'),(166,5,'深色博克','6. 琥珀色麦芽型欧洲拉格','6C',NULL,20,'2026-06-06 13:34:00'),(167,5,'维也纳拉格','7. 琥珀色苦味型欧洲啤酒','7A',NULL,21,'2026-06-06 13:34:00'),(168,5,'老啤酒','7. 琥珀色苦味型欧洲啤酒','7B',NULL,22,'2026-06-06 13:34:00'),(169,5,'慕尼黑深色拉格','8. 深色欧洲拉格','8A',NULL,23,'2026-06-06 13:34:00'),(170,5,'黑啤酒','8. 深色欧洲拉格','8B',NULL,24,'2026-06-06 13:34:00'),(171,5,'双料博克','9. 高酒精度欧洲啤酒','9A',NULL,25,'2026-06-06 13:34:00'),(172,5,'冰博克','9. 高酒精度欧洲啤酒','9B',NULL,26,'2026-06-06 13:34:00'),(173,5,'波罗的海波特','9. 高酒精度欧洲啤酒','9C',NULL,27,'2026-06-06 13:34:00'),(174,5,'德式小麦啤酒','10. 德国小麦啤酒','10A',NULL,28,'2026-06-06 13:34:00'),(175,5,'深色德式小麦啤酒','10. 德国小麦啤酒','10B',NULL,29,'2026-06-06 13:34:00'),(176,5,'小麦博克','10. 德国小麦啤酒','10C',NULL,30,'2026-06-06 13:34:00'),(177,5,'普通苦啤','11. 英式苦啤','11A',NULL,31,'2026-06-06 13:34:00'),(178,5,'优质苦啤','11. 英式苦啤','11B',NULL,32,'2026-06-06 13:34:00'),(179,5,'强烈苦啤','11. 英式苦啤','11C',NULL,33,'2026-06-06 13:34:00'),(180,5,'英式金色艾尔','12. 浅色英联邦啤酒','12A',NULL,34,'2026-06-06 13:34:00'),(181,5,'澳大利亚闪亮艾尔','12. 浅色英联邦啤酒','12B',NULL,35,'2026-06-06 13:34:00'),(182,5,'英式 IPA','12. 浅色英联邦啤酒','12C',NULL,36,'2026-06-06 13:34:00'),(183,5,'深色低酒精艾尔','13. 棕色英式啤酒','13A',NULL,37,'2026-06-06 13:34:00'),(184,5,'英式棕色艾尔','13. 棕色英式啤酒','13B',NULL,38,'2026-06-06 13:34:00'),(185,5,'英式波特','13. 棕色英式啤酒','13C',NULL,39,'2026-06-06 13:34:00'),(186,5,'苏格兰淡艾尔','14. 苏格兰艾尔','14A',NULL,40,'2026-06-06 13:34:00'),(187,5,'苏格兰重艾尔','14. 苏格兰艾尔','14B',NULL,41,'2026-06-06 13:34:00'),(188,5,'苏格兰出口艾尔','14. 苏格兰艾尔','14C',NULL,42,'2026-06-06 13:34:00'),(189,5,'爱尔兰红艾尔','15. 爱尔兰啤酒','15A',NULL,43,'2026-06-06 13:34:00'),(190,5,'爱尔兰世涛','15. 爱尔兰啤酒','15B',NULL,44,'2026-06-06 13:34:00'),(191,5,'爱尔兰加强世涛','15. 爱尔兰啤酒','15C',NULL,45,'2026-06-06 13:34:00'),(192,5,'甜世涛','16. 深色英式啤酒','16A',NULL,46,'2026-06-06 13:34:00'),(193,5,'燕麦世涛','16. 深色英式啤酒','16B',NULL,47,'2026-06-06 13:34:00'),(194,5,'热带世涛','16. 深色英式啤酒','16C',NULL,48,'2026-06-06 13:34:00'),(195,5,'外国加强世涛','16. 深色英式啤酒','16D',NULL,49,'2026-06-06 13:34:00'),(196,5,'英式强艾尔','17. 高酒精度英式艾尔','17A',NULL,50,'2026-06-06 13:34:00'),(197,5,'老艾尔','17. 高酒精度英式艾尔','17B',NULL,51,'2026-06-06 13:34:00'),(198,5,'威重艾尔','17. 高酒精度英式艾尔','17C',NULL,52,'2026-06-06 13:34:00'),(199,5,'英式大麦酒','17. 高酒精度英式艾尔','17D',NULL,53,'2026-06-06 13:34:00'),(200,5,'金色艾尔','18. 浅色美式艾尔','18A',NULL,54,'2026-06-06 13:34:00'),(201,5,'美式浅色艾尔','18. 浅色美式艾尔','18B',NULL,55,'2026-06-06 13:34:00'),(202,5,'美式琥珀艾尔','19. 琥珀色与棕色美式啤酒','19A',NULL,56,'2026-06-06 13:34:00'),(203,5,'加州普通啤酒','19. 琥珀色与棕色美式啤酒','19B',NULL,57,'2026-06-06 13:34:00'),(204,5,'美式棕色艾尔','19. 琥珀色与棕色美式啤酒','19C',NULL,58,'2026-06-06 13:34:00'),(205,5,'美式波特','20. 美式波特与世涛','20A',NULL,59,'2026-06-06 13:34:00'),(206,5,'美式世涛','20. 美式波特与世涛','20B',NULL,60,'2026-06-06 13:34:00'),(207,5,'帝国世涛','20. 美式波特与世涛','20C',NULL,61,'2026-06-06 13:34:00'),(208,5,'美式 IPA','21. IPA','21A',NULL,62,'2026-06-06 13:34:00'),(209,5,'特色 IPA','21. IPA','21B',NULL,63,'2026-06-06 13:34:00'),(210,5,'浑浊 IPA','21. IPA','21C',NULL,64,'2026-06-06 13:34:00'),(211,5,'双倍 IPA','22. 高酒精度美式艾尔','22A',NULL,65,'2026-06-06 13:34:00'),(212,5,'美式强艾尔','22. 高酒精度美式艾尔','22B',NULL,66,'2026-06-06 13:34:00'),(213,5,'美式大麦酒','22. 高酒精度美式艾尔','22C',NULL,67,'2026-06-06 13:34:00'),(214,5,'小麦酒','22. 高酒精度美式艾尔','22D',NULL,68,'2026-06-06 13:34:00'),(215,5,'柏林酸小麦','23. 欧洲酸艾尔','23A',NULL,69,'2026-06-06 13:34:00'),(216,5,'法兰德斯红艾尔','23. 欧洲酸艾尔','23B',NULL,70,'2026-06-06 13:34:00'),(217,5,'老棕啤酒','23. 欧洲酸艾尔','23C',NULL,71,'2026-06-06 13:34:00'),(218,5,'兰比克','23. 欧洲酸艾尔','23D',NULL,72,'2026-06-06 13:34:00'),(219,5,'贵兹','23. 欧洲酸艾尔','23E',NULL,73,'2026-06-06 13:34:00'),(220,5,'水果兰比克','23. 欧洲酸艾尔','23F',NULL,74,'2026-06-06 13:34:00'),(221,5,'古斯','23. 欧洲酸艾尔','23G',NULL,75,'2026-06-06 13:34:00'),(222,5,'比利时白啤','24. 比利时艾尔','24A',NULL,76,'2026-06-06 13:34:00'),(223,5,'比利时浅色艾尔','24. 比利时艾尔','24B',NULL,77,'2026-06-06 13:34:00'),(224,5,'护卫啤酒','24. 比利时艾尔','24C',NULL,78,'2026-06-06 13:34:00'),(225,5,'比利时金色艾尔','25. 高酒精度比利时艾尔','25A',NULL,79,'2026-06-06 13:34:00'),(226,5,'赛松','25. 高酒精度比利时艾尔','25B',NULL,80,'2026-06-06 13:34:00'),(227,5,'比利时金色烈性艾尔','25. 高酒精度比利时艾尔','25C',NULL,81,'2026-06-06 13:34:00'),(228,5,'比利时单料','26. 修道院艾尔','26A',NULL,82,'2026-06-06 13:34:00'),(229,5,'比利时双料','26. 修道院艾尔','26B',NULL,83,'2026-06-06 13:34:00'),(230,5,'比利时三料','26. 修道院艾尔','26C',NULL,84,'2026-06-06 13:34:00'),(231,5,'比利时深色烈性艾尔','26. 修道院艾尔','26D',NULL,85,'2026-06-06 13:34:00'),(232,5,'地窖啤酒','27. 历史啤酒','27A',NULL,86,'2026-06-06 13:34:00'),(233,5,'肯塔基普通啤酒','27. 历史啤酒','27B',NULL,87,'2026-06-06 13:34:00'),(234,5,'利希滕海纳','27. 历史啤酒','27C',NULL,88,'2026-06-06 13:34:00'),(235,5,'伦敦棕色艾尔','27. 历史啤酒','27D',NULL,89,'2026-06-06 13:34:00'),(236,5,'格罗季斯克啤酒','27. 历史啤酒','27E',NULL,90,'2026-06-06 13:34:00'),(237,5,'禁酒令前拉格','27. 历史啤酒','27F',NULL,91,'2026-06-06 13:34:00'),(238,5,'禁酒令前波特','27. 历史啤酒','27G',NULL,92,'2026-06-06 13:34:00'),(239,5,'黑麦啤酒','27. 历史啤酒','27H',NULL,93,'2026-06-06 13:34:00'),(240,5,'萨赫蒂','27. 历史啤酒','27I',NULL,94,'2026-06-06 13:34:00'),(241,5,'布雷特啤酒','28. 美式野菌艾尔','28A',NULL,95,'2026-06-06 13:34:00'),(242,5,'混合发酵酸啤','28. 美式野菌艾尔','28B',NULL,96,'2026-06-06 13:34:00'),(243,5,'野菌特色啤酒','28. 美式野菌艾尔','28C',NULL,97,'2026-06-06 13:34:00'),(244,5,'纯酸啤酒','28. 美式野菌艾尔','28D',NULL,98,'2026-06-06 13:34:00'),(245,5,'水果啤酒','29. 水果啤酒','29A',NULL,99,'2026-06-06 13:34:00'),(246,5,'水果香料啤酒','29. 水果啤酒','29B',NULL,100,'2026-06-06 13:34:00'),(247,5,'特色水果啤酒','29. 水果啤酒','29C',NULL,101,'2026-06-06 13:34:00'),(248,5,'葡萄艾尔','29. 水果啤酒','29D',NULL,102,'2026-06-06 13:34:00'),(249,5,'香料、草本或蔬菜啤酒','30. 香料啤酒','30A',NULL,103,'2026-06-06 13:34:00'),(250,5,'秋季时令啤酒','30. 香料啤酒','30B',NULL,104,'2026-06-06 13:34:00'),(251,5,'冬季时令啤酒','30. 香料啤酒','30C',NULL,105,'2026-06-06 13:34:00'),(252,5,'特色香料啤酒','30. 香料啤酒','30D',NULL,106,'2026-06-06 13:34:00'),(253,5,'替代谷物啤酒','31. 替代发酵原料啤酒','31A',NULL,107,'2026-06-06 13:34:00'),(254,5,'替代糖类啤酒','31. 替代发酵原料啤酒','31B',NULL,108,'2026-06-06 13:34:00'),(255,5,'经典风格烟熏啤酒','32. 烟熏啤酒','32A',NULL,109,'2026-06-06 13:34:00'),(256,5,'特色烟熏啤酒','32. 烟熏啤酒','32B',NULL,110,'2026-06-06 13:34:00'),(257,5,'木材陈酿啤酒','33. 木材啤酒','33A',NULL,111,'2026-06-06 13:34:00'),(258,5,'特色木材陈酿啤酒','33. 木材啤酒','33B',NULL,112,'2026-06-06 13:34:00'),(259,5,'商业特色啤酒','34. 特色啤酒','34A',NULL,113,'2026-06-06 13:34:00'),(260,5,'混合风格啤酒','34. 特色啤酒','34B',NULL,114,'2026-06-06 13:34:00'),(261,5,'实验啤酒','34. 特色啤酒','34C',NULL,115,'2026-06-06 13:34:00'),(262,6,'美式淡拉格','1. 标准型美国啤酒','1A',NULL,0,'2026-06-06 14:03:45'),(263,6,'美式拉格','1. 标准型美国啤酒','1B',NULL,1,'2026-06-06 14:03:45'),(264,6,'奶油艾尔','1. 标准型美国啤酒','1C',NULL,2,'2026-06-06 14:03:45'),(265,6,'美式小麦啤酒','1. 标准型美国啤酒','1D',NULL,3,'2026-06-06 14:03:45'),(266,6,'国际浅色拉格','2. 国际拉格','2A',NULL,4,'2026-06-06 14:03:45'),(267,6,'国际琥珀色拉格','2. 国际拉格','2B',NULL,5,'2026-06-06 14:03:45'),(268,6,'国际深色拉格','2. 国际拉格','2C',NULL,6,'2026-06-06 14:03:45'),(269,6,'捷克浅色拉格','3. 捷克拉格','3A',NULL,7,'2026-06-06 14:03:45'),(270,6,'捷克优质浅色拉格','3. 捷克拉格','3B',NULL,8,'2026-06-06 14:03:45'),(271,6,'捷克琥珀色拉格','3. 捷克拉格','3C',NULL,9,'2026-06-06 14:03:45'),(272,6,'捷克深色拉格','3. 捷克拉格','3D',NULL,10,'2026-06-06 14:03:45'),(273,6,'慕尼黑清亮拉格','4. 浅色麦芽型欧洲拉格','4A',NULL,11,'2026-06-06 14:03:45'),(274,6,'节庆啤酒','4. 浅色麦芽型欧洲拉格','4B',NULL,12,'2026-06-06 14:03:45'),(275,6,'清亮博克','4. 浅色麦芽型欧洲拉格','4C',NULL,13,'2026-06-06 14:03:45'),(276,6,'德式低醇啤酒','5. 浅色苦味型欧洲啤酒','5A',NULL,14,'2026-06-06 14:03:45'),(277,6,'科隆啤酒','5. 浅色苦味型欧洲啤酒','5B',NULL,15,'2026-06-06 14:03:45'),(278,6,'德式清亮出口啤酒','5. 浅色苦味型欧洲啤酒','5C',NULL,16,'2026-06-06 14:03:45'),(279,6,'德式皮尔森','5. 浅色苦味型欧洲啤酒','5D',NULL,17,'2026-06-06 14:03:45'),(280,6,'三月啤酒','6. 琥珀色麦芽型欧洲拉格','6A',NULL,18,'2026-06-06 14:03:45'),(281,6,'烟熏啤酒','6. 琥珀色麦芽型欧洲拉格','6B',NULL,19,'2026-06-06 14:03:45'),(282,6,'深色博克','6. 琥珀色麦芽型欧洲拉格','6C',NULL,20,'2026-06-06 14:03:45'),(283,6,'维也纳拉格','7. 琥珀色苦味型欧洲啤酒','7A',NULL,21,'2026-06-06 14:03:45'),(284,6,'老啤酒','7. 琥珀色苦味型欧洲啤酒','7B',NULL,22,'2026-06-06 14:03:45'),(285,6,'慕尼黑深色拉格','8. 深色欧洲拉格','8A',NULL,23,'2026-06-06 14:03:45'),(286,6,'黑啤酒','8. 深色欧洲拉格','8B',NULL,24,'2026-06-06 14:03:45'),(287,6,'双料博克','9. 高酒精度欧洲啤酒','9A',NULL,25,'2026-06-06 14:03:45'),(288,6,'冰博克','9. 高酒精度欧洲啤酒','9B',NULL,26,'2026-06-06 14:03:45'),(289,6,'波罗的海波特','9. 高酒精度欧洲啤酒','9C',NULL,27,'2026-06-06 14:03:45'),(290,6,'德式小麦啤酒','10. 德国小麦啤酒','10A',NULL,28,'2026-06-06 14:03:45'),(291,6,'深色德式小麦啤酒','10. 德国小麦啤酒','10B',NULL,29,'2026-06-06 14:03:45'),(292,6,'小麦博克','10. 德国小麦啤酒','10C',NULL,30,'2026-06-06 14:03:45'),(293,6,'普通苦啤','11. 英式苦啤','11A',NULL,31,'2026-06-06 14:03:45'),(294,6,'优质苦啤','11. 英式苦啤','11B',NULL,32,'2026-06-06 14:03:46'),(295,6,'强烈苦啤','11. 英式苦啤','11C',NULL,33,'2026-06-06 14:03:46'),(296,6,'英式金色艾尔','12. 浅色英联邦啤酒','12A',NULL,34,'2026-06-06 14:03:46'),(297,6,'澳大利亚闪亮艾尔','12. 浅色英联邦啤酒','12B',NULL,35,'2026-06-06 14:03:46'),(298,6,'英式 IPA','12. 浅色英联邦啤酒','12C',NULL,36,'2026-06-06 14:03:46'),(299,6,'深色低酒精艾尔','13. 棕色英式啤酒','13A',NULL,37,'2026-06-06 14:03:46'),(300,6,'英式棕色艾尔','13. 棕色英式啤酒','13B',NULL,38,'2026-06-06 14:03:46'),(301,6,'英式波特','13. 棕色英式啤酒','13C',NULL,39,'2026-06-06 14:03:46'),(302,6,'苏格兰淡艾尔','14. 苏格兰艾尔','14A',NULL,40,'2026-06-06 14:03:46'),(303,6,'苏格兰重艾尔','14. 苏格兰艾尔','14B',NULL,41,'2026-06-06 14:03:46'),(304,6,'苏格兰出口艾尔','14. 苏格兰艾尔','14C',NULL,42,'2026-06-06 14:03:46'),(305,6,'爱尔兰红艾尔','15. 爱尔兰啤酒','15A',NULL,43,'2026-06-06 14:03:46'),(306,6,'爱尔兰世涛','15. 爱尔兰啤酒','15B',NULL,44,'2026-06-06 14:03:46'),(307,6,'爱尔兰加强世涛','15. 爱尔兰啤酒','15C',NULL,45,'2026-06-06 14:03:46'),(308,6,'甜世涛','16. 深色英式啤酒','16A',NULL,46,'2026-06-06 14:03:46'),(309,6,'燕麦世涛','16. 深色英式啤酒','16B',NULL,47,'2026-06-06 14:03:46'),(310,6,'热带世涛','16. 深色英式啤酒','16C',NULL,48,'2026-06-06 14:03:46'),(311,6,'外国加强世涛','16. 深色英式啤酒','16D',NULL,49,'2026-06-06 14:03:46'),(312,6,'英式强艾尔','17. 高酒精度英式艾尔','17A',NULL,50,'2026-06-06 14:03:46'),(313,6,'老艾尔','17. 高酒精度英式艾尔','17B',NULL,51,'2026-06-06 14:03:46'),(314,6,'威重艾尔','17. 高酒精度英式艾尔','17C',NULL,52,'2026-06-06 14:03:46'),(315,6,'英式大麦酒','17. 高酒精度英式艾尔','17D',NULL,53,'2026-06-06 14:03:46'),(316,6,'金色艾尔','18. 浅色美式艾尔','18A',NULL,54,'2026-06-06 14:03:46'),(317,6,'美式浅色艾尔','18. 浅色美式艾尔','18B',NULL,55,'2026-06-06 14:03:46'),(318,6,'美式琥珀艾尔','19. 琥珀色与棕色美式啤酒','19A',NULL,56,'2026-06-06 14:03:46'),(319,6,'加州普通啤酒','19. 琥珀色与棕色美式啤酒','19B',NULL,57,'2026-06-06 14:03:46'),(320,6,'美式棕色艾尔','19. 琥珀色与棕色美式啤酒','19C',NULL,58,'2026-06-06 14:03:46'),(321,6,'美式波特','20. 美式波特与世涛','20A',NULL,59,'2026-06-06 14:03:46'),(322,6,'美式世涛','20. 美式波特与世涛','20B',NULL,60,'2026-06-06 14:03:46'),(323,6,'帝国世涛','20. 美式波特与世涛','20C',NULL,61,'2026-06-06 14:03:46'),(324,6,'美式 IPA','21. IPA','21A',NULL,62,'2026-06-06 14:03:46'),(325,6,'特色 IPA','21. IPA','21B',NULL,63,'2026-06-06 14:03:46'),(326,6,'浑浊 IPA','21. IPA','21C',NULL,64,'2026-06-06 14:03:46'),(327,6,'双倍 IPA','22. 高酒精度美式艾尔','22A',NULL,65,'2026-06-06 14:03:46'),(328,6,'美式强艾尔','22. 高酒精度美式艾尔','22B',NULL,66,'2026-06-06 14:03:46'),(329,6,'美式大麦酒','22. 高酒精度美式艾尔','22C',NULL,67,'2026-06-06 14:03:46'),(330,6,'小麦酒','22. 高酒精度美式艾尔','22D',NULL,68,'2026-06-06 14:03:46'),(331,6,'柏林酸小麦','23. 欧洲酸艾尔','23A',NULL,69,'2026-06-06 14:03:46'),(332,6,'法兰德斯红艾尔','23. 欧洲酸艾尔','23B',NULL,70,'2026-06-06 14:03:46'),(333,6,'老棕啤酒','23. 欧洲酸艾尔','23C',NULL,71,'2026-06-06 14:03:46'),(334,6,'兰比克','23. 欧洲酸艾尔','23D',NULL,72,'2026-06-06 14:03:46'),(335,6,'贵兹','23. 欧洲酸艾尔','23E',NULL,73,'2026-06-06 14:03:46'),(336,6,'水果兰比克','23. 欧洲酸艾尔','23F',NULL,74,'2026-06-06 14:03:46'),(337,6,'古斯','23. 欧洲酸艾尔','23G',NULL,75,'2026-06-06 14:03:46'),(338,6,'比利时白啤','24. 比利时艾尔','24A',NULL,76,'2026-06-06 14:03:46'),(339,6,'比利时浅色艾尔','24. 比利时艾尔','24B',NULL,77,'2026-06-06 14:03:46'),(340,6,'护卫啤酒','24. 比利时艾尔','24C',NULL,78,'2026-06-06 14:03:46'),(341,6,'比利时金色艾尔','25. 高酒精度比利时艾尔','25A',NULL,79,'2026-06-06 14:03:46'),(342,6,'赛松','25. 高酒精度比利时艾尔','25B',NULL,80,'2026-06-06 14:03:46'),(343,6,'比利时金色烈性艾尔','25. 高酒精度比利时艾尔','25C',NULL,81,'2026-06-06 14:03:46'),(344,6,'比利时单料','26. 修道院艾尔','26A',NULL,82,'2026-06-06 14:03:46'),(345,6,'比利时双料','26. 修道院艾尔','26B',NULL,83,'2026-06-06 14:03:46'),(346,6,'比利时三料','26. 修道院艾尔','26C',NULL,84,'2026-06-06 14:03:46'),(347,6,'比利时深色烈性艾尔','26. 修道院艾尔','26D',NULL,85,'2026-06-06 14:03:46'),(348,6,'地窖啤酒','27. 历史啤酒','27A',NULL,86,'2026-06-06 14:03:46'),(349,6,'肯塔基普通啤酒','27. 历史啤酒','27B',NULL,87,'2026-06-06 14:03:46'),(350,6,'利希滕海纳','27. 历史啤酒','27C',NULL,88,'2026-06-06 14:03:46'),(351,6,'伦敦棕色艾尔','27. 历史啤酒','27D',NULL,89,'2026-06-06 14:03:46'),(352,6,'格罗季斯克啤酒','27. 历史啤酒','27E',NULL,90,'2026-06-06 14:03:46'),(353,6,'禁酒令前拉格','27. 历史啤酒','27F',NULL,91,'2026-06-06 14:03:46'),(354,6,'禁酒令前波特','27. 历史啤酒','27G',NULL,92,'2026-06-06 14:03:46'),(355,6,'黑麦啤酒','27. 历史啤酒','27H',NULL,93,'2026-06-06 14:03:46'),(356,6,'萨赫蒂','27. 历史啤酒','27I',NULL,94,'2026-06-06 14:03:46'),(357,6,'布雷特啤酒','28. 美式野菌艾尔','28A',NULL,95,'2026-06-06 14:03:46'),(358,6,'混合发酵酸啤','28. 美式野菌艾尔','28B',NULL,96,'2026-06-06 14:03:46'),(359,6,'野菌特色啤酒','28. 美式野菌艾尔','28C',NULL,97,'2026-06-06 14:03:46'),(360,6,'纯酸啤酒','28. 美式野菌艾尔','28D',NULL,98,'2026-06-06 14:03:46'),(361,6,'水果啤酒','29. 水果啤酒','29A',NULL,99,'2026-06-06 14:03:46'),(362,6,'水果香料啤酒','29. 水果啤酒','29B',NULL,100,'2026-06-06 14:03:46'),(363,6,'特色水果啤酒','29. 水果啤酒','29C',NULL,101,'2026-06-06 14:03:46'),(364,6,'葡萄艾尔','29. 水果啤酒','29D',NULL,102,'2026-06-06 14:03:46'),(365,6,'香料、草本或蔬菜啤酒','30. 香料啤酒','30A',NULL,103,'2026-06-06 14:03:46'),(366,6,'秋季时令啤酒','30. 香料啤酒','30B',NULL,104,'2026-06-06 14:03:46'),(367,6,'冬季时令啤酒','30. 香料啤酒','30C',NULL,105,'2026-06-06 14:03:46'),(368,6,'特色香料啤酒','30. 香料啤酒','30D',NULL,106,'2026-06-06 14:03:46'),(369,6,'替代谷物啤酒','31. 替代发酵原料啤酒','31A',NULL,107,'2026-06-06 14:03:46'),(370,6,'替代糖类啤酒','31. 替代发酵原料啤酒','31B',NULL,108,'2026-06-06 14:03:46'),(371,6,'经典风格烟熏啤酒','32. 烟熏啤酒','32A',NULL,109,'2026-06-06 14:03:46'),(372,6,'特色烟熏啤酒','32. 烟熏啤酒','32B',NULL,110,'2026-06-06 14:03:46'),(373,6,'木材陈酿啤酒','33. 木材啤酒','33A',NULL,111,'2026-06-06 14:03:46'),(374,6,'特色木材陈酿啤酒','33. 木材啤酒','33B',NULL,112,'2026-06-06 14:03:46'),(375,6,'商业特色啤酒','34. 特色啤酒','34A',NULL,113,'2026-06-06 14:03:46'),(376,6,'混合风格啤酒','34. 特色啤酒','34B',NULL,114,'2026-06-06 14:03:46'),(377,6,'实验啤酒','34. 特色啤酒','34C',NULL,115,'2026-06-06 14:03:46'),(378,7,'美式淡拉格','1. 标准型美国啤酒','1A',NULL,0,'2026-06-09 21:47:16'),(379,7,'美式拉格','1. 标准型美国啤酒','1B',NULL,1,'2026-06-09 21:47:16'),(380,7,'奶油艾尔','1. 标准型美国啤酒','1C',NULL,2,'2026-06-09 21:47:16'),(381,7,'美式小麦啤酒','1. 标准型美国啤酒','1D',NULL,3,'2026-06-09 21:47:16'),(382,7,'国际浅色拉格','2. 国际拉格','2A',NULL,4,'2026-06-09 21:47:16'),(383,7,'国际琥珀色拉格','2. 国际拉格','2B',NULL,5,'2026-06-09 21:47:16'),(384,7,'国际深色拉格','2. 国际拉格','2C',NULL,6,'2026-06-09 21:47:16'),(385,7,'捷克浅色拉格','3. 捷克拉格','3A',NULL,7,'2026-06-09 21:47:16'),(386,7,'捷克优质浅色拉格','3. 捷克拉格','3B',NULL,8,'2026-06-09 21:47:16'),(387,7,'捷克琥珀色拉格','3. 捷克拉格','3C',NULL,9,'2026-06-09 21:47:16'),(388,7,'捷克深色拉格','3. 捷克拉格','3D',NULL,10,'2026-06-09 21:47:16'),(389,7,'慕尼黑清亮拉格','4. 浅色麦芽型欧洲拉格','4A',NULL,11,'2026-06-09 21:47:16'),(390,7,'节庆啤酒','4. 浅色麦芽型欧洲拉格','4B',NULL,12,'2026-06-09 21:47:16'),(391,7,'清亮博克','4. 浅色麦芽型欧洲拉格','4C',NULL,13,'2026-06-09 21:47:16'),(392,7,'德式低醇啤酒','5. 浅色苦味型欧洲啤酒','5A',NULL,14,'2026-06-09 21:47:16'),(393,7,'科隆啤酒','5. 浅色苦味型欧洲啤酒','5B',NULL,15,'2026-06-09 21:47:16'),(394,7,'德式清亮出口啤酒','5. 浅色苦味型欧洲啤酒','5C',NULL,16,'2026-06-09 21:47:16'),(395,7,'德式皮尔森','5. 浅色苦味型欧洲啤酒','5D',NULL,17,'2026-06-09 21:47:16'),(396,7,'三月啤酒','6. 琥珀色麦芽型欧洲拉格','6A',NULL,18,'2026-06-09 21:47:16'),(397,7,'烟熏啤酒','6. 琥珀色麦芽型欧洲拉格','6B',NULL,19,'2026-06-09 21:47:16'),(398,7,'深色博克','6. 琥珀色麦芽型欧洲拉格','6C',NULL,20,'2026-06-09 21:47:16'),(399,7,'维也纳拉格','7. 琥珀色苦味型欧洲啤酒','7A',NULL,21,'2026-06-09 21:47:16'),(400,7,'老啤酒','7. 琥珀色苦味型欧洲啤酒','7B',NULL,22,'2026-06-09 21:47:16'),(401,7,'慕尼黑深色拉格','8. 深色欧洲拉格','8A',NULL,23,'2026-06-09 21:47:16'),(402,7,'黑啤酒','8. 深色欧洲拉格','8B',NULL,24,'2026-06-09 21:47:16'),(403,7,'双料博克','9. 高酒精度欧洲啤酒','9A',NULL,25,'2026-06-09 21:47:16'),(404,7,'冰博克','9. 高酒精度欧洲啤酒','9B',NULL,26,'2026-06-09 21:47:16'),(405,7,'波罗的海波特','9. 高酒精度欧洲啤酒','9C',NULL,27,'2026-06-09 21:47:16'),(406,7,'德式小麦啤酒','10. 德国小麦啤酒','10A',NULL,28,'2026-06-09 21:47:16'),(407,7,'深色德式小麦啤酒','10. 德国小麦啤酒','10B',NULL,29,'2026-06-09 21:47:16'),(408,7,'小麦博克','10. 德国小麦啤酒','10C',NULL,30,'2026-06-09 21:47:16'),(409,7,'普通苦啤','11. 英式苦啤','11A',NULL,31,'2026-06-09 21:47:16'),(410,7,'优质苦啤','11. 英式苦啤','11B',NULL,32,'2026-06-09 21:47:16'),(411,7,'强烈苦啤','11. 英式苦啤','11C',NULL,33,'2026-06-09 21:47:16'),(412,7,'英式金色艾尔','12. 浅色英联邦啤酒','12A',NULL,34,'2026-06-09 21:47:16'),(413,7,'澳大利亚闪亮艾尔','12. 浅色英联邦啤酒','12B',NULL,35,'2026-06-09 21:47:16'),(414,7,'英式 IPA','12. 浅色英联邦啤酒','12C',NULL,36,'2026-06-09 21:47:16'),(415,7,'深色低酒精艾尔','13. 棕色英式啤酒','13A',NULL,37,'2026-06-09 21:47:16'),(416,7,'英式棕色艾尔','13. 棕色英式啤酒','13B',NULL,38,'2026-06-09 21:47:16'),(417,7,'英式波特','13. 棕色英式啤酒','13C',NULL,39,'2026-06-09 21:47:16'),(418,7,'苏格兰淡艾尔','14. 苏格兰艾尔','14A',NULL,40,'2026-06-09 21:47:16'),(419,7,'苏格兰重艾尔','14. 苏格兰艾尔','14B',NULL,41,'2026-06-09 21:47:16'),(420,7,'苏格兰出口艾尔','14. 苏格兰艾尔','14C',NULL,42,'2026-06-09 21:47:16'),(421,7,'爱尔兰红艾尔','15. 爱尔兰啤酒','15A',NULL,43,'2026-06-09 21:47:16'),(422,7,'爱尔兰世涛','15. 爱尔兰啤酒','15B',NULL,44,'2026-06-09 21:47:16'),(423,7,'爱尔兰加强世涛','15. 爱尔兰啤酒','15C',NULL,45,'2026-06-09 21:47:16'),(424,7,'甜世涛','16. 深色英式啤酒','16A',NULL,46,'2026-06-09 21:47:16'),(425,7,'燕麦世涛','16. 深色英式啤酒','16B',NULL,47,'2026-06-09 21:47:16'),(426,7,'热带世涛','16. 深色英式啤酒','16C',NULL,48,'2026-06-09 21:47:16'),(427,7,'外国加强世涛','16. 深色英式啤酒','16D',NULL,49,'2026-06-09 21:47:16'),(428,7,'英式强艾尔','17. 高酒精度英式艾尔','17A',NULL,50,'2026-06-09 21:47:16'),(429,7,'老艾尔','17. 高酒精度英式艾尔','17B',NULL,51,'2026-06-09 21:47:16'),(430,7,'威重艾尔','17. 高酒精度英式艾尔','17C',NULL,52,'2026-06-09 21:47:16'),(431,7,'英式大麦酒','17. 高酒精度英式艾尔','17D',NULL,53,'2026-06-09 21:47:16'),(432,7,'金色艾尔','18. 浅色美式艾尔','18A',NULL,54,'2026-06-09 21:47:16'),(433,7,'美式浅色艾尔','18. 浅色美式艾尔','18B',NULL,55,'2026-06-09 21:47:16'),(434,7,'美式琥珀艾尔','19. 琥珀色与棕色美式啤酒','19A',NULL,56,'2026-06-09 21:47:16'),(435,7,'加州普通啤酒','19. 琥珀色与棕色美式啤酒','19B',NULL,57,'2026-06-09 21:47:16'),(436,7,'美式棕色艾尔','19. 琥珀色与棕色美式啤酒','19C',NULL,58,'2026-06-09 21:47:16'),(437,7,'美式波特','20. 美式波特与世涛','20A',NULL,59,'2026-06-09 21:47:16'),(438,7,'美式世涛','20. 美式波特与世涛','20B',NULL,60,'2026-06-09 21:47:16'),(439,7,'帝国世涛','20. 美式波特与世涛','20C',NULL,61,'2026-06-09 21:47:16'),(440,7,'美式 IPA','21. IPA','21A',NULL,62,'2026-06-09 21:47:16'),(441,7,'特色 IPA','21. IPA','21B',NULL,63,'2026-06-09 21:47:16'),(442,7,'浑浊 IPA','21. IPA','21C',NULL,64,'2026-06-09 21:47:16'),(443,7,'双倍 IPA','22. 高酒精度美式艾尔','22A',NULL,65,'2026-06-09 21:47:16'),(444,7,'美式强艾尔','22. 高酒精度美式艾尔','22B',NULL,66,'2026-06-09 21:47:16'),(445,7,'美式大麦酒','22. 高酒精度美式艾尔','22C',NULL,67,'2026-06-09 21:47:16'),(446,7,'小麦酒','22. 高酒精度美式艾尔','22D',NULL,68,'2026-06-09 21:47:16'),(447,7,'柏林酸小麦','23. 欧洲酸艾尔','23A',NULL,69,'2026-06-09 21:47:16'),(448,7,'法兰德斯红艾尔','23. 欧洲酸艾尔','23B',NULL,70,'2026-06-09 21:47:16'),(449,7,'老棕啤酒','23. 欧洲酸艾尔','23C',NULL,71,'2026-06-09 21:47:16'),(450,7,'兰比克','23. 欧洲酸艾尔','23D',NULL,72,'2026-06-09 21:47:16'),(451,7,'贵兹','23. 欧洲酸艾尔','23E',NULL,73,'2026-06-09 21:47:16'),(452,7,'水果兰比克','23. 欧洲酸艾尔','23F',NULL,74,'2026-06-09 21:47:16'),(453,7,'古斯','23. 欧洲酸艾尔','23G',NULL,75,'2026-06-09 21:47:16'),(454,7,'比利时白啤','24. 比利时艾尔','24A',NULL,76,'2026-06-09 21:47:16'),(455,7,'比利时浅色艾尔','24. 比利时艾尔','24B',NULL,77,'2026-06-09 21:47:16'),(456,7,'护卫啤酒','24. 比利时艾尔','24C',NULL,78,'2026-06-09 21:47:16'),(457,7,'比利时金色艾尔','25. 高酒精度比利时艾尔','25A',NULL,79,'2026-06-09 21:47:16'),(458,7,'赛松','25. 高酒精度比利时艾尔','25B',NULL,80,'2026-06-09 21:47:16'),(459,7,'比利时金色烈性艾尔','25. 高酒精度比利时艾尔','25C',NULL,81,'2026-06-09 21:47:16'),(460,7,'比利时单料','26. 修道院艾尔','26A',NULL,82,'2026-06-09 21:47:16'),(461,7,'比利时双料','26. 修道院艾尔','26B',NULL,83,'2026-06-09 21:47:16'),(462,7,'比利时三料','26. 修道院艾尔','26C',NULL,84,'2026-06-09 21:47:16'),(463,7,'比利时深色烈性艾尔','26. 修道院艾尔','26D',NULL,85,'2026-06-09 21:47:16'),(464,7,'地窖啤酒','27. 历史啤酒','27A',NULL,86,'2026-06-09 21:47:16'),(465,7,'肯塔基普通啤酒','27. 历史啤酒','27B',NULL,87,'2026-06-09 21:47:16'),(466,7,'利希滕海纳','27. 历史啤酒','27C',NULL,88,'2026-06-09 21:47:16'),(467,7,'伦敦棕色艾尔','27. 历史啤酒','27D',NULL,89,'2026-06-09 21:47:16'),(468,7,'格罗季斯克啤酒','27. 历史啤酒','27E',NULL,90,'2026-06-09 21:47:16'),(469,7,'禁酒令前拉格','27. 历史啤酒','27F',NULL,91,'2026-06-09 21:47:16'),(470,7,'禁酒令前波特','27. 历史啤酒','27G',NULL,92,'2026-06-09 21:47:16'),(471,7,'黑麦啤酒','27. 历史啤酒','27H',NULL,93,'2026-06-09 21:47:16'),(472,7,'萨赫蒂','27. 历史啤酒','27I',NULL,94,'2026-06-09 21:47:16'),(473,7,'布雷特啤酒','28. 美式野菌艾尔','28A',NULL,95,'2026-06-09 21:47:16'),(474,7,'混合发酵酸啤','28. 美式野菌艾尔','28B',NULL,96,'2026-06-09 21:47:16'),(475,7,'野菌特色啤酒','28. 美式野菌艾尔','28C',NULL,97,'2026-06-09 21:47:16'),(476,7,'纯酸啤酒','28. 美式野菌艾尔','28D',NULL,98,'2026-06-09 21:47:16'),(477,7,'水果啤酒','29. 水果啤酒','29A',NULL,99,'2026-06-09 21:47:16'),(478,7,'水果香料啤酒','29. 水果啤酒','29B',NULL,100,'2026-06-09 21:47:16'),(479,7,'特色水果啤酒','29. 水果啤酒','29C',NULL,101,'2026-06-09 21:47:16'),(480,7,'葡萄艾尔','29. 水果啤酒','29D',NULL,102,'2026-06-09 21:47:16'),(481,7,'香料、草本或蔬菜啤酒','30. 香料啤酒','30A',NULL,103,'2026-06-09 21:47:16'),(482,7,'秋季时令啤酒','30. 香料啤酒','30B',NULL,104,'2026-06-09 21:47:16'),(483,7,'冬季时令啤酒','30. 香料啤酒','30C',NULL,105,'2026-06-09 21:47:16'),(484,7,'特色香料啤酒','30. 香料啤酒','30D',NULL,106,'2026-06-09 21:47:16'),(485,7,'替代谷物啤酒','31. 替代发酵原料啤酒','31A',NULL,107,'2026-06-09 21:47:16'),(486,7,'替代糖类啤酒','31. 替代发酵原料啤酒','31B',NULL,108,'2026-06-09 21:47:16'),(487,7,'经典风格烟熏啤酒','32. 烟熏啤酒','32A',NULL,109,'2026-06-09 21:47:16'),(488,7,'特色烟熏啤酒','32. 烟熏啤酒','32B',NULL,110,'2026-06-09 21:47:16'),(489,7,'木材陈酿啤酒','33. 木材啤酒','33A',NULL,111,'2026-06-09 21:47:16'),(490,7,'特色木材陈酿啤酒','33. 木材啤酒','33B',NULL,112,'2026-06-09 21:47:16'),(491,7,'商业特色啤酒','34. 特色啤酒','34A',NULL,113,'2026-06-09 21:47:16'),(492,7,'混合风格啤酒','34. 特色啤酒','34B',NULL,114,'2026-06-09 21:47:16'),(493,7,'实验啤酒','34. 特色啤酒','34C',NULL,115,'2026-06-09 21:47:16'),(967,481,'美式淡拉格','1. 标准型美国啤酒','1A',NULL,0,'2026-06-17 18:20:55'),(968,481,'美式拉格','1. 标准型美国啤酒','1B',NULL,1,'2026-06-17 18:20:55'),(969,481,'奶油艾尔','1. 标准型美国啤酒','1C',NULL,2,'2026-06-17 18:20:55'),(970,481,'美式小麦啤酒','1. 标准型美国啤酒','1D',NULL,3,'2026-06-17 18:20:55'),(971,481,'国际浅色拉格','2. 国际拉格','2A',NULL,4,'2026-06-17 18:20:55'),(972,481,'国际琥珀色拉格','2. 国际拉格','2B',NULL,5,'2026-06-17 18:20:55'),(973,481,'国际深色拉格','2. 国际拉格','2C',NULL,6,'2026-06-17 18:20:55'),(974,481,'捷克浅色拉格','3. 捷克拉格','3A',NULL,7,'2026-06-17 18:20:55'),(975,481,'捷克优质浅色拉格','3. 捷克拉格','3B',NULL,8,'2026-06-17 18:20:55'),(976,481,'捷克琥珀色拉格','3. 捷克拉格','3C',NULL,9,'2026-06-17 18:20:55'),(977,481,'捷克深色拉格','3. 捷克拉格','3D',NULL,10,'2026-06-17 18:20:55'),(978,481,'慕尼黑清亮拉格','4. 浅色麦芽型欧洲拉格','4A',NULL,11,'2026-06-17 18:20:55'),(979,481,'节庆啤酒','4. 浅色麦芽型欧洲拉格','4B',NULL,12,'2026-06-17 18:20:55'),(980,481,'清亮博克','4. 浅色麦芽型欧洲拉格','4C',NULL,13,'2026-06-17 18:20:55'),(981,481,'德式低醇啤酒','5. 浅色苦味型欧洲啤酒','5A',NULL,14,'2026-06-17 18:20:55'),(982,481,'科隆啤酒','5. 浅色苦味型欧洲啤酒','5B',NULL,15,'2026-06-17 18:20:55'),(983,481,'德式清亮出口啤酒','5. 浅色苦味型欧洲啤酒','5C',NULL,16,'2026-06-17 18:20:55'),(984,481,'德式皮尔森','5. 浅色苦味型欧洲啤酒','5D',NULL,17,'2026-06-17 18:20:55'),(985,481,'三月啤酒','6. 琥珀色麦芽型欧洲拉格','6A',NULL,18,'2026-06-17 18:20:55'),(986,481,'烟熏啤酒','6. 琥珀色麦芽型欧洲拉格','6B',NULL,19,'2026-06-17 18:20:55'),(987,481,'深色博克','6. 琥珀色麦芽型欧洲拉格','6C',NULL,20,'2026-06-17 18:20:55'),(988,481,'维也纳拉格','7. 琥珀色苦味型欧洲啤酒','7A',NULL,21,'2026-06-17 18:20:55'),(989,481,'老啤酒','7. 琥珀色苦味型欧洲啤酒','7B',NULL,22,'2026-06-17 18:20:55'),(990,481,'慕尼黑深色拉格','8. 深色欧洲拉格','8A',NULL,23,'2026-06-17 18:20:55'),(991,481,'黑啤酒','8. 深色欧洲拉格','8B',NULL,24,'2026-06-17 18:20:55'),(992,481,'双料博克','9. 高酒精度欧洲啤酒','9A',NULL,25,'2026-06-17 18:20:55'),(993,481,'冰博克','9. 高酒精度欧洲啤酒','9B',NULL,26,'2026-06-17 18:20:55'),(994,481,'波罗的海波特','9. 高酒精度欧洲啤酒','9C',NULL,27,'2026-06-17 18:20:55'),(995,481,'德式小麦啤酒','10. 德国小麦啤酒','10A',NULL,28,'2026-06-17 18:20:55'),(996,481,'深色德式小麦啤酒','10. 德国小麦啤酒','10B',NULL,29,'2026-06-17 18:20:55'),(997,481,'小麦博克','10. 德国小麦啤酒','10C',NULL,30,'2026-06-17 18:20:55'),(998,481,'普通苦啤','11. 英式苦啤','11A',NULL,31,'2026-06-17 18:20:55'),(999,481,'优质苦啤','11. 英式苦啤','11B',NULL,32,'2026-06-17 18:20:55'),(1000,481,'强烈苦啤','11. 英式苦啤','11C',NULL,33,'2026-06-17 18:20:55'),(1001,481,'英式金色艾尔','12. 浅色英联邦啤酒','12A',NULL,34,'2026-06-17 18:20:55'),(1002,481,'澳大利亚闪亮艾尔','12. 浅色英联邦啤酒','12B',NULL,35,'2026-06-17 18:20:55'),(1003,481,'英式 IPA','12. 浅色英联邦啤酒','12C',NULL,36,'2026-06-17 18:20:55'),(1004,481,'深色低酒精艾尔','13. 棕色英式啤酒','13A',NULL,37,'2026-06-17 18:20:55'),(1005,481,'英式棕色艾尔','13. 棕色英式啤酒','13B',NULL,38,'2026-06-17 18:20:55'),(1006,481,'英式波特','13. 棕色英式啤酒','13C',NULL,39,'2026-06-17 18:20:55'),(1007,481,'苏格兰淡艾尔','14. 苏格兰艾尔','14A',NULL,40,'2026-06-17 18:20:55'),(1008,481,'苏格兰重艾尔','14. 苏格兰艾尔','14B',NULL,41,'2026-06-17 18:20:55'),(1009,481,'苏格兰出口艾尔','14. 苏格兰艾尔','14C',NULL,42,'2026-06-17 18:20:55'),(1010,481,'爱尔兰红艾尔','15. 爱尔兰啤酒','15A',NULL,43,'2026-06-17 18:20:55'),(1011,481,'爱尔兰世涛','15. 爱尔兰啤酒','15B',NULL,44,'2026-06-17 18:20:55'),(1012,481,'爱尔兰加强世涛','15. 爱尔兰啤酒','15C',NULL,45,'2026-06-17 18:20:55'),(1013,481,'甜世涛','16. 深色英式啤酒','16A',NULL,46,'2026-06-17 18:20:55'),(1014,481,'燕麦世涛','16. 深色英式啤酒','16B',NULL,47,'2026-06-17 18:20:55'),(1015,481,'热带世涛','16. 深色英式啤酒','16C',NULL,48,'2026-06-17 18:20:55'),(1016,481,'外国加强世涛','16. 深色英式啤酒','16D',NULL,49,'2026-06-17 18:20:55'),(1017,481,'英式强艾尔','17. 高酒精度英式艾尔','17A',NULL,50,'2026-06-17 18:20:55'),(1018,481,'老艾尔','17. 高酒精度英式艾尔','17B',NULL,51,'2026-06-17 18:20:55'),(1019,481,'威重艾尔','17. 高酒精度英式艾尔','17C',NULL,52,'2026-06-17 18:20:55'),(1020,481,'英式大麦酒','17. 高酒精度英式艾尔','17D',NULL,53,'2026-06-17 18:20:55'),(1021,481,'金色艾尔','18. 浅色美式艾尔','18A',NULL,54,'2026-06-17 18:20:55'),(1022,481,'美式浅色艾尔','18. 浅色美式艾尔','18B',NULL,55,'2026-06-17 18:20:55'),(1023,481,'美式琥珀艾尔','19. 琥珀色与棕色美式啤酒','19A',NULL,56,'2026-06-17 18:20:55'),(1024,481,'加州普通啤酒','19. 琥珀色与棕色美式啤酒','19B',NULL,57,'2026-06-17 18:20:55'),(1025,481,'美式棕色艾尔','19. 琥珀色与棕色美式啤酒','19C',NULL,58,'2026-06-17 18:20:55'),(1026,481,'美式波特','20. 美式波特与世涛','20A',NULL,59,'2026-06-17 18:20:55'),(1027,481,'美式世涛','20. 美式波特与世涛','20B',NULL,60,'2026-06-17 18:20:55'),(1028,481,'帝国世涛','20. 美式波特与世涛','20C',NULL,61,'2026-06-17 18:20:55'),(1029,481,'美式 IPA','21. IPA','21A',NULL,62,'2026-06-17 18:20:55'),(1030,481,'特色 IPA','21. IPA','21B',NULL,63,'2026-06-17 18:20:55'),(1031,481,'浑浊 IPA','21. IPA','21C',NULL,64,'2026-06-17 18:20:55'),(1032,481,'双倍 IPA','22. 高酒精度美式艾尔','22A',NULL,65,'2026-06-17 18:20:55'),(1033,481,'美式强艾尔','22. 高酒精度美式艾尔','22B',NULL,66,'2026-06-17 18:20:55'),(1034,481,'美式大麦酒','22. 高酒精度美式艾尔','22C',NULL,67,'2026-06-17 18:20:55'),(1035,481,'小麦酒','22. 高酒精度美式艾尔','22D',NULL,68,'2026-06-17 18:20:55'),(1036,481,'柏林酸小麦','23. 欧洲酸艾尔','23A',NULL,69,'2026-06-17 18:20:55'),(1037,481,'法兰德斯红艾尔','23. 欧洲酸艾尔','23B',NULL,70,'2026-06-17 18:20:55'),(1038,481,'老棕啤酒','23. 欧洲酸艾尔','23C',NULL,71,'2026-06-17 18:20:55'),(1039,481,'兰比克','23. 欧洲酸艾尔','23D',NULL,72,'2026-06-17 18:20:55'),(1040,481,'贵兹','23. 欧洲酸艾尔','23E',NULL,73,'2026-06-17 18:20:55'),(1041,481,'水果兰比克','23. 欧洲酸艾尔','23F',NULL,74,'2026-06-17 18:20:55'),(1042,481,'古斯','23. 欧洲酸艾尔','23G',NULL,75,'2026-06-17 18:20:55'),(1043,481,'比利时白啤','24. 比利时艾尔','24A',NULL,76,'2026-06-17 18:20:55'),(1044,481,'比利时浅色艾尔','24. 比利时艾尔','24B',NULL,77,'2026-06-17 18:20:55'),(1045,481,'护卫啤酒','24. 比利时艾尔','24C',NULL,78,'2026-06-17 18:20:55'),(1046,481,'比利时金色艾尔','25. 高酒精度比利时艾尔','25A',NULL,79,'2026-06-17 18:20:55'),(1047,481,'赛松','25. 高酒精度比利时艾尔','25B',NULL,80,'2026-06-17 18:20:55'),(1048,481,'比利时金色烈性艾尔','25. 高酒精度比利时艾尔','25C',NULL,81,'2026-06-17 18:20:55'),(1049,481,'比利时单料','26. 修道院艾尔','26A',NULL,82,'2026-06-17 18:20:55'),(1050,481,'比利时双料','26. 修道院艾尔','26B',NULL,83,'2026-06-17 18:20:55'),(1051,481,'比利时三料','26. 修道院艾尔','26C',NULL,84,'2026-06-17 18:20:55'),(1052,481,'比利时深色烈性艾尔','26. 修道院艾尔','26D',NULL,85,'2026-06-17 18:20:55'),(1053,481,'地窖啤酒','27. 历史啤酒','27A',NULL,86,'2026-06-17 18:20:55'),(1054,481,'肯塔基普通啤酒','27. 历史啤酒','27B',NULL,87,'2026-06-17 18:20:55'),(1055,481,'利希滕海纳','27. 历史啤酒','27C',NULL,88,'2026-06-17 18:20:55'),(1056,481,'伦敦棕色艾尔','27. 历史啤酒','27D',NULL,89,'2026-06-17 18:20:55'),(1057,481,'格罗季斯克啤酒','27. 历史啤酒','27E',NULL,90,'2026-06-17 18:20:55'),(1058,481,'禁酒令前拉格','27. 历史啤酒','27F',NULL,91,'2026-06-17 18:20:55'),(1059,481,'禁酒令前波特','27. 历史啤酒','27G',NULL,92,'2026-06-17 18:20:55'),(1060,481,'黑麦啤酒','27. 历史啤酒','27H',NULL,93,'2026-06-17 18:20:55'),(1061,481,'萨赫蒂','27. 历史啤酒','27I',NULL,94,'2026-06-17 18:20:55'),(1062,481,'布雷特啤酒','28. 美式野菌艾尔','28A',NULL,95,'2026-06-17 18:20:55'),(1063,481,'混合发酵酸啤','28. 美式野菌艾尔','28B',NULL,96,'2026-06-17 18:20:55'),(1064,481,'野菌特色啤酒','28. 美式野菌艾尔','28C',NULL,97,'2026-06-17 18:20:55'),(1065,481,'纯酸啤酒','28. 美式野菌艾尔','28D',NULL,98,'2026-06-17 18:20:55'),(1066,481,'水果啤酒','29. 水果啤酒','29A',NULL,99,'2026-06-17 18:20:55'),(1067,481,'水果香料啤酒','29. 水果啤酒','29B',NULL,100,'2026-06-17 18:20:55'),(1068,481,'特色水果啤酒','29. 水果啤酒','29C',NULL,101,'2026-06-17 18:20:55'),(1069,481,'葡萄艾尔','29. 水果啤酒','29D',NULL,102,'2026-06-17 18:20:55'),(1070,481,'香料、草本或蔬菜啤酒','30. 香料啤酒','30A',NULL,103,'2026-06-17 18:20:55'),(1071,481,'秋季时令啤酒','30. 香料啤酒','30B',NULL,104,'2026-06-17 18:20:55'),(1072,481,'冬季时令啤酒','30. 香料啤酒','30C',NULL,105,'2026-06-17 18:20:55'),(1073,481,'特色香料啤酒','30. 香料啤酒','30D',NULL,106,'2026-06-17 18:20:55'),(1074,481,'替代谷物啤酒','31. 替代发酵原料啤酒','31A',NULL,107,'2026-06-17 18:20:55'),(1075,481,'替代糖类啤酒','31. 替代发酵原料啤酒','31B',NULL,108,'2026-06-17 18:20:55'),(1076,481,'经典风格烟熏啤酒','32. 烟熏啤酒','32A',NULL,109,'2026-06-17 18:20:55'),(1077,481,'特色烟熏啤酒','32. 烟熏啤酒','32B',NULL,110,'2026-06-17 18:20:55'),(1078,481,'木材陈酿啤酒','33. 木材啤酒','33A',NULL,111,'2026-06-17 18:20:55'),(1079,481,'特色木材陈酿啤酒','33. 木材啤酒','33B',NULL,112,'2026-06-17 18:20:55'),(1080,481,'商业特色啤酒','34. 特色啤酒','34A',NULL,113,'2026-06-17 18:20:55'),(1081,481,'混合风格啤酒','34. 特色啤酒','34B',NULL,114,'2026-06-17 18:20:55'),(1082,481,'实验啤酒','34. 特色啤酒','34C',NULL,115,'2026-06-17 18:20:55');
/*!40000 ALTER TABLE `competition_style_config` ENABLE KEYS */;
UNLOCK TABLES;

--
-- Table structure for table `entry_delivery`
--

DROP TABLE IF EXISTS `entry_delivery`;
/*!40101 SET @saved_cs_client     = @@character_set_client */;
/*!50503 SET character_set_client = utf8mb4 */;
CREATE TABLE `entry_delivery` (
  `id` bigint NOT NULL AUTO_INCREMENT COMMENT '主键ID',
  `beer_entry_id` bigint NOT NULL COMMENT '参赛酒款ID',
  `delivery_method` varchar(32) DEFAULT NULL COMMENT '送样方式',
  `carrier` varchar(64) DEFAULT NULL COMMENT '快递公司',
  `tracking_no` varchar(64) DEFAULT NULL COMMENT '快递单号',
  `delivery_note` varchar(500) DEFAULT NULL COMMENT '厂商送样备注',
  `delivery_status` varchar(32) NOT NULL COMMENT '送样状态',
  `submitted_time` datetime DEFAULT NULL COMMENT '提交时间',
  `received_time` datetime DEFAULT NULL COMMENT '收样确认时间',
  `received_by_admin_id` bigint DEFAULT NULL COMMENT '收样确认管理员ID',
  `receive_remark` varchar(255) DEFAULT NULL COMMENT '收样确认备注',
  `create_time` datetime NOT NULL DEFAULT CURRENT_TIMESTAMP COMMENT '创建时间',
  `update_time` datetime NOT NULL DEFAULT CURRENT_TIMESTAMP ON UPDATE CURRENT_TIMESTAMP COMMENT '更新时间',
  PRIMARY KEY (`id`),
  UNIQUE KEY `uk_entry_delivery_entry` (`beer_entry_id`)
) ENGINE=InnoDB AUTO_INCREMENT=43084 DEFAULT CHARSET=utf8mb4 COLLATE=utf8mb4_0900_ai_ci COMMENT='参赛酒款送样记录表';
/*!40101 SET character_set_client = @saved_cs_client */;

--
-- Dumping data for table `entry_delivery`
--

LOCK TABLES `entry_delivery` WRITE;
/*!40000 ALTER TABLE `entry_delivery` DISABLE KEYS */;
INSERT INTO `entry_delivery` VALUES (1,2,'EXPRESS','SF','SF-CODEX-20260603','2 cases for verification','RECEIVED','2026-06-03 15:27:45','2026-06-03 15:27:45',1,NULL,'2026-06-03 15:27:44','2026-06-03 15:27:44'),(2,3,NULL,NULL,NULL,'测试数据：用于后台参赛酒款列表和入库流程验证','NOT_SUBMITTED',NULL,NULL,NULL,NULL,'2026-06-03 18:36:15','2026-06-03 18:36:15'),(3,4,NULL,NULL,NULL,'测试数据：用于后台参赛酒款列表和入库流程验证','NOT_SUBMITTED',NULL,NULL,NULL,NULL,'2026-06-03 18:36:15','2026-06-03 18:36:15'),(4,5,NULL,NULL,NULL,'测试数据：用于后台参赛酒款列表和入库流程验证','NOT_SUBMITTED',NULL,NULL,NULL,NULL,'2026-06-03 18:36:15','2026-06-03 18:36:15'),(5,6,NULL,NULL,NULL,'测试数据：用于后台参赛酒款列表和入库流程验证','NOT_SUBMITTED',NULL,NULL,NULL,NULL,'2026-06-03 18:36:15','2026-06-03 18:36:15'),(6,7,NULL,NULL,NULL,'测试数据：用于后台参赛酒款列表和入库流程验证','NOT_SUBMITTED',NULL,NULL,NULL,NULL,'2026-06-03 18:36:15','2026-06-03 18:36:15'),(7,8,NULL,NULL,NULL,'测试数据：用于后台参赛酒款列表和入库流程验证','NOT_SUBMITTED',NULL,NULL,NULL,NULL,'2026-06-03 18:36:15','2026-06-03 18:36:15'),(8,9,NULL,NULL,NULL,'测试数据：用于后台参赛酒款列表和入库流程验证','NOT_SUBMITTED',NULL,NULL,NULL,NULL,'2026-06-03 18:36:15','2026-06-03 18:36:15'),(9,10,NULL,NULL,NULL,'测试数据：用于后台参赛酒款列表和入库流程验证','NOT_SUBMITTED',NULL,NULL,NULL,NULL,'2026-06-03 18:36:15','2026-06-03 18:36:15'),(10,11,NULL,NULL,NULL,'测试数据：用于后台参赛酒款列表和入库流程验证','NOT_SUBMITTED',NULL,NULL,NULL,NULL,'2026-06-03 18:36:15','2026-06-03 18:36:15'),(11,12,NULL,NULL,NULL,'测试数据：用于后台参赛酒款列表和入库流程验证','NOT_SUBMITTED',NULL,NULL,NULL,NULL,'2026-06-03 18:36:15','2026-06-03 18:36:15'),(12,13,NULL,NULL,NULL,'测试数据：用于后台参赛酒款列表和入库流程验证','NOT_SUBMITTED',NULL,NULL,NULL,NULL,'2026-06-03 18:36:15','2026-06-03 18:36:15'),(13,14,NULL,NULL,NULL,'测试数据：用于后台参赛酒款列表和入库流程验证','NOT_SUBMITTED',NULL,NULL,NULL,NULL,'2026-06-03 18:36:15','2026-06-03 18:36:15'),(14,15,NULL,NULL,NULL,'测试数据：用于后台参赛酒款列表和入库流程验证','NOT_SUBMITTED',NULL,NULL,NULL,NULL,'2026-06-03 18:36:15','2026-06-03 18:36:15'),(15,16,NULL,NULL,NULL,'测试数据：用于后台参赛酒款列表和入库流程验证','NOT_SUBMITTED',NULL,NULL,NULL,NULL,'2026-06-03 18:36:15','2026-06-03 18:36:15'),(16,17,'ONSITE',NULL,NULL,'测试数据：用于后台参赛酒款列表和入库流程验证','SUBMITTED','2026-06-15 10:15:00',NULL,NULL,NULL,'2026-06-03 18:36:15','2026-06-03 18:36:15'),(17,18,NULL,NULL,NULL,'测试数据：用于后台参赛酒款列表和入库流程验证','NOT_SUBMITTED',NULL,NULL,NULL,NULL,'2026-06-03 18:36:15','2026-06-03 18:36:15'),(18,19,NULL,NULL,NULL,'测试数据：用于后台参赛酒款列表和入库流程验证','NOT_SUBMITTED',NULL,NULL,NULL,NULL,'2026-06-03 18:36:15','2026-06-03 18:36:15'),(19,20,'EXPRESS','SF','SF2600000018','测试数据：用于后台参赛酒款列表和入库流程验证','SUBMITTED','2026-06-15 10:18:00',NULL,NULL,NULL,'2026-06-03 18:36:15','2026-06-03 18:36:15'),(20,21,NULL,NULL,NULL,'测试数据：用于后台参赛酒款列表和入库流程验证','NOT_SUBMITTED',NULL,NULL,NULL,NULL,'2026-06-03 18:36:15','2026-06-03 18:36:15'),(21,22,NULL,NULL,NULL,'测试数据：用于后台参赛酒款列表和入库流程验证','NOT_SUBMITTED',NULL,NULL,NULL,NULL,'2026-06-03 18:36:15','2026-06-03 18:36:15'),(22,23,'ONSITE',NULL,NULL,'测试数据：用于后台参赛酒款列表和入库流程验证','SUBMITTED','2026-06-15 10:21:00',NULL,NULL,NULL,'2026-06-03 18:36:15','2026-06-03 18:36:15'),(23,24,NULL,NULL,NULL,'测试数据：用于后台参赛酒款列表和入库流程验证','NOT_SUBMITTED',NULL,NULL,NULL,NULL,'2026-06-03 18:36:15','2026-06-03 18:36:15'),(24,25,NULL,NULL,NULL,'测试数据：用于后台参赛酒款列表和入库流程验证','NOT_SUBMITTED',NULL,NULL,NULL,NULL,'2026-06-03 18:36:15','2026-06-03 18:36:15'),(25,26,'EXPRESS','SF','SF2600000024','测试数据：用于后台参赛酒款列表和入库流程验证','SUBMITTED','2026-06-15 10:24:00',NULL,NULL,NULL,'2026-06-03 18:36:15','2026-06-03 18:36:15'),(26,27,NULL,NULL,NULL,'测试数据：用于后台参赛酒款列表和入库流程验证','NOT_SUBMITTED',NULL,NULL,NULL,NULL,'2026-06-03 18:36:15','2026-06-03 18:36:15'),(27,28,NULL,NULL,NULL,'测试数据：用于后台参赛酒款列表和入库流程验证','NOT_SUBMITTED',NULL,NULL,NULL,NULL,'2026-06-03 18:36:15','2026-06-03 18:36:15'),(28,29,'ONSITE',NULL,NULL,'测试数据：用于后台参赛酒款列表和入库流程验证','SUBMITTED','2026-06-15 10:27:00',NULL,NULL,NULL,'2026-06-03 18:36:15','2026-06-03 18:36:15'),(29,30,NULL,NULL,NULL,'测试数据：用于后台参赛酒款列表和入库流程验证','NOT_SUBMITTED',NULL,NULL,NULL,NULL,'2026-06-03 18:36:15','2026-06-03 18:36:15'),(30,31,NULL,NULL,NULL,'测试数据：用于后台参赛酒款列表和入库流程验证','NOT_SUBMITTED',NULL,NULL,NULL,NULL,'2026-06-03 18:36:15','2026-06-03 18:36:15'),(31,32,'EXPRESS','SF','SF2600000030','测试数据：用于后台参赛酒款列表和入库流程验证','SUBMITTED','2026-06-15 10:30:00',NULL,NULL,NULL,'2026-06-03 18:36:15','2026-06-03 18:36:15'),(32,33,NULL,NULL,NULL,'测试数据：用于后台参赛酒款列表和入库流程验证','NOT_SUBMITTED',NULL,NULL,NULL,NULL,'2026-06-03 18:36:15','2026-06-03 18:36:15'),(33,34,NULL,NULL,NULL,'测试数据：用于后台参赛酒款列表和入库流程验证','NOT_SUBMITTED',NULL,NULL,NULL,NULL,'2026-06-03 18:36:15','2026-06-03 18:36:15'),(34,35,'ONSITE',NULL,NULL,'测试数据：用于后台参赛酒款列表和入库流程验证','SUBMITTED','2026-06-15 10:33:00',NULL,NULL,NULL,'2026-06-03 18:36:15','2026-06-03 18:36:15'),(35,36,NULL,NULL,NULL,'测试数据：用于后台参赛酒款列表和入库流程验证','NOT_SUBMITTED',NULL,NULL,NULL,NULL,'2026-06-03 18:36:15','2026-06-03 18:36:15'),(36,37,NULL,NULL,NULL,'测试数据：用于后台参赛酒款列表和入库流程验证','NOT_SUBMITTED',NULL,NULL,NULL,NULL,'2026-06-03 18:36:15','2026-06-03 18:36:15'),(37,38,'EXPRESS','SF','SF2600000036','测试数据：用于后台参赛酒款列表和入库流程验证','SUBMITTED','2026-06-15 10:36:00',NULL,NULL,NULL,'2026-06-03 18:36:15','2026-06-03 18:36:15'),(38,39,'ONSITE',NULL,NULL,'测试数据：用于后台参赛酒款列表和入库流程验证','RECEIVED','2026-06-16 11:37:00','2026-06-18 15:37:00',1,'测试数据：样品已入库','2026-06-03 18:36:15','2026-06-03 18:36:15'),(39,40,'EXPRESS','SF','SF2600000038','测试数据：用于后台参赛酒款列表和入库流程验证','RECEIVED','2026-06-16 11:38:00','2026-06-18 15:38:00',1,'测试数据：样品已入库','2026-06-03 18:36:15','2026-06-03 18:36:15'),(40,41,'ONSITE',NULL,NULL,'测试数据：用于后台参赛酒款列表和入库流程验证','RECEIVED','2026-06-16 11:39:00','2026-06-18 15:39:00',1,'测试数据：样品已入库','2026-06-03 18:36:15','2026-06-03 18:36:15'),(41,42,'EXPRESS','SF','SF2600000040','测试数据：用于后台参赛酒款列表和入库流程验证','RECEIVED','2026-06-16 11:40:00','2026-06-18 15:40:00',1,'测试数据：样品已入库','2026-06-03 18:36:15','2026-06-03 18:36:15'),(42,43,'ONSITE',NULL,NULL,'测试数据：用于后台参赛酒款列表和入库流程验证','RECEIVED','2026-06-16 11:41:00','2026-06-18 15:41:00',1,'测试数据：样品已入库','2026-06-03 18:36:15','2026-06-03 18:36:15'),(43,44,'EXPRESS','SF','SF2600000042','测试数据：用于后台参赛酒款列表和入库流程验证','RECEIVED','2026-06-16 11:42:00','2026-06-18 15:42:00',1,'测试数据：样品已入库','2026-06-03 18:36:15','2026-06-03 18:36:15'),(44,45,'ONSITE',NULL,NULL,'测试数据：用于后台参赛酒款列表和入库流程验证','RECEIVED','2026-06-16 11:43:00','2026-06-18 15:43:00',1,'测试数据：样品已入库','2026-06-03 18:36:15','2026-06-03 18:36:15'),(45,46,'EXPRESS','SF','SF2600000044','测试数据：用于后台参赛酒款列表和入库流程验证','RECEIVED','2026-06-16 11:44:00','2026-06-18 15:44:00',1,'测试数据：样品已入库','2026-06-03 18:36:15','2026-06-03 18:36:15'),(46,47,'ONSITE',NULL,NULL,'测试数据：用于后台参赛酒款列表和入库流程验证','RECEIVED','2026-06-16 11:45:00','2026-06-18 15:45:00',1,'测试数据：样品已入库','2026-06-03 18:36:15','2026-06-03 18:36:15'),(47,48,'EXPRESS','SF','SF2600000046','测试数据：用于后台参赛酒款列表和入库流程验证','RECEIVED','2026-06-16 11:46:00','2026-06-18 15:46:00',1,'测试数据：样品已入库','2026-06-03 18:36:15','2026-06-03 18:36:15'),(48,49,'ONSITE',NULL,NULL,'测试数据：用于后台参赛酒款列表和入库流程验证','RECEIVED','2026-06-16 11:47:00','2026-06-18 15:47:00',1,'测试数据：样品已入库','2026-06-03 18:36:15','2026-06-03 18:36:15'),(49,50,'EXPRESS','SF','SF2600000048','测试数据：用于后台参赛酒款列表和入库流程验证','RECEIVED','2026-06-16 11:48:00','2026-06-18 15:48:00',1,'测试数据：样品已入库','2026-06-03 18:36:15','2026-06-03 18:36:15'),(50,51,'ONSITE',NULL,NULL,'测试数据：用于后台参赛酒款列表和入库流程验证','RECEIVED','2026-06-16 11:49:00','2026-06-18 15:49:00',1,'测试数据：样品已入库','2026-06-03 18:36:15','2026-06-03 18:36:15'),(51,52,'EXPRESS','SF','SF2600000050','测试数据：用于后台参赛酒款列表和入库流程验证','RECEIVED','2026-06-16 11:50:00','2026-06-18 15:50:00',1,'测试数据：样品已入库','2026-06-03 18:36:15','2026-06-03 18:36:15'),(52,53,'ONSITE',NULL,NULL,'测试数据：用于后台参赛酒款列表和入库流程验证','RECEIVED','2026-06-16 11:51:00','2026-06-18 15:51:00',1,'测试数据：样品已入库','2026-06-03 18:36:15','2026-06-03 18:36:15'),(53,54,'EXPRESS','SF','SF2600000052','测试数据：用于后台参赛酒款列表和入库流程验证','RECEIVED','2026-06-16 11:52:00','2026-06-18 15:52:00',1,'测试数据：样品已入库','2026-06-03 18:36:15','2026-06-03 18:36:15'),(54,55,'ONSITE',NULL,NULL,'测试数据：用于后台参赛酒款列表和入库流程验证','RECEIVED','2026-06-16 11:53:00','2026-06-18 15:53:00',1,'测试数据：样品已入库','2026-06-03 18:36:15','2026-06-03 18:36:15'),(55,56,'EXPRESS','SF','SF2600000054','测试数据：用于后台参赛酒款列表和入库流程验证','RECEIVED','2026-06-16 11:54:00','2026-06-18 15:54:00',1,'测试数据：样品已入库','2026-06-03 18:36:15','2026-06-03 18:36:15'),(56,57,'ONSITE',NULL,NULL,'测试数据：用于后台参赛酒款列表和入库流程验证','RECEIVED','2026-06-16 11:55:00','2026-06-18 15:55:00',1,'测试数据：样品已入库','2026-06-03 18:36:15','2026-06-03 18:36:15'),(57,58,'EXPRESS','SF','SF2600000056','测试数据：用于后台参赛酒款列表和入库流程验证','RECEIVED','2026-06-16 11:56:00','2026-06-18 15:56:00',1,'测试数据：样品已入库','2026-06-03 18:36:15','2026-06-03 18:36:15'),(58,59,'ONSITE',NULL,NULL,'测试数据：用于后台参赛酒款列表和入库流程验证','RECEIVED','2026-06-16 11:57:00','2026-06-18 15:57:00',1,'测试数据：样品已入库','2026-06-03 18:36:15','2026-06-03 18:36:15'),(59,60,'EXPRESS','SF','SF2600000058','测试数据：用于后台参赛酒款列表和入库流程验证','RECEIVED','2026-06-16 11:58:00','2026-06-18 15:58:00',1,'测试数据：样品已入库','2026-06-03 18:36:15','2026-06-03 18:36:15'),(60,61,'ONSITE',NULL,NULL,'测试数据：用于后台参赛酒款列表和入库流程验证','RECEIVED','2026-06-16 11:59:00','2026-06-18 15:59:00',1,'测试数据：样品已入库','2026-06-03 18:36:15','2026-06-03 18:36:15'),(61,62,'EXPRESS','SF','SF2600000060','测试数据：用于后台参赛酒款列表和入库流程验证','RECEIVED','2026-06-16 11:00:00','2026-06-18 15:00:00',1,'测试数据：样品已入库','2026-06-03 18:36:15','2026-06-03 18:36:15'),(62,63,'EXPRESS','顺丰','114514','问请问2123','RECEIVED','2026-06-04 21:05:54','2026-06-04 21:06:45',1,NULL,'2026-06-04 20:55:51','2026-06-04 20:55:51'),(41001,41001,'EXPRESS','测试快递','SAKE26S6L01','测试数据：已寄样并确认入库','RECEIVED','2026-06-04 20:58:00','2026-06-04 20:58:00',1,'测试数据：后台流程验证用','2026-06-04 20:58:00','2026-06-04 20:58:00'),(41002,41002,'EXPRESS','测试快递','SAKE26S6L02','测试数据：已寄样并确认入库','RECEIVED','2026-06-04 20:58:00','2026-06-04 20:58:00',1,'测试数据：后台流程验证用','2026-06-04 20:58:00','2026-06-04 20:58:00'),(41003,41003,'EXPRESS','测试快递','SAKE26S6L03','测试数据：已寄样并确认入库','RECEIVED','2026-06-04 20:58:00','2026-06-04 20:58:00',1,'测试数据：后台流程验证用','2026-06-04 20:58:00','2026-06-04 20:58:00'),(41004,41004,'EXPRESS','测试快递','SAKE26S6L04','测试数据：已寄样并确认入库','RECEIVED','2026-06-04 20:58:00','2026-06-04 20:58:00',1,'测试数据：后台流程验证用','2026-06-04 20:58:00','2026-06-04 20:58:00'),(41005,41005,'EXPRESS','测试快递','SAKE26S6L05','测试数据：已寄样并确认入库','RECEIVED','2026-06-04 20:58:00','2026-06-04 20:58:00',1,'测试数据：后台流程验证用','2026-06-04 20:58:00','2026-06-04 20:58:00'),(41006,41006,'EXPRESS','测试快递','SAKE26S6D01','测试数据：已寄样并确认入库','RECEIVED','2026-06-04 20:58:00','2026-06-04 20:58:00',1,'测试数据：后台流程验证用','2026-06-04 20:58:00','2026-06-04 20:58:00'),(41007,41007,'EXPRESS','测试快递','SAKE26S6D02','测试数据：已寄样并确认入库','RECEIVED','2026-06-04 20:58:00','2026-06-04 20:58:00',1,'测试数据：后台流程验证用','2026-06-04 20:58:00','2026-06-04 20:58:00'),(41008,41008,'EXPRESS','测试快递','SAKE26S6D03','测试数据：已寄样并确认入库','RECEIVED','2026-06-04 20:58:00','2026-06-04 20:58:00',1,'测试数据：后台流程验证用','2026-06-04 20:58:00','2026-06-04 20:58:00'),(41009,41009,'EXPRESS','测试快递','SAKE26S6D04','测试数据：已寄样并确认入库','RECEIVED','2026-06-04 20:58:00','2026-06-04 20:58:00',1,'测试数据：后台流程验证用','2026-06-04 20:58:00','2026-06-04 20:58:00'),(41010,41010,'EXPRESS','测试快递','SAKE26S6D05','测试数据：已寄样并确认入库','RECEIVED','2026-06-04 20:58:00','2026-06-04 20:58:00',1,'测试数据：后台流程验证用','2026-06-04 20:58:00','2026-06-04 20:58:00'),(41011,41011,NULL,NULL,NULL,NULL,'RECEIVED','2026-06-06 14:53:04','2026-06-06 14:53:04',1,NULL,'2026-06-06 14:22:38','2026-06-06 14:22:38'),(41013,41013,'EXPRESS','顺丰','SF123456','温一碗酒，要两碟茴香豆','RECEIVED','2026-06-06 14:45:27','2026-06-06 14:45:50',1,NULL,'2026-06-06 14:42:31','2026-06-06 14:42:31'),(41014,41014,NULL,NULL,NULL,NULL,'RECEIVED','2026-06-06 15:25:50','2026-06-06 15:25:50',1,NULL,'2026-06-06 14:54:39','2026-06-06 14:54:39'),(41015,41015,NULL,NULL,NULL,NULL,'RECEIVED','2026-06-06 15:25:49','2026-06-06 15:25:49',1,NULL,'2026-06-06 14:54:39','2026-06-06 14:54:39'),(41016,41016,NULL,NULL,NULL,NULL,'RECEIVED','2026-06-06 15:18:10','2026-06-06 15:18:10',1,NULL,'2026-06-06 14:54:39','2026-06-06 14:54:39'),(41020,41020,'EXPRESS','顺丰','SF114514',NULL,'RECEIVED','2026-06-10 14:28:33','2026-06-10 14:51:59',1,NULL,'2026-06-10 13:27:02','2026-06-10 13:27:02'),(41021,41021,NULL,NULL,NULL,NULL,'NOT_SUBMITTED',NULL,NULL,NULL,NULL,'2026-06-10 15:47:50','2026-06-10 15:47:50'),(41022,41022,NULL,NULL,NULL,NULL,'NOT_SUBMITTED',NULL,NULL,NULL,NULL,'2026-06-10 16:19:28','2026-06-10 16:19:28'),(41023,41023,'EXPRESS','顺丰','SF114514','这是送样备注测试文本','RECEIVED','2026-06-10 16:39:21','2026-06-10 16:41:46',1,NULL,'2026-06-10 16:27:12','2026-06-10 16:27:12'),(41024,41024,'EXPRESS','顺丰','SF12345',NULL,'RECEIVED','2026-06-10 16:43:05','2026-06-10 16:43:13',1,NULL,'2026-06-10 16:42:50','2026-06-10 16:42:50'),(41025,41025,'EXPRESS','顺丰','SF12345','这是备注说明','RECEIVED','2026-06-10 16:48:22','2026-06-10 16:48:34',1,NULL,'2026-06-10 16:48:01','2026-06-10 16:48:01'),(41026,41026,'EXPRESS','顺丰','SF12345','寄了六款','RECEIVED','2026-06-10 16:49:45','2026-06-10 16:50:00',1,NULL,'2026-06-10 16:49:26','2026-06-10 16:49:26'),(42615,42615,NULL,NULL,NULL,NULL,'NOT_SUBMITTED',NULL,NULL,NULL,NULL,'2026-06-17 20:17:14','2026-06-17 20:17:14'),(42616,42616,NULL,NULL,NULL,NULL,'NOT_SUBMITTED',NULL,NULL,NULL,NULL,'2026-06-17 20:39:32','2026-06-17 20:39:32'),(42617,42617,'EXPRESS','顺丰','SF12345',NULL,'RECEIVED','2026-06-17 21:39:04','2026-06-17 21:50:10',1,NULL,'2026-06-17 20:47:18','2026-06-17 20:47:18'),(42670,42670,'EXPRESS','京东','JD123456','本次寄送两箱','RECEIVED','2026-06-17 21:58:18','2026-06-17 22:11:15',1,NULL,'2026-06-17 21:57:53','2026-06-17 21:57:53'),(42737,42737,'EXPRESS','顺丰','SF123456','1111','RECEIVED','2026-06-17 22:13:05','2026-06-17 22:15:27',1,NULL,'2026-06-17 22:12:41','2026-06-17 22:12:41'),(42738,42738,'EXPRESS','顺丰','SF12345',NULL,'RECEIVED','2026-06-17 22:16:14','2026-06-17 22:16:20',1,NULL,'2026-06-17 22:16:02','2026-06-17 22:16:02');
/*!40000 ALTER TABLE `entry_delivery` ENABLE KEYS */;
UNLOCK TABLES;

--
-- Table structure for table `entry_field_config`
--

DROP TABLE IF EXISTS `entry_field_config`;
/*!40101 SET @saved_cs_client     = @@character_set_client */;
/*!50503 SET character_set_client = utf8mb4 */;
CREATE TABLE `entry_field_config` (
  `id` bigint NOT NULL AUTO_INCREMENT COMMENT '主键ID',
  `competition_id` bigint NOT NULL COMMENT '所属比赛ID',
  `field_key` varchar(64) NOT NULL COMMENT '字段Key',
  `field_label` varchar(64) NOT NULL COMMENT '字段名称',
  `field_type` varchar(32) NOT NULL COMMENT '字段类型',
  `help_text` varchar(255) DEFAULT NULL COMMENT '填写提示文案',
  `options_json` json DEFAULT NULL COMMENT '选项JSON',
  `required_flag` tinyint NOT NULL DEFAULT '0' COMMENT '是否必填',
  `visible_to_judges` tinyint NOT NULL DEFAULT '0' COMMENT '是否对评审可见',
  `sort_order` int NOT NULL DEFAULT '0' COMMENT '展示排序',
  `create_time` datetime NOT NULL DEFAULT CURRENT_TIMESTAMP COMMENT '创建时间',
  `update_time` datetime NOT NULL DEFAULT CURRENT_TIMESTAMP ON UPDATE CURRENT_TIMESTAMP COMMENT '更新时间',
  PRIMARY KEY (`id`),
  UNIQUE KEY `uk_entry_field_config_key` (`competition_id`,`field_key`)
) ENGINE=InnoDB AUTO_INCREMENT=24 DEFAULT CHARSET=utf8mb4 COLLATE=utf8mb4_0900_ai_ci COMMENT='比赛报名补充字段配置表';
/*!40101 SET character_set_client = @saved_cs_client */;

--
-- Dumping data for table `entry_field_config`
--

LOCK TABLES `entry_field_config` WRITE;
/*!40000 ALTER TABLE `entry_field_config` DISABLE KEYS */;
INSERT INTO `entry_field_config` VALUES (1,1,'specialIngredients','增味原料或特殊工艺','textarea',NULL,NULL,0,1,1,'2026-06-02 21:39:35','2026-06-03 09:33:56'),(5,2,'specialIngredients','增味原料或特殊工艺','textarea','如使用茶、咖啡、水果、桶陈等，请描述原料和工艺。',NULL,0,1,0,'2026-06-03 13:02:23','2026-06-03 13:02:23'),(6,3,'specialIngredients','增味原料或特殊工艺','textarea','如使用茶、咖啡、水果、桶陈等，请描述原料和工艺。',NULL,0,1,0,'2026-06-03 20:03:44','2026-06-03 20:03:44'),(7,4,'specialIngredients','增味原料或特殊工艺','textarea','如使用茶、咖啡、水果、桶陈等，请描述原料和工艺。',NULL,0,1,0,'2026-06-04 20:47:29','2026-06-04 20:47:29'),(8,5,'specialIngredients','增味原料或特殊工艺','textarea','如使用茶、咖啡、水果、桶陈等，请描述原料和工艺。',NULL,0,1,0,'2026-06-06 13:34:00','2026-06-06 13:34:00'),(9,6,'specialIngredients','增味原料或特殊工艺','textarea','如使用茶、咖啡、水果、桶陈等，请描述原料和工艺。',NULL,0,1,0,'2026-06-06 14:03:46','2026-06-06 14:03:46'),(10,7,'specialIngredients','增味原料','text','如使用茶、咖啡、水果、桶陈等，请描述原料和工艺',NULL,0,1,0,'2026-06-09 21:47:16','2026-06-09 21:47:16'),(20,481,'specialIngredients','增味原料或特殊工艺','textarea','如使用茶、咖啡、水果、桶陈等，请描述原料和工艺。',NULL,0,1,0,'2026-06-17 18:20:55','2026-06-17 18:20:55');
/*!40000 ALTER TABLE `entry_field_config` ENABLE KEYS */;
UNLOCK TABLES;

--
-- Table structure for table `entry_payment`
--

DROP TABLE IF EXISTS `entry_payment`;
/*!40101 SET @saved_cs_client     = @@character_set_client */;
/*!50503 SET character_set_client = utf8mb4 */;
CREATE TABLE `entry_payment` (
  `id` bigint NOT NULL AUTO_INCREMENT COMMENT '主键ID',
  `beer_entry_id` bigint NOT NULL COMMENT '参赛酒款ID',
  `amount` decimal(10,2) NOT NULL COMMENT '金额',
  `status` varchar(32) NOT NULL COMMENT '支付状态',
  `pay_method` varchar(32) NOT NULL COMMENT '支付方式',
  `out_trade_no` varchar(64) DEFAULT NULL COMMENT '商户支付单号',
  `wechat_transaction_id` varchar(64) DEFAULT NULL COMMENT '微信支付交易号',
  `bank_transfer_id` bigint DEFAULT NULL COMMENT '关联银行转账付款单ID',
  `code_url` varchar(512) DEFAULT NULL COMMENT '微信Native支付二维码链接',
  `expire_time` datetime DEFAULT NULL COMMENT '过期时间',
  `paid_amount` decimal(10,2) DEFAULT NULL COMMENT '实付金额',
  `wechat_trade_state` varchar(32) DEFAULT NULL COMMENT '微信交易状态',
  `wechat_trade_state_desc` varchar(128) DEFAULT NULL COMMENT '微信交易状态描述',
  `notify_raw_json` json DEFAULT NULL COMMENT '支付通知原始JSON',
  `last_query_time` datetime DEFAULT NULL COMMENT '最近查询时间',
  `paid_time` datetime DEFAULT NULL COMMENT '支付完成时间',
  `confirmed_by_admin_id` bigint DEFAULT NULL COMMENT '人工确认管理员ID',
  `confirm_remark` varchar(255) DEFAULT NULL COMMENT '人工确认备注',
  `create_time` datetime NOT NULL DEFAULT CURRENT_TIMESTAMP COMMENT '创建时间',
  `update_time` datetime NOT NULL DEFAULT CURRENT_TIMESTAMP ON UPDATE CURRENT_TIMESTAMP COMMENT '更新时间',
  PRIMARY KEY (`id`),
  UNIQUE KEY `uk_entry_payment_entry` (`beer_entry_id`),
  UNIQUE KEY `uk_entry_payment_out_trade_no` (`out_trade_no`),
  KEY `idx_entry_payment_status` (`status`,`update_time`),
  KEY `idx_entry_payment_bank_transfer` (`bank_transfer_id`)
) ENGINE=InnoDB AUTO_INCREMENT=43084 DEFAULT CHARSET=utf8mb4 COLLATE=utf8mb4_0900_ai_ci COMMENT='参赛酒款报名支付记录表';
/*!40101 SET character_set_client = @saved_cs_client */;

--
-- Dumping data for table `entry_payment`
--

LOCK TABLES `entry_payment` WRITE;
/*!40000 ALTER TABLE `entry_payment` DISABLE KEYS */;
INSERT INTO `entry_payment` VALUES (1,2,199.00,'PAID','MANUAL',NULL,NULL,NULL,NULL,NULL,NULL,NULL,NULL,NULL,NULL,'2026-06-03 15:27:45',1,NULL,'2026-06-03 15:27:44','2026-06-03 15:27:44'),(2,3,199.00,'UNPAID','MANUAL','LAGER26-TST-PAY-001',NULL,NULL,NULL,NULL,NULL,NULL,NULL,NULL,NULL,NULL,NULL,NULL,'2026-06-03 18:36:15','2026-06-03 18:36:15'),(3,4,199.00,'UNPAID','MANUAL','LAGER26-TST-PAY-002',NULL,NULL,NULL,NULL,NULL,NULL,NULL,NULL,NULL,NULL,NULL,NULL,'2026-06-03 18:36:15','2026-06-03 18:36:15'),(4,5,199.00,'UNPAID','MANUAL','LAGER26-TST-PAY-003',NULL,NULL,NULL,NULL,NULL,NULL,NULL,NULL,NULL,NULL,NULL,NULL,'2026-06-03 18:36:15','2026-06-03 18:36:15'),(5,6,199.00,'UNPAID','MANUAL','LAGER26-TST-PAY-004',NULL,NULL,NULL,NULL,NULL,NULL,NULL,NULL,NULL,NULL,NULL,NULL,'2026-06-03 18:36:15','2026-06-03 18:36:15'),(6,7,199.00,'UNPAID','MANUAL','LAGER26-TST-PAY-005',NULL,NULL,NULL,NULL,NULL,NULL,NULL,NULL,NULL,NULL,NULL,NULL,'2026-06-03 18:36:15','2026-06-03 18:36:15'),(7,8,199.00,'UNPAID','MANUAL','LAGER26-TST-PAY-006',NULL,NULL,NULL,NULL,NULL,NULL,NULL,NULL,NULL,NULL,NULL,NULL,'2026-06-03 18:36:15','2026-06-03 18:36:15'),(8,9,199.00,'UNPAID','MANUAL','LAGER26-TST-PAY-007',NULL,NULL,NULL,NULL,NULL,NULL,NULL,NULL,NULL,NULL,NULL,NULL,'2026-06-03 18:36:15','2026-06-03 18:36:15'),(9,10,199.00,'UNPAID','MANUAL','LAGER26-TST-PAY-008',NULL,NULL,NULL,NULL,NULL,NULL,NULL,NULL,NULL,NULL,NULL,NULL,'2026-06-03 18:36:15','2026-06-03 18:36:15'),(10,11,199.00,'UNPAID','MANUAL','LAGER26-TST-PAY-009',NULL,NULL,NULL,NULL,NULL,NULL,NULL,NULL,NULL,NULL,NULL,NULL,'2026-06-03 18:36:15','2026-06-03 18:36:15'),(11,12,199.00,'UNPAID','MANUAL','LAGER26-TST-PAY-010',NULL,NULL,NULL,NULL,NULL,NULL,NULL,NULL,NULL,NULL,NULL,NULL,'2026-06-03 18:36:15','2026-06-03 18:36:15'),(12,13,199.00,'UNPAID','MANUAL','LAGER26-TST-PAY-011',NULL,NULL,NULL,NULL,NULL,NULL,NULL,NULL,NULL,NULL,NULL,NULL,'2026-06-03 18:36:15','2026-06-03 18:36:15'),(13,14,199.00,'UNPAID','MANUAL','LAGER26-TST-PAY-012',NULL,NULL,NULL,NULL,NULL,NULL,NULL,NULL,NULL,NULL,NULL,NULL,'2026-06-03 18:36:15','2026-06-03 18:36:15'),(14,15,199.00,'PAID','MANUAL','LAGER26-TST-PAY-013',NULL,NULL,NULL,NULL,NULL,NULL,NULL,NULL,NULL,'2026-06-12 09:13:00',1,'测试数据：线下付款已确认','2026-06-03 18:36:15','2026-06-03 18:36:15'),(15,16,199.00,'PAID','MANUAL','LAGER26-TST-PAY-014',NULL,NULL,NULL,NULL,NULL,NULL,NULL,NULL,NULL,'2026-06-12 09:14:00',1,'测试数据：线下付款已确认','2026-06-03 18:36:15','2026-06-03 18:36:15'),(16,17,199.00,'PAID','MANUAL','LAGER26-TST-PAY-015',NULL,NULL,NULL,NULL,NULL,NULL,NULL,NULL,NULL,'2026-06-12 09:15:00',1,'测试数据：线下付款已确认','2026-06-03 18:36:15','2026-06-03 18:36:15'),(17,18,199.00,'PAID','MANUAL','LAGER26-TST-PAY-016',NULL,NULL,NULL,NULL,NULL,NULL,NULL,NULL,NULL,'2026-06-12 09:16:00',1,'测试数据：线下付款已确认','2026-06-03 18:36:15','2026-06-03 18:36:15'),(18,19,199.00,'PAID','MANUAL','LAGER26-TST-PAY-017',NULL,NULL,NULL,NULL,NULL,NULL,NULL,NULL,NULL,'2026-06-12 09:17:00',1,'测试数据：线下付款已确认','2026-06-03 18:36:15','2026-06-03 18:36:15'),(19,20,199.00,'PAID','MANUAL','LAGER26-TST-PAY-018',NULL,NULL,NULL,NULL,NULL,NULL,NULL,NULL,NULL,'2026-06-12 09:18:00',1,'测试数据：线下付款已确认','2026-06-03 18:36:15','2026-06-03 18:36:15'),(20,21,199.00,'PAID','MANUAL','LAGER26-TST-PAY-019',NULL,NULL,NULL,NULL,NULL,NULL,NULL,NULL,NULL,'2026-06-12 09:19:00',1,'测试数据：线下付款已确认','2026-06-03 18:36:15','2026-06-03 18:36:15'),(21,22,199.00,'PAID','MANUAL','LAGER26-TST-PAY-020',NULL,NULL,NULL,NULL,NULL,NULL,NULL,NULL,NULL,'2026-06-12 09:20:00',1,'测试数据：线下付款已确认','2026-06-03 18:36:15','2026-06-03 18:36:15'),(22,23,199.00,'PAID','MANUAL','LAGER26-TST-PAY-021',NULL,NULL,NULL,NULL,NULL,NULL,NULL,NULL,NULL,'2026-06-12 09:21:00',1,'测试数据：线下付款已确认','2026-06-03 18:36:15','2026-06-03 18:36:15'),(23,24,199.00,'PAID','MANUAL','LAGER26-TST-PAY-022',NULL,NULL,NULL,NULL,NULL,NULL,NULL,NULL,NULL,'2026-06-12 09:22:00',1,'测试数据：线下付款已确认','2026-06-03 18:36:15','2026-06-03 18:36:15'),(24,25,199.00,'PAID','MANUAL','LAGER26-TST-PAY-023',NULL,NULL,NULL,NULL,NULL,NULL,NULL,NULL,NULL,'2026-06-12 09:23:00',1,'测试数据：线下付款已确认','2026-06-03 18:36:15','2026-06-03 18:36:15'),(25,26,199.00,'PAID','MANUAL','LAGER26-TST-PAY-024',NULL,NULL,NULL,NULL,NULL,NULL,NULL,NULL,NULL,'2026-06-12 09:24:00',1,'测试数据：线下付款已确认','2026-06-03 18:36:15','2026-06-03 18:36:15'),(26,27,199.00,'PAID','MANUAL','LAGER26-TST-PAY-025',NULL,NULL,NULL,NULL,NULL,NULL,NULL,NULL,NULL,'2026-06-12 09:25:00',1,'测试数据：线下付款已确认','2026-06-03 18:36:15','2026-06-03 18:36:15'),(27,28,199.00,'PAID','MANUAL','LAGER26-TST-PAY-026',NULL,NULL,NULL,NULL,NULL,NULL,NULL,NULL,NULL,'2026-06-12 09:26:00',1,'测试数据：线下付款已确认','2026-06-03 18:36:15','2026-06-03 18:36:15'),(28,29,199.00,'PAID','MANUAL','LAGER26-TST-PAY-027',NULL,NULL,NULL,NULL,NULL,NULL,NULL,NULL,NULL,'2026-06-12 09:27:00',1,'测试数据：线下付款已确认','2026-06-03 18:36:15','2026-06-03 18:36:15'),(29,30,199.00,'PAID','MANUAL','LAGER26-TST-PAY-028',NULL,NULL,NULL,NULL,NULL,NULL,NULL,NULL,NULL,'2026-06-12 09:28:00',1,'测试数据：线下付款已确认','2026-06-03 18:36:15','2026-06-03 18:36:15'),(30,31,199.00,'PAID','MANUAL','LAGER26-TST-PAY-029',NULL,NULL,NULL,NULL,NULL,NULL,NULL,NULL,NULL,'2026-06-12 09:29:00',1,'测试数据：线下付款已确认','2026-06-03 18:36:15','2026-06-03 18:36:15'),(31,32,199.00,'PAID','MANUAL','LAGER26-TST-PAY-030',NULL,NULL,NULL,NULL,NULL,NULL,NULL,NULL,NULL,'2026-06-12 09:30:00',1,'测试数据：线下付款已确认','2026-06-03 18:36:15','2026-06-03 18:36:15'),(32,33,199.00,'PAID','MANUAL','LAGER26-TST-PAY-031',NULL,NULL,NULL,NULL,NULL,NULL,NULL,NULL,NULL,'2026-06-12 09:31:00',1,'测试数据：线下付款已确认','2026-06-03 18:36:15','2026-06-03 18:36:15'),(33,34,199.00,'PAID','MANUAL','LAGER26-TST-PAY-032',NULL,NULL,NULL,NULL,NULL,NULL,NULL,NULL,NULL,'2026-06-12 09:32:00',1,'测试数据：线下付款已确认','2026-06-03 18:36:15','2026-06-03 18:36:15'),(34,35,199.00,'PAID','MANUAL','LAGER26-TST-PAY-033',NULL,NULL,NULL,NULL,NULL,NULL,NULL,NULL,NULL,'2026-06-12 09:33:00',1,'测试数据：线下付款已确认','2026-06-03 18:36:15','2026-06-03 18:36:15'),(35,36,199.00,'PAID','MANUAL','LAGER26-TST-PAY-034',NULL,NULL,NULL,NULL,NULL,NULL,NULL,NULL,NULL,'2026-06-12 09:34:00',1,'测试数据：线下付款已确认','2026-06-03 18:36:15','2026-06-03 18:36:15'),(36,37,199.00,'PAID','MANUAL','LAGER26-TST-PAY-035',NULL,NULL,NULL,NULL,NULL,NULL,NULL,NULL,NULL,'2026-06-12 09:35:00',1,'测试数据：线下付款已确认','2026-06-03 18:36:15','2026-06-03 18:36:15'),(37,38,199.00,'PAID','MANUAL','LAGER26-TST-PAY-036',NULL,NULL,NULL,NULL,NULL,NULL,NULL,NULL,NULL,'2026-06-12 09:36:00',1,'测试数据：线下付款已确认','2026-06-03 18:36:15','2026-06-03 18:36:15'),(38,39,199.00,'PAID','MANUAL','LAGER26-TST-PAY-037',NULL,NULL,NULL,NULL,NULL,NULL,NULL,NULL,NULL,'2026-06-12 09:37:00',1,'测试数据：线下付款已确认','2026-06-03 18:36:15','2026-06-03 18:36:15'),(39,40,199.00,'PAID','MANUAL','LAGER26-TST-PAY-038',NULL,NULL,NULL,NULL,NULL,NULL,NULL,NULL,NULL,'2026-06-12 09:38:00',1,'测试数据：线下付款已确认','2026-06-03 18:36:15','2026-06-03 18:36:15'),(40,41,199.00,'PAID','MANUAL','LAGER26-TST-PAY-039',NULL,NULL,NULL,NULL,NULL,NULL,NULL,NULL,NULL,'2026-06-12 09:39:00',1,'测试数据：线下付款已确认','2026-06-03 18:36:15','2026-06-03 18:36:15'),(41,42,199.00,'PAID','MANUAL','LAGER26-TST-PAY-040',NULL,NULL,NULL,NULL,NULL,NULL,NULL,NULL,NULL,'2026-06-12 09:40:00',1,'测试数据：线下付款已确认','2026-06-03 18:36:15','2026-06-03 18:36:15'),(42,43,199.00,'PAID','MANUAL','LAGER26-TST-PAY-041',NULL,NULL,NULL,NULL,NULL,NULL,NULL,NULL,NULL,'2026-06-12 09:41:00',1,'测试数据：线下付款已确认','2026-06-03 18:36:15','2026-06-03 18:36:15'),(43,44,199.00,'PAID','MANUAL','LAGER26-TST-PAY-042',NULL,NULL,NULL,NULL,NULL,NULL,NULL,NULL,NULL,'2026-06-12 09:42:00',1,'测试数据：线下付款已确认','2026-06-03 18:36:15','2026-06-03 18:36:15'),(44,45,199.00,'PAID','MANUAL','LAGER26-TST-PAY-043',NULL,NULL,NULL,NULL,NULL,NULL,NULL,NULL,NULL,'2026-06-12 09:43:00',1,'测试数据：线下付款已确认','2026-06-03 18:36:15','2026-06-03 18:36:15'),(45,46,199.00,'PAID','MANUAL','LAGER26-TST-PAY-044',NULL,NULL,NULL,NULL,NULL,NULL,NULL,NULL,NULL,'2026-06-12 09:44:00',1,'测试数据：线下付款已确认','2026-06-03 18:36:15','2026-06-03 18:36:15'),(46,47,199.00,'PAID','MANUAL','LAGER26-TST-PAY-045',NULL,NULL,NULL,NULL,NULL,NULL,NULL,NULL,NULL,'2026-06-12 09:45:00',1,'测试数据：线下付款已确认','2026-06-03 18:36:15','2026-06-03 18:36:15'),(47,48,199.00,'PAID','MANUAL','LAGER26-TST-PAY-046',NULL,NULL,NULL,NULL,NULL,NULL,NULL,NULL,NULL,'2026-06-12 09:46:00',1,'测试数据：线下付款已确认','2026-06-03 18:36:15','2026-06-03 18:36:15'),(48,49,199.00,'PAID','MANUAL','LAGER26-TST-PAY-047',NULL,NULL,NULL,NULL,NULL,NULL,NULL,NULL,NULL,'2026-06-12 09:47:00',1,'测试数据：线下付款已确认','2026-06-03 18:36:15','2026-06-03 18:36:15'),(49,50,199.00,'PAID','MANUAL','LAGER26-TST-PAY-048',NULL,NULL,NULL,NULL,NULL,NULL,NULL,NULL,NULL,'2026-06-12 09:48:00',1,'测试数据：线下付款已确认','2026-06-03 18:36:15','2026-06-03 18:36:15'),(50,51,199.00,'PAID','MANUAL','LAGER26-TST-PAY-049',NULL,NULL,NULL,NULL,NULL,NULL,NULL,NULL,NULL,'2026-06-12 09:49:00',1,'测试数据：线下付款已确认','2026-06-03 18:36:15','2026-06-03 18:36:15'),(51,52,199.00,'PAID','MANUAL','LAGER26-TST-PAY-050',NULL,NULL,NULL,NULL,NULL,NULL,NULL,NULL,NULL,'2026-06-12 09:50:00',1,'测试数据：线下付款已确认','2026-06-03 18:36:15','2026-06-03 18:36:15'),(52,53,199.00,'PAID','MANUAL','LAGER26-TST-PAY-051',NULL,NULL,NULL,NULL,NULL,NULL,NULL,NULL,NULL,'2026-06-12 09:51:00',1,'测试数据：线下付款已确认','2026-06-03 18:36:15','2026-06-03 18:36:15'),(53,54,199.00,'PAID','MANUAL','LAGER26-TST-PAY-052',NULL,NULL,NULL,NULL,NULL,NULL,NULL,NULL,NULL,'2026-06-12 09:52:00',1,'测试数据：线下付款已确认','2026-06-03 18:36:15','2026-06-03 18:36:15'),(54,55,199.00,'PAID','MANUAL','LAGER26-TST-PAY-053',NULL,NULL,NULL,NULL,NULL,NULL,NULL,NULL,NULL,'2026-06-12 09:53:00',1,'测试数据：线下付款已确认','2026-06-03 18:36:15','2026-06-03 18:36:15'),(55,56,199.00,'PAID','MANUAL','LAGER26-TST-PAY-054',NULL,NULL,NULL,NULL,NULL,NULL,NULL,NULL,NULL,'2026-06-12 09:54:00',1,'测试数据：线下付款已确认','2026-06-03 18:36:15','2026-06-03 18:36:15'),(56,57,199.00,'PAID','MANUAL','LAGER26-TST-PAY-055',NULL,NULL,NULL,NULL,NULL,NULL,NULL,NULL,NULL,'2026-06-12 09:55:00',1,'测试数据：线下付款已确认','2026-06-03 18:36:15','2026-06-03 18:36:15'),(57,58,199.00,'PAID','MANUAL','LAGER26-TST-PAY-056',NULL,NULL,NULL,NULL,NULL,NULL,NULL,NULL,NULL,'2026-06-12 09:56:00',1,'测试数据：线下付款已确认','2026-06-03 18:36:15','2026-06-03 18:36:15'),(58,59,199.00,'PAID','MANUAL','LAGER26-TST-PAY-057',NULL,NULL,NULL,NULL,NULL,NULL,NULL,NULL,NULL,'2026-06-12 09:57:00',1,'测试数据：线下付款已确认','2026-06-03 18:36:15','2026-06-03 18:36:15'),(59,60,199.00,'PAID','MANUAL','LAGER26-TST-PAY-058',NULL,NULL,NULL,NULL,NULL,NULL,NULL,NULL,NULL,'2026-06-12 09:58:00',1,'测试数据：线下付款已确认','2026-06-03 18:36:15','2026-06-03 18:36:15'),(60,61,199.00,'PAID','MANUAL','LAGER26-TST-PAY-059',NULL,NULL,NULL,NULL,NULL,NULL,NULL,NULL,NULL,'2026-06-12 09:59:00',1,'测试数据：线下付款已确认','2026-06-03 18:36:15','2026-06-03 18:36:15'),(61,62,199.00,'PAID','MANUAL','LAGER26-TST-PAY-060',NULL,NULL,NULL,NULL,NULL,NULL,NULL,NULL,NULL,'2026-06-12 09:00:00',1,'测试数据：线下付款已确认','2026-06-03 18:36:15','2026-06-03 18:36:15'),(62,63,199.00,'PAID','MANUAL',NULL,NULL,NULL,NULL,NULL,NULL,NULL,NULL,NULL,NULL,'2026-06-04 20:56:50',1,NULL,'2026-06-04 20:55:51','2026-06-04 20:55:51'),(41001,41001,199.00,'PAID','MANUAL','SAKE26-PAY-S6L01',NULL,NULL,NULL,NULL,NULL,NULL,NULL,NULL,NULL,'2026-06-04 20:58:00',1,'测试数据：已确认付款','2026-06-04 20:58:00','2026-06-04 20:58:00'),(41002,41002,199.00,'PAID','MANUAL','SAKE26-PAY-S6L02',NULL,NULL,NULL,NULL,NULL,NULL,NULL,NULL,NULL,'2026-06-04 20:58:00',1,'测试数据：已确认付款','2026-06-04 20:58:00','2026-06-04 20:58:00'),(41003,41003,199.00,'PAID','MANUAL','SAKE26-PAY-S6L03',NULL,NULL,NULL,NULL,NULL,NULL,NULL,NULL,NULL,'2026-06-04 20:58:00',1,'测试数据：已确认付款','2026-06-04 20:58:00','2026-06-04 20:58:00'),(41004,41004,199.00,'PAID','MANUAL','SAKE26-PAY-S6L04',NULL,NULL,NULL,NULL,NULL,NULL,NULL,NULL,NULL,'2026-06-04 20:58:00',1,'测试数据：已确认付款','2026-06-04 20:58:00','2026-06-04 20:58:00'),(41005,41005,199.00,'PAID','MANUAL','SAKE26-PAY-S6L05',NULL,NULL,NULL,NULL,NULL,NULL,NULL,NULL,NULL,'2026-06-04 20:58:00',1,'测试数据：已确认付款','2026-06-04 20:58:00','2026-06-04 20:58:00'),(41006,41006,199.00,'PAID','MANUAL','SAKE26-PAY-S6D01',NULL,NULL,NULL,NULL,NULL,NULL,NULL,NULL,NULL,'2026-06-04 20:58:00',1,'测试数据：已确认付款','2026-06-04 20:58:00','2026-06-04 20:58:00'),(41007,41007,199.00,'PAID','MANUAL','SAKE26-PAY-S6D02',NULL,NULL,NULL,NULL,NULL,NULL,NULL,NULL,NULL,'2026-06-04 20:58:00',1,'测试数据：已确认付款','2026-06-04 20:58:00','2026-06-04 20:58:00'),(41008,41008,199.00,'PAID','MANUAL','SAKE26-PAY-S6D03',NULL,NULL,NULL,NULL,NULL,NULL,NULL,NULL,NULL,'2026-06-04 20:58:00',1,'测试数据：已确认付款','2026-06-04 20:58:00','2026-06-04 20:58:00'),(41009,41009,199.00,'PAID','MANUAL','SAKE26-PAY-S6D04',NULL,NULL,NULL,NULL,NULL,NULL,NULL,NULL,NULL,'2026-06-04 20:58:00',1,'测试数据：已确认付款','2026-06-04 20:58:00','2026-06-04 20:58:00'),(41010,41010,199.00,'PAID','MANUAL','SAKE26-PAY-S6D05',NULL,NULL,NULL,NULL,NULL,NULL,NULL,NULL,NULL,'2026-06-04 20:58:00',1,'测试数据：已确认付款','2026-06-04 20:58:00','2026-06-04 20:58:00'),(41011,41011,199.00,'PAID','MANUAL',NULL,NULL,NULL,NULL,NULL,NULL,NULL,NULL,NULL,NULL,'2026-06-06 14:53:00',1,NULL,'2026-06-06 14:22:38','2026-06-06 14:22:38'),(41013,41013,199.00,'PAID','MOCK','MOCK-A4B6B8A369004913B23EA407',NULL,NULL,NULL,NULL,NULL,NULL,NULL,NULL,NULL,'2026-06-06 14:42:41',NULL,'mock payment','2026-06-06 14:42:31','2026-06-06 14:42:31'),(41014,41014,199.00,'PAID','MANUAL',NULL,NULL,NULL,NULL,NULL,NULL,NULL,NULL,NULL,NULL,'2026-06-06 15:25:47',1,NULL,'2026-06-06 14:54:39','2026-06-06 14:54:39'),(41015,41015,199.00,'PAID','MANUAL',NULL,NULL,NULL,NULL,NULL,NULL,NULL,NULL,NULL,NULL,'2026-06-06 15:25:48',1,NULL,'2026-06-06 14:54:39','2026-06-06 14:54:39'),(41016,41016,199.00,'PAID','MANUAL','YACHIYO-MANUAL-003',NULL,NULL,NULL,NULL,NULL,NULL,NULL,NULL,NULL,'2026-06-06 14:54:39',NULL,'manual test payment','2026-06-06 14:54:39','2026-06-06 14:54:39'),(41020,41020,99.00,'PAID','MOCK','MOCK-EC7005B2AE5743BC994FC3A6',NULL,NULL,NULL,NULL,NULL,NULL,NULL,NULL,NULL,'2026-06-10 13:27:09',NULL,'mock payment','2026-06-10 13:27:02','2026-06-10 13:27:02'),(41021,41021,99.00,'REFUNDED','MOCK','MOCK-A87BEC216BD34182AFC152E1',NULL,NULL,NULL,NULL,NULL,NULL,NULL,NULL,NULL,'2026-06-10 15:47:55',NULL,'好的','2026-06-10 15:47:50','2026-06-10 15:47:50'),(41022,41022,99.00,'REFUNDED','MOCK','MOCK-B22FC59CD47A4088A1A737E9',NULL,NULL,NULL,NULL,NULL,NULL,NULL,NULL,NULL,'2026-06-10 16:19:31',NULL,'mock payment','2026-06-10 16:19:28','2026-06-10 16:19:28'),(41023,41023,99.00,'PAID','MOCK','MOCK-43BAE363E1EE4B908C40B1F5',NULL,NULL,NULL,NULL,NULL,NULL,NULL,NULL,NULL,'2026-06-10 16:27:14',NULL,'mock payment','2026-06-10 16:27:12','2026-06-10 16:27:12'),(41024,41024,99.00,'PAID','MOCK','MOCK-57942812F915481FB7F22474',NULL,NULL,NULL,NULL,NULL,NULL,NULL,NULL,NULL,'2026-06-10 16:42:53',NULL,'mock payment','2026-06-10 16:42:50','2026-06-10 16:42:50'),(41025,41025,99.00,'PAID','MOCK','MOCK-98890D735A37402781E0A107',NULL,NULL,NULL,NULL,NULL,NULL,NULL,NULL,NULL,'2026-06-10 16:48:04',NULL,'mock payment','2026-06-10 16:48:01','2026-06-10 16:48:01'),(41026,41026,99.00,'PAID','MOCK','MOCK-A0C10D630E7D4775B00BAE2A',NULL,NULL,NULL,NULL,NULL,NULL,NULL,NULL,NULL,'2026-06-10 16:49:28',NULL,'mock payment','2026-06-10 16:49:26','2026-06-10 16:49:26'),(42615,42615,0.01,'CANCELED','WECHAT','BC1781704230293BDF5A5BC',NULL,NULL,'mock://wechat-pay/native/BC1781704230293BDF5A5BC','2026-06-17 22:20:30',NULL,'NOTPAY','待支付',NULL,'2026-06-17 21:50:30',NULL,NULL,'厂商取消报名','2026-06-17 20:17:14','2026-06-17 20:17:14'),(42616,42616,0.01,'CANCELED','WECHAT','BC1781704243515C45C284B',NULL,NULL,'mock://wechat-pay/native/BC1781704243515C45C284B','2026-06-17 22:20:44',NULL,'NOTPAY','待支付',NULL,'2026-06-17 21:50:44',NULL,NULL,'厂商取消报名','2026-06-17 20:39:32','2026-06-17 20:39:32'),(42617,42617,0.01,'PAID','BANK_TRANSFER','BC17817004452387EC2EE49',NULL,70,'mock://wechat-pay/native/BC17817004452387EC2EE49','2026-06-17 21:17:25',0.01,'NOTPAY','待支付',NULL,NULL,'2026-06-17 21:34:24',1,NULL,'2026-06-17 20:47:18','2026-06-17 21:17:18'),(42670,42670,0.01,'PAID','MOCK','BC1781704673177F193DC93',NULL,NULL,'mock://wechat-pay/native/BC1781704673177F193DC93','2026-06-17 22:27:53',NULL,'NOTPAY','待支付',NULL,NULL,'2026-06-17 21:57:55',NULL,'mock payment','2026-06-17 21:57:53','2026-06-17 21:57:53'),(42737,42737,0.01,'PAID','MOCK','BC1781705561144936DE91F',NULL,NULL,'mock://wechat-pay/native/BC1781705561144936DE91F','2026-06-17 22:42:41',NULL,'NOTPAY','待支付',NULL,NULL,'2026-06-17 22:12:43',NULL,'mock payment','2026-06-17 22:12:41','2026-06-17 22:12:41'),(42738,42738,0.01,'PAID','MOCK','BC1781705762349EBBD3803',NULL,NULL,'mock://wechat-pay/native/BC1781705762349EBBD3803','2026-06-17 22:46:02',NULL,'NOTPAY','待支付',NULL,NULL,'2026-06-17 22:16:03',NULL,'mock payment','2026-06-17 22:16:02','2026-06-17 22:16:02');
/*!40000 ALTER TABLE `entry_payment` ENABLE KEYS */;
UNLOCK TABLES;

--
-- Table structure for table `entry_refund`
--

DROP TABLE IF EXISTS `entry_refund`;
/*!40101 SET @saved_cs_client     = @@character_set_client */;
/*!50503 SET character_set_client = utf8mb4 */;
CREATE TABLE `entry_refund` (
  `id` bigint NOT NULL AUTO_INCREMENT COMMENT '主键ID',
  `beer_entry_id` bigint NOT NULL COMMENT '参赛酒款ID',
  `entry_payment_id` bigint NOT NULL COMMENT '报名支付记录ID',
  `refund_no` varchar(64) NOT NULL COMMENT '系统退款单号',
  `amount` decimal(10,2) NOT NULL COMMENT '金额',
  `status` varchar(32) NOT NULL COMMENT '退款状态',
  `reason` varchar(300) NOT NULL COMMENT '退款申请原因',
  `requested_by_portal_id` bigint DEFAULT NULL COMMENT '申请退款的厂商账号ID',
  `requested_time` datetime NOT NULL COMMENT '退款申请时间',
  `processed_by_admin_id` bigint DEFAULT NULL COMMENT '处理退款的管理员ID',
  `processed_time` datetime DEFAULT NULL COMMENT '处理时间',
  `success_time` datetime DEFAULT NULL COMMENT '退款成功时间',
  `fail_reason` varchar(300) DEFAULT NULL COMMENT '退款失败原因',
  `wechat_refund_id` varchar(64) DEFAULT NULL COMMENT '微信退款单号',
  `wechat_refund_status` varchar(32) DEFAULT NULL COMMENT '微信退款状态',
  `out_refund_no` varchar(64) DEFAULT NULL COMMENT '商户退款单号',
  `notify_raw_json` json DEFAULT NULL COMMENT '支付通知原始JSON',
  `refund_notify_raw_json` json DEFAULT NULL COMMENT '退款通知原始JSON',
  `last_query_time` datetime DEFAULT NULL COMMENT '最近查询时间',
  `create_time` datetime NOT NULL DEFAULT CURRENT_TIMESTAMP COMMENT '创建时间',
  `update_time` datetime NOT NULL DEFAULT CURRENT_TIMESTAMP ON UPDATE CURRENT_TIMESTAMP COMMENT '更新时间',
  PRIMARY KEY (`id`),
  UNIQUE KEY `uk_entry_refund_no` (`refund_no`),
  UNIQUE KEY `uk_entry_refund_out_refund_no` (`out_refund_no`),
  KEY `idx_entry_refund_entry` (`beer_entry_id`),
  KEY `idx_entry_refund_payment` (`entry_payment_id`),
  KEY `idx_entry_refund_status` (`status`,`requested_time`)
) ENGINE=InnoDB AUTO_INCREMENT=44 DEFAULT CHARSET=utf8mb4 COLLATE=utf8mb4_0900_ai_ci COMMENT='参赛酒款退款记录表';
/*!40101 SET character_set_client = @saved_cs_client */;

--
-- Dumping data for table `entry_refund`
--

LOCK TABLES `entry_refund` WRITE;
/*!40000 ALTER TABLE `entry_refund` DISABLE KEYS */;
INSERT INTO `entry_refund` VALUES (1,41021,41021,'RF-608C684930C2475C9246834F',99.00,'SUCCESS','不想要了',2,'2026-06-10 15:48:23',1,'2026-06-10 16:14:08','2026-06-10 16:14:08',NULL,NULL,NULL,NULL,NULL,NULL,NULL,'2026-06-10 15:48:23','2026-06-10 15:48:23'),(2,41022,41022,'RF-181CAE4BEFA141029C6E2B7E',99.00,'REJECTED','信息填错了',2,'2026-06-10 16:20:01',1,'2026-06-10 16:23:51',NULL,'我们直接帮您这边改就行',NULL,NULL,NULL,NULL,NULL,NULL,'2026-06-10 16:20:01','2026-06-10 16:20:01'),(3,41022,41022,'RF-8781E32731294EFD9E14B2F2',99.00,'SUCCESS','还是要退',2,'2026-06-10 16:24:06',1,'2026-06-10 16:24:17','2026-06-10 16:24:17',NULL,NULL,NULL,NULL,NULL,NULL,NULL,'2026-06-10 16:24:06','2026-06-10 16:24:06');
/*!40000 ALTER TABLE `entry_refund` ENABLE KEYS */;
UNLOCK TABLES;

--
-- Table structure for table `entry_scan_label`
--

DROP TABLE IF EXISTS `entry_scan_label`;
/*!40101 SET @saved_cs_client     = @@character_set_client */;
/*!50503 SET character_set_client = utf8mb4 */;
CREATE TABLE `entry_scan_label` (
  `id` bigint NOT NULL AUTO_INCREMENT COMMENT '主键ID',
  `competition_id` bigint NOT NULL COMMENT '所属比赛ID',
  `beer_entry_id` bigint NOT NULL COMMENT '参赛酒款ID',
  `label_code` varchar(64) NOT NULL COMMENT '完整标签编码',
  `short_code` varchar(16) NOT NULL COMMENT '评审短编号',
  `scan_token` varchar(64) NOT NULL COMMENT '扫码识别Token',
  `status` varchar(32) NOT NULL COMMENT '标签状态',
  `generated_by` bigint DEFAULT NULL COMMENT '生成标签的管理员ID',
  `generated_time` datetime NOT NULL DEFAULT CURRENT_TIMESTAMP COMMENT '生成时间',
  `printed_time` datetime DEFAULT NULL COMMENT '打印时间',
  `create_time` datetime NOT NULL DEFAULT CURRENT_TIMESTAMP COMMENT '创建时间',
  `update_time` datetime NOT NULL DEFAULT CURRENT_TIMESTAMP ON UPDATE CURRENT_TIMESTAMP COMMENT '更新时间',
  `active_flag` tinyint GENERATED ALWAYS AS ((case when (`status` = _utf8mb4'ACTIVE') then 1 else NULL end)) VIRTUAL COMMENT '有效标签虚拟标记',
  PRIMARY KEY (`id`),
  UNIQUE KEY `uk_entry_scan_label_label_code` (`label_code`),
  UNIQUE KEY `uk_entry_scan_label_short_code` (`short_code`),
  UNIQUE KEY `uk_entry_scan_label_token` (`scan_token`),
  UNIQUE KEY `uk_entry_scan_label_active_entry` (`beer_entry_id`,`active_flag`),
  KEY `idx_entry_scan_label_competition` (`competition_id`)
) ENGINE=InnoDB AUTO_INCREMENT=43049 DEFAULT CHARSET=utf8mb4 COLLATE=utf8mb4_0900_ai_ci COMMENT='参赛酒款扫码标签表';
/*!40101 SET character_set_client = @saved_cs_client */;

--
-- Dumping data for table `entry_scan_label`
--

LOCK TABLES `entry_scan_label` WRITE;
/*!40000 ALTER TABLE `entry_scan_label` DISABLE KEYS */;
INSERT INTO `entry_scan_label` (`id`, `competition_id`, `beer_entry_id`, `label_code`, `short_code`, `scan_token`, `status`, `generated_by`, `generated_time`, `printed_time`, `create_time`, `update_time`) VALUES (1,1,1,'BE-MIG000000000001','255T','QMIG22fc92585f5611f1a193005056c00001','ACTIVE',NULL,'2026-06-03 22:11:38',NULL,'2026-06-03 22:11:38','2026-06-03 22:11:38'),(2,2,2,'BE-MIG000000000002','255U','QMIG22fc959d5f5611f1a193005056c00001','ACTIVE',NULL,'2026-06-03 22:11:38',NULL,'2026-06-03 22:11:38','2026-06-03 22:11:38'),(3,2,3,'BE-MIG000000000003','255V','QMIG22fc97315f5611f1a193005056c00001','ACTIVE',NULL,'2026-06-03 22:11:38',NULL,'2026-06-03 22:11:38','2026-06-03 22:11:38'),(4,2,4,'BE-MIG000000000004','255W','QMIG22fc976e5f5611f1a193005056c00001','ACTIVE',NULL,'2026-06-03 22:11:38',NULL,'2026-06-03 22:11:38','2026-06-03 22:11:38'),(5,2,5,'BE-MIG000000000005','255X','QMIG22fc97a45f5611f1a193005056c00001','ACTIVE',NULL,'2026-06-03 22:11:38',NULL,'2026-06-03 22:11:38','2026-06-03 22:11:38'),(6,2,6,'BE-MIG000000000006','255Y','QMIG22fc97d05f5611f1a193005056c00001','ACTIVE',NULL,'2026-06-03 22:11:38',NULL,'2026-06-03 22:11:38','2026-06-03 22:11:38'),(7,2,7,'BE-MIG000000000007','255Z','QMIG22fc97ff5f5611f1a193005056c00001','ACTIVE',NULL,'2026-06-03 22:11:38',NULL,'2026-06-03 22:11:38','2026-06-03 22:11:38'),(8,2,8,'BE-MIG000000000008','2560','QMIG22fc982e5f5611f1a193005056c00001','ACTIVE',NULL,'2026-06-03 22:11:38',NULL,'2026-06-03 22:11:38','2026-06-03 22:11:38'),(9,2,9,'BE-MIG000000000009','2561','QMIG22fc985d5f5611f1a193005056c00001','ACTIVE',NULL,'2026-06-03 22:11:38',NULL,'2026-06-03 22:11:38','2026-06-03 22:11:38'),(10,2,10,'BE-MIG000000000010','2562','QMIG22fc988c5f5611f1a193005056c00001','ACTIVE',NULL,'2026-06-03 22:11:38',NULL,'2026-06-03 22:11:38','2026-06-03 22:11:38'),(11,2,11,'BE-MIG000000000011','2563','QMIG22fc98be5f5611f1a193005056c00001','ACTIVE',NULL,'2026-06-03 22:11:38',NULL,'2026-06-03 22:11:38','2026-06-03 22:11:38'),(12,2,12,'BE-MIG000000000012','2564','QMIG22fc98e95f5611f1a193005056c00001','ACTIVE',NULL,'2026-06-03 22:11:38',NULL,'2026-06-03 22:11:38','2026-06-03 22:11:38'),(13,2,13,'BE-MIG000000000013','2565','QMIG22fc99135f5611f1a193005056c00001','ACTIVE',NULL,'2026-06-03 22:11:38',NULL,'2026-06-03 22:11:38','2026-06-03 22:11:38'),(14,2,14,'BE-MIG000000000014','2566','QMIG22fc99445f5611f1a193005056c00001','ACTIVE',NULL,'2026-06-03 22:11:38',NULL,'2026-06-03 22:11:38','2026-06-03 22:11:38'),(15,2,15,'BE-MIG000000000015','2567','QMIG22fc99a35f5611f1a193005056c00001','ACTIVE',NULL,'2026-06-03 22:11:38',NULL,'2026-06-03 22:11:38','2026-06-03 22:11:38'),(16,2,16,'BE-MIG000000000016','2568','QMIG22fc99d35f5611f1a193005056c00001','ACTIVE',NULL,'2026-06-03 22:11:38',NULL,'2026-06-03 22:11:38','2026-06-03 22:11:38'),(17,2,17,'BE-MIG000000000017','2569','QMIG22fc9a135f5611f1a193005056c00001','ACTIVE',NULL,'2026-06-03 22:11:38',NULL,'2026-06-03 22:11:38','2026-06-03 22:11:38'),(18,2,18,'BE-MIG000000000018','256A','QMIG22fc9a425f5611f1a193005056c00001','ACTIVE',NULL,'2026-06-03 22:11:38',NULL,'2026-06-03 22:11:38','2026-06-03 22:11:38'),(19,2,19,'BE-MIG000000000019','256B','QMIG22fc9a6f5f5611f1a193005056c00001','ACTIVE',NULL,'2026-06-03 22:11:38',NULL,'2026-06-03 22:11:38','2026-06-03 22:11:38'),(20,2,20,'BE-MIG000000000020','256C','QMIG22fc9a9c5f5611f1a193005056c00001','ACTIVE',NULL,'2026-06-03 22:11:38',NULL,'2026-06-03 22:11:38','2026-06-03 22:11:38'),(21,2,21,'BE-MIG000000000021','256D','QMIG22fc9ac85f5611f1a193005056c00001','ACTIVE',NULL,'2026-06-03 22:11:38',NULL,'2026-06-03 22:11:38','2026-06-03 22:11:38'),(22,2,22,'BE-MIG000000000022','256E','QMIG22fc9af55f5611f1a193005056c00001','ACTIVE',NULL,'2026-06-03 22:11:38',NULL,'2026-06-03 22:11:38','2026-06-03 22:11:38'),(23,2,23,'BE-MIG000000000023','256F','QMIG22fc9b205f5611f1a193005056c00001','ACTIVE',NULL,'2026-06-03 22:11:38',NULL,'2026-06-03 22:11:38','2026-06-03 22:11:38'),(24,2,24,'BE-MIG000000000024','256G','QMIG22fc9b6d5f5611f1a193005056c00001','ACTIVE',NULL,'2026-06-03 22:11:38',NULL,'2026-06-03 22:11:38','2026-06-03 22:11:38'),(25,2,25,'BE-MIG000000000025','256H','QMIG22fc9b995f5611f1a193005056c00001','ACTIVE',NULL,'2026-06-03 22:11:38',NULL,'2026-06-03 22:11:38','2026-06-03 22:11:38'),(26,2,26,'BE-MIG000000000026','256I','QMIG22fc9bc85f5611f1a193005056c00001','ACTIVE',NULL,'2026-06-03 22:11:38',NULL,'2026-06-03 22:11:38','2026-06-03 22:11:38'),(27,2,27,'BE-MIG000000000027','256J','QMIG22fc9eaa5f5611f1a193005056c00001','ACTIVE',NULL,'2026-06-03 22:11:38',NULL,'2026-06-03 22:11:38','2026-06-03 22:11:38'),(28,2,28,'BE-MIG000000000028','256K','QMIG22fc9ee15f5611f1a193005056c00001','ACTIVE',NULL,'2026-06-03 22:11:38',NULL,'2026-06-03 22:11:38','2026-06-03 22:11:38'),(29,2,29,'BE-MIG000000000029','256L','QMIG22fc9f105f5611f1a193005056c00001','ACTIVE',NULL,'2026-06-03 22:11:38',NULL,'2026-06-03 22:11:38','2026-06-03 22:11:38'),(30,2,30,'BE-MIG000000000030','256M','QMIG22fc9f3a5f5611f1a193005056c00001','ACTIVE',NULL,'2026-06-03 22:11:38',NULL,'2026-06-03 22:11:38','2026-06-03 22:11:38'),(31,2,31,'BE-MIG000000000031','256N','QMIG22fc9f645f5611f1a193005056c00001','ACTIVE',NULL,'2026-06-03 22:11:38',NULL,'2026-06-03 22:11:38','2026-06-03 22:11:38'),(32,2,32,'BE-MIG000000000032','256O','QMIG22fc9f8e5f5611f1a193005056c00001','ACTIVE',NULL,'2026-06-03 22:11:38',NULL,'2026-06-03 22:11:38','2026-06-03 22:11:38'),(33,2,33,'BE-MIG000000000033','256P','QMIG22fc9fb85f5611f1a193005056c00001','ACTIVE',NULL,'2026-06-03 22:11:38',NULL,'2026-06-03 22:11:38','2026-06-03 22:11:38'),(34,2,34,'BE-MIG000000000034','256Q','QMIG22fc9fe55f5611f1a193005056c00001','ACTIVE',NULL,'2026-06-03 22:11:38',NULL,'2026-06-03 22:11:38','2026-06-03 22:11:38'),(35,2,35,'BE-MIG000000000035','256R','QMIG22fca00c5f5611f1a193005056c00001','ACTIVE',NULL,'2026-06-03 22:11:38',NULL,'2026-06-03 22:11:38','2026-06-03 22:11:38'),(36,2,36,'BE-MIG000000000036','256S','QMIG22fca0365f5611f1a193005056c00001','ACTIVE',NULL,'2026-06-03 22:11:38',NULL,'2026-06-03 22:11:38','2026-06-03 22:11:38'),(37,2,37,'BE-MIG000000000037','256T','QMIG22fca0615f5611f1a193005056c00001','ACTIVE',NULL,'2026-06-03 22:11:38',NULL,'2026-06-03 22:11:38','2026-06-03 22:11:38'),(38,2,38,'BE-MIG000000000038','256U','QMIG22fca08d5f5611f1a193005056c00001','ACTIVE',NULL,'2026-06-03 22:11:38',NULL,'2026-06-03 22:11:38','2026-06-03 22:11:38'),(39,2,39,'BE-MIG000000000039','256V','QMIG22fca0b75f5611f1a193005056c00001','ACTIVE',NULL,'2026-06-03 22:11:38',NULL,'2026-06-03 22:11:38','2026-06-03 22:11:38'),(40,2,40,'BE-MIG000000000040','256W','QMIG22fca0e25f5611f1a193005056c00001','ACTIVE',NULL,'2026-06-03 22:11:38',NULL,'2026-06-03 22:11:38','2026-06-03 22:11:38'),(41,2,41,'BE-MIG000000000041','256X','QMIG22fca12f5f5611f1a193005056c00001','ACTIVE',NULL,'2026-06-03 22:11:38',NULL,'2026-06-03 22:11:38','2026-06-03 22:11:38'),(42,2,42,'BE-MIG000000000042','256Y','QMIG22fca15f5f5611f1a193005056c00001','ACTIVE',NULL,'2026-06-03 22:11:38',NULL,'2026-06-03 22:11:38','2026-06-03 22:11:38'),(43,2,43,'BE-MIG000000000043','256Z','QMIG22fca18b5f5611f1a193005056c00001','ACTIVE',NULL,'2026-06-03 22:11:38',NULL,'2026-06-03 22:11:38','2026-06-03 22:11:38'),(44,2,44,'BE-MIG000000000044','2570','QMIG22fca1ba5f5611f1a193005056c00001','ACTIVE',NULL,'2026-06-03 22:11:38',NULL,'2026-06-03 22:11:38','2026-06-03 22:11:38'),(45,2,45,'BE-MIG000000000045','2571','QMIG22fca1e65f5611f1a193005056c00001','ACTIVE',NULL,'2026-06-03 22:11:38',NULL,'2026-06-03 22:11:38','2026-06-03 22:11:38'),(46,2,46,'BE-MIG000000000046','2572','QMIG22fca2115f5611f1a193005056c00001','ACTIVE',NULL,'2026-06-03 22:11:38',NULL,'2026-06-03 22:11:38','2026-06-03 22:11:38'),(47,2,47,'BE-MIG000000000047','2573','QMIG22fca2585f5611f1a193005056c00001','ACTIVE',NULL,'2026-06-03 22:11:38',NULL,'2026-06-03 22:11:38','2026-06-03 22:11:38'),(48,2,48,'BE-MIG000000000048','2574','QMIG22fca2835f5611f1a193005056c00001','ACTIVE',NULL,'2026-06-03 22:11:38',NULL,'2026-06-03 22:11:38','2026-06-03 22:11:38'),(49,2,49,'BE-MIG000000000049','2575','QMIG22fca2b05f5611f1a193005056c00001','ACTIVE',NULL,'2026-06-03 22:11:38',NULL,'2026-06-03 22:11:38','2026-06-03 22:11:38'),(50,2,50,'BE-MIG000000000050','2576','QMIG22fca2db5f5611f1a193005056c00001','ACTIVE',NULL,'2026-06-03 22:11:38',NULL,'2026-06-03 22:11:38','2026-06-03 22:11:38'),(51,2,51,'BE-MIG000000000051','2577','QMIG22fca30d5f5611f1a193005056c00001','ACTIVE',NULL,'2026-06-03 22:11:38',NULL,'2026-06-03 22:11:38','2026-06-03 22:11:38'),(52,2,52,'BE-MIG000000000052','2578','QMIG22fca3385f5611f1a193005056c00001','ACTIVE',NULL,'2026-06-03 22:11:38',NULL,'2026-06-03 22:11:38','2026-06-03 22:11:38'),(53,2,53,'BE-MIG000000000053','2579','QMIG22fca3655f5611f1a193005056c00001','ACTIVE',NULL,'2026-06-03 22:11:38',NULL,'2026-06-03 22:11:38','2026-06-03 22:11:38'),(54,2,54,'BE-MIG000000000054','257A','QMIG22fca3915f5611f1a193005056c00001','ACTIVE',NULL,'2026-06-03 22:11:38',NULL,'2026-06-03 22:11:38','2026-06-03 22:11:38'),(55,2,55,'BE-MIG000000000055','257B','QMIG22fca3d85f5611f1a193005056c00001','ACTIVE',NULL,'2026-06-03 22:11:38',NULL,'2026-06-03 22:11:38','2026-06-03 22:11:38'),(56,2,56,'BE-MIG000000000056','257C','QMIG22fca4035f5611f1a193005056c00001','ACTIVE',NULL,'2026-06-03 22:11:38',NULL,'2026-06-03 22:11:38','2026-06-03 22:11:38'),(57,2,57,'BE-MIG000000000057','257D','QMIG22fca42f5f5611f1a193005056c00001','ACTIVE',NULL,'2026-06-03 22:11:38',NULL,'2026-06-03 22:11:38','2026-06-03 22:11:38'),(58,2,58,'BE-MIG000000000058','257E','QMIG22fca4585f5611f1a193005056c00001','ACTIVE',NULL,'2026-06-03 22:11:38',NULL,'2026-06-03 22:11:38','2026-06-03 22:11:38'),(59,2,59,'BE-MIG000000000059','257F','QMIG22fca4825f5611f1a193005056c00001','ACTIVE',NULL,'2026-06-03 22:11:38',NULL,'2026-06-03 22:11:38','2026-06-03 22:11:38'),(60,2,60,'BE-MIG000000000060','257G','QMIG22fca4b15f5611f1a193005056c00001','ACTIVE',NULL,'2026-06-03 22:11:38',NULL,'2026-06-03 22:11:38','2026-06-03 22:11:38'),(61,2,61,'BE-MIG000000000061','257H','QMIG22fca4dc5f5611f1a193005056c00001','ACTIVE',NULL,'2026-06-03 22:11:38',NULL,'2026-06-03 22:11:38','2026-06-03 22:11:38'),(62,2,62,'BE-MIG000000000062','257I','QMIG22fca5075f5611f1a193005056c00001','ACTIVE',NULL,'2026-06-03 22:11:38',NULL,'2026-06-03 22:11:38','2026-06-03 22:11:38'),(64,4,63,'BE-CFF31BC12F60','XCFL1','QC7E344FB1AF44CC7A4B7ADB46D140BF5','ACTIVE',1,'2026-06-04 20:55:51',NULL,'2026-06-04 20:55:51','2026-06-04 20:55:51'),(41001,4,41001,'BE-SAKE26L001','S6L01','QSAKE26L001','ACTIVE',1,'2026-06-04 20:58:00',NULL,'2026-06-04 20:58:00','2026-06-04 20:58:00'),(41002,4,41002,'BE-SAKE26L002','S6L02','QSAKE26L002','ACTIVE',1,'2026-06-04 20:58:00',NULL,'2026-06-04 20:58:00','2026-06-04 20:58:00'),(41003,4,41003,'BE-SAKE26L003','S6L03','QSAKE26L003','ACTIVE',1,'2026-06-04 20:58:00',NULL,'2026-06-04 20:58:00','2026-06-04 20:58:00'),(41004,4,41004,'BE-SAKE26L004','S6L04','QSAKE26L004','ACTIVE',1,'2026-06-04 20:58:00',NULL,'2026-06-04 20:58:00','2026-06-04 20:58:00'),(41005,4,41005,'BE-SAKE26L005','S6L05','QSAKE26L005','ACTIVE',1,'2026-06-04 20:58:00',NULL,'2026-06-04 20:58:00','2026-06-04 20:58:00'),(41006,4,41006,'BE-SAKE26D001','S6D01','QSAKE26D001','ACTIVE',1,'2026-06-04 20:58:00',NULL,'2026-06-04 20:58:00','2026-06-04 20:58:00'),(41007,4,41007,'BE-SAKE26D002','S6D02','QSAKE26D002','ACTIVE',1,'2026-06-04 20:58:00',NULL,'2026-06-04 20:58:00','2026-06-04 20:58:00'),(41008,4,41008,'BE-SAKE26D003','S6D03','QSAKE26D003','ACTIVE',1,'2026-06-04 20:58:00',NULL,'2026-06-04 20:58:00','2026-06-04 20:58:00'),(41009,4,41009,'BE-SAKE26D004','S6D04','QSAKE26D004','ACTIVE',1,'2026-06-04 20:58:00',NULL,'2026-06-04 20:58:00','2026-06-04 20:58:00'),(41010,4,41010,'BE-SAKE26D005','S6D05','QSAKE26D005','ACTIVE',1,'2026-06-04 20:58:00',NULL,'2026-06-04 20:58:00','2026-06-04 20:58:00'),(41011,6,41011,'BE-C7EEE0204F47','JVORB','QB8AADE481F5E4E419F3BF0D2CB501A5A','ACTIVE',1,'2026-06-06 14:22:39',NULL,'2026-06-06 14:22:38','2026-06-06 14:22:38'),(41013,6,41013,'BE-A16F9A8CD209','I2IQI','Q70A7636FC26D406F908FD6E5EEDC349D','ACTIVE',1,'2026-06-06 14:42:31',NULL,'2026-06-06 14:42:31','2026-06-06 14:42:31'),(41014,6,41014,'BE-YACHIYO-LABEL-001','YPL01','QYACHIYO000000000000000000000001','ACTIVE',NULL,'2026-06-06 14:54:39',NULL,'2026-06-06 14:54:39','2026-06-06 14:54:39'),(41015,6,41015,'BE-YACHIYO-LABEL-002','YPL02','QYACHIYO000000000000000000000002','ACTIVE',NULL,'2026-06-06 14:54:39',NULL,'2026-06-06 14:54:39','2026-06-06 14:54:39'),(41016,6,41016,'BE-YACHIYO-LABEL-003','YDL01','QYACHIYO000000000000000000000003','ACTIVE',NULL,'2026-06-06 14:54:39',NULL,'2026-06-06 14:54:39','2026-06-06 14:54:39'),(41020,7,41020,'BE-6FB453557CCF','EIH1V','Q48D25A9F4E2A42AEA1374BE1B74A52AE','ACTIVE',2,'2026-06-10 13:27:02',NULL,'2026-06-10 13:27:02','2026-06-10 13:27:02'),(41021,7,41021,'BE-EEDBD87CE6C4','L5J2Z','Q95A1372BC0E749B584BB8FE5A713A528','ACTIVE',2,'2026-06-10 15:47:50',NULL,'2026-06-10 15:47:50','2026-06-10 15:47:50'),(41022,7,41022,'BE-7681888CD513','O5L2P','Q881328CC23D6499890E0E781D6B37325','ACTIVE',2,'2026-06-10 16:19:28',NULL,'2026-06-10 16:19:28','2026-06-10 16:19:28'),(41023,7,41023,'BE-224372D49B75','8A953','QB4D0AD8DD03148E990F7A1D031605C3A','ACTIVE',2,'2026-06-10 16:27:12',NULL,'2026-06-10 16:27:12','2026-06-10 16:27:12'),(41024,7,41024,'BE-60D5EC264967','TA9TE','Q97A3AF73192F4625A174518F2BF6A323','ACTIVE',2,'2026-06-10 16:42:51',NULL,'2026-06-10 16:42:50','2026-06-10 16:42:50'),(41025,7,41025,'BE-3A82F5BFD5E6','SAT8D','QE8EBDCA91DFC40A0B79C70441639D6F6','ACTIVE',1,'2026-06-10 16:48:02',NULL,'2026-06-10 16:48:01','2026-06-10 16:48:01'),(41026,7,41026,'BE-393666B6B755','NDE9S','Q03217A02F6E64768BB97F3D806C1EAA7','ACTIVE',1,'2026-06-10 16:49:26',NULL,'2026-06-10 16:49:26','2026-06-10 16:49:26'),(42580,481,42615,'BE-0F5F531D53B2','IJYG1','Q4E8B1E3437B5417C88BA3E0864573E03','ACTIVE',1,'2026-06-17 20:17:15',NULL,'2026-06-17 20:17:14','2026-06-17 20:17:14'),(42581,481,42616,'BE-23C079F53A9C','DPGIK','QEE891CED6F5346D28708E8EEFF113CD0','ACTIVE',1,'2026-06-17 20:39:33',NULL,'2026-06-17 20:39:32','2026-06-17 20:39:32'),(42582,481,42617,'BE-387AB905FB6E','XREAR','QA230FAD13DA44C9BA5552CA5EC88BAEE','ACTIVE',1,'2026-06-17 20:47:19',NULL,'2026-06-17 20:47:18','2026-06-17 20:47:18'),(42635,481,42670,'BE-2296FE81DB3F','ZHN0I','Q02F43BED79374954840D44CA6BD04F53','ACTIVE',1,'2026-06-17 21:57:53',NULL,'2026-06-17 21:57:53','2026-06-17 21:57:53'),(42702,481,42737,'BE-8CB7C1168F2F','5YAG4','Q9BB44FAF0B0F4187B6B5630FAF6EC0A0','ACTIVE',1,'2026-06-17 22:12:41',NULL,'2026-06-17 22:12:41','2026-06-17 22:12:41'),(42703,481,42738,'BE-112B2E0F7DB9','OXMRS','Q8C70A33B860E468296CF563C4064BDE2','ACTIVE',1,'2026-06-17 22:16:02',NULL,'2026-06-17 22:16:02','2026-06-17 22:16:02');
/*!40000 ALTER TABLE `entry_scan_label` ENABLE KEYS */;
UNLOCK TABLES;

--
-- Table structure for table `file_asset`
--

DROP TABLE IF EXISTS `file_asset`;
/*!40101 SET @saved_cs_client     = @@character_set_client */;
/*!50503 SET character_set_client = utf8mb4 */;
CREATE TABLE `file_asset` (
  `id` bigint NOT NULL AUTO_INCREMENT COMMENT '主键ID',
  `business_type` varchar(64) NOT NULL COMMENT '文件业务类型',
  `owner_type` varchar(32) DEFAULT NULL COMMENT '归属对象类型',
  `owner_id` bigint DEFAULT NULL COMMENT '归属对象ID',
  `storage_provider` varchar(32) NOT NULL COMMENT '存储服务提供方',
  `file_name` varchar(255) NOT NULL COMMENT '原始文件名',
  `storage_path` varchar(255) NOT NULL COMMENT '存储路径',
  `public_url` varchar(500) DEFAULT NULL COMMENT '公开访问地址',
  `create_time` datetime NOT NULL DEFAULT CURRENT_TIMESTAMP COMMENT '创建时间',
  PRIMARY KEY (`id`),
  KEY `idx_file_asset_owner` (`owner_type`,`owner_id`)
) ENGINE=InnoDB AUTO_INCREMENT=26 DEFAULT CHARSET=utf8mb4 COLLATE=utf8mb4_0900_ai_ci COMMENT='文件资产表';
/*!40101 SET character_set_client = @saved_cs_client */;

--
-- Dumping data for table `file_asset`
--

LOCK TABLES `file_asset` WRITE;
/*!40000 ALTER TABLE `file_asset` DISABLE KEYS */;
INSERT INTO `file_asset` VALUES (1,'BREWERY_AVATAR',NULL,NULL,'local','notLogin.jpeg','uploads\\BREWERY_AVATAR\\0824e10f-eb83-4fab-b327-083f355663d0-notLogin.jpeg','/uploads/BREWERY_AVATAR/0824e10f-eb83-4fab-b327-083f355663d0-notLogin.jpeg','2026-06-10 12:44:01'),(2,'BREWERY_AVATAR',NULL,NULL,'local','Skin_logo_寒武纪.png','uploads\\BREWERY_AVATAR\\bc7c3963-f26b-4303-92bf-219ab380e8c3-Skin_logo_寒武纪.png','/uploads/BREWERY_AVATAR/bc7c3963-f26b-4303-92bf-219ab380e8c3-Skin_logo_寒武纪.png','2026-06-10 13:16:32'),(3,'BREWERY_AVATAR',NULL,NULL,'local','adminImg.jpg','uploads\\BREWERY_AVATAR\\75403cc0-29f1-4c36-b302-e21d1168914c-adminImg.jpg','/uploads/BREWERY_AVATAR/75403cc0-29f1-4c36-b302-e21d1168914c-adminImg.jpg','2026-06-10 13:18:21'),(17,'BREWERY_AVATAR',NULL,NULL,'oss','501cef54b1ce39fee93045913556d15f.jpg','https://java-xialin.oss-cn-beijing.aliyuncs.com/BREWERY_AVATAR/fcf09bf6-2861-4616-a0e0-14c67a263c04-501cef54b1ce39fee93045913556d15f.jpg','https://java-xialin.oss-cn-beijing.aliyuncs.com/BREWERY_AVATAR/fcf09bf6-2861-4616-a0e0-14c67a263c04-501cef54b1ce39fee93045913556d15f.jpg','2026-06-17 20:04:35'),(18,'BANK_TRANSFER_VOUCHER','PORTAL_ACCOUNT',1,'oss','adminList1.png','https://java-xialin.oss-cn-beijing.aliyuncs.com/BANK_TRANSFER_VOUCHER/b9a3f2cf-93ee-4f00-9c41-01179049e2f7-adminList1.png','https://java-xialin.oss-cn-beijing.aliyuncs.com/BANK_TRANSFER_VOUCHER/b9a3f2cf-93ee-4f00-9c41-01179049e2f7-adminList1.png','2026-06-17 20:59:21');
/*!40000 ALTER TABLE `file_asset` ENABLE KEYS */;
UNLOCK TABLES;

--
-- Table structure for table `judge_account`
--

DROP TABLE IF EXISTS `judge_account`;
/*!40101 SET @saved_cs_client     = @@character_set_client */;
/*!50503 SET character_set_client = utf8mb4 */;
CREATE TABLE `judge_account` (
  `id` bigint NOT NULL AUTO_INCREMENT COMMENT '主键ID',
  `public_id` varchar(32) NOT NULL COMMENT '评委公开编号',
  `phone_enc` text NOT NULL COMMENT '手机号密文',
  `phone_hash` char(64) NOT NULL COMMENT '手机号哈希值',
  `phone_last4` varchar(4) DEFAULT NULL COMMENT '手机号后四位',
  `wechat_enc` text COMMENT '微信号密文',
  `name` varchar(64) NOT NULL COMMENT '评委姓名',
  `qualification` varchar(255) NOT NULL COMMENT '评委资质说明',
  `brewery_conflict_flag` tinyint NOT NULL DEFAULT '0' COMMENT '是否存在厂牌利益关系',
  `brewery_conflict_text` varchar(500) DEFAULT NULL COMMENT '利益关系说明',
  `status` tinyint NOT NULL DEFAULT '1' COMMENT '评委账号状态',
  `submitted_time` datetime DEFAULT NULL COMMENT '提交时间',
  `reviewed_time` datetime DEFAULT NULL COMMENT '审核时间',
  `reviewed_by` bigint DEFAULT NULL COMMENT '审核管理员ID',
  `review_remark` varchar(255) DEFAULT NULL COMMENT '审核备注',
  `create_time` datetime NOT NULL DEFAULT CURRENT_TIMESTAMP COMMENT '创建时间',
  `update_time` datetime NOT NULL DEFAULT CURRENT_TIMESTAMP ON UPDATE CURRENT_TIMESTAMP COMMENT '更新时间',
  PRIMARY KEY (`id`),
  UNIQUE KEY `uk_judge_account_public_id` (`public_id`),
  UNIQUE KEY `uk_judge_account_phone_hash` (`phone_hash`),
  KEY `idx_judge_account_phone_last4` (`phone_last4`)
) ENGINE=InnoDB AUTO_INCREMENT=3037 DEFAULT CHARSET=utf8mb4 COLLATE=utf8mb4_0900_ai_ci COMMENT='评委账号资料表';
/*!40101 SET character_set_client = @saved_cs_client */;

--
-- Dumping data for table `judge_account`
--

LOCK TABLES `judge_account` WRITE;
/*!40000 ALTER TABLE `judge_account` DISABLE KEYS */;
INSERT INTO `judge_account` VALUES (1,'J90FF0B37A47A','v1:Xb7fCY4o8SoGV5DG:uakiY69AHdbyjdVUPFeHBFQKYy2z/drJ9Bji','9f302d6c6600693d90bc98abb1d5bbe2eb3680f4a9ab29d1aae36036fff8e824','0012','v1:6K9C6cwl7AeQGD7r:ZTYoRQMeGovodqlREXsTO2VVGjSzF3I=','李狗蛋','学生',0,NULL,1,'2026-06-03 10:33:44','2026-06-03 10:39:13',1,NULL,'2026-06-03 10:33:16','2026-06-03 10:33:16'),(2,'JTEST26060301','v1:JIdqC+rPdT1zqYXp:+DUgpOKmB9EjB/WJeMgWoaay0xHhI+fTWrTb','9cdb0172e335f85a5e4fcd2a111ef7ac314aeb28cb0b799a617046e2843d348c','0001','v1:abUId5GsJ/ENOzje:FWwXZtCegglivXFvH3mwYa+fWm/o5FYrcOGhCkM=','陈明轩','BJCP 认证评审，精酿品鉴经验 5 年',0,NULL,1,'2026-06-03 10:40:00','2026-06-03 10:40:00',1,'测试账号，已启用','2026-06-03 10:40:00','2026-06-08 11:17:12'),(3,'JTEST26060302','v1:3I45oFOTUW5aA222:mN1R434IqygAZpuPb+yXGnBYm1WT+bSqyQxQ','d5a8107c1810324d713528ae63d7229380b108b8fe6e7ebea276e1c6c2785373','0002','v1:QkcbuYmmjlXVj3Ic:KJFPfqcjntxidg4wdOrXKEF99WaQv68U29LcFrk=','王雅婷','啤酒酿造师，熟悉 IPA 与拉格风格',0,NULL,1,'2026-06-03 10:40:00','2026-06-03 10:40:00',1,'测试账号，已启用','2026-06-03 10:40:00','2026-06-03 10:45:55'),(4,'JTEST26060303','v1:XPoSTNWMAgqLdwyo:M0aoV+1nrjmM60SyWlEyJ/2hekrIiMuvZZCs','e67c50f860e15e4f11df641f5c45f3f4bf9dff1aea39e4d4860d0a3c92e2832f','0003','v1:brMngTnBYRSJokAl:nnfqooE8qsiCjMID1j6PJ1xsOZol1J+ABJrP9Mw=','张志强','酒类赛事志愿评审，擅长感官记录',0,NULL,1,'2026-06-03 10:40:00','2026-06-03 10:40:00',1,'测试账号，已启用','2026-06-03 10:40:00','2026-06-03 10:45:55'),(5,'JTEST26060304','v1:vvk7R4gfszbXrYIi:EIEsYg0r59HCObt0+o+sCDuU3HBb8CQObWnv','e9e65ea1000aae96db95e57fc63fe9fd522581a6de705bd0412fd8bd5babd1ca','0004','v1:Gm3Q1xYGnAbX37NQ:dCfEMdPpCQ5FZjFoCvpJDMq6n0pN0X2w8i3BwBw=','刘嘉豪','高校食品专业背景，参与多场品鉴活动',0,NULL,1,'2026-06-03 10:40:00','2026-06-03 10:40:00',1,'测试账号，已启用','2026-06-03 10:40:00','2026-06-03 10:45:55'),(6,'JTEST26060305','v1:jzFaIkUodg6xr+mV:jBYor9jazLvzkp3PJMUnDQwZC2WlGFle6y0R','838a5edf8ffc6acda1b63d94388c2cdbcb56f200f4a0120fa4421db873f6931c','0005','v1:1MaWWwDjy1CNcFQT:UbI90oj+45Mu+pdaTcXigGt1L4D9KgOWMq0KYvY=','黄思琪','精酿门店主理人，熟悉本地酒款风格',0,NULL,1,'2026-06-03 10:40:00','2026-06-03 10:40:00',1,'测试账号，已启用','2026-06-03 10:40:00','2026-06-03 10:45:55'),(7,'JTEST26060306','v1:5dTgVMeKCtH/muoj:2/1/7kkEJLkXRYqL/D6sQPYn72aW3DEuolEe','62486ee70206ac98cf24e01b8a9d5b7fa4d008f5cbf9f1308032d5aa3cf3ccab','0006','v1:6Lz+fb03hmXf28nd:tB2TqPfWX8lTSdJoNVit/uuCYGzwwNwkrPMSmbc=','赵俊杰','BJCP 认证评审，精酿品鉴经验 5 年',0,NULL,1,'2026-06-03 10:40:00','2026-06-03 10:40:00',1,'测试账号，已启用','2026-06-03 10:40:00','2026-06-03 10:45:55'),(8,'JTEST26060307','v1:NdSCXANbn4TgWAYc:cWsaIzseO4nWW9H6R413sbuBsgQDX3A3pAVq','505a9824312b64ff680e53135cfa7e5bee37ded672b8bb655767ca441187cef3','0007','v1:FqkaSVqhUu0lai+W:VpxZdL4SfAp54U8mr2D4PaIksxktumDTrGoATKk=','周雨桐','啤酒酿造师，熟悉 IPA 与拉格风格',0,NULL,1,'2026-06-03 10:40:00','2026-06-03 10:40:00',1,'测试账号，已启用','2026-06-03 10:40:00','2026-06-03 10:45:55'),(9,'JTEST26060308','v1:b9b5wIVI1BnCGlGH:9I3Aa4T7Ufp1wM2orcIQUpJUZsE7nFB470E3','65ee5d5d9add4eeb79b5b61218adf9a2e961810ed928d8d4096a5207cbd6f60f','0008','v1:XJ2HgtkCaTYmN92H:5OosaZrGu5xz0cP5PyArydzWWiORoXDSVhDlJOc=','吴浩然','酒类赛事志愿评审，擅长感官记录',0,NULL,1,'2026-06-03 10:40:00','2026-06-03 10:40:00',1,'测试账号，已启用','2026-06-03 10:40:00','2026-06-03 10:45:55'),(10,'JTEST26060309','v1:EGod8m3LN25WVins:YdfGL78SjRAHg+vJllRgk4u8DrjHyJS/e1FW','c82a7692bf09a21f2e8b277faef948185a9f6cafaca6956ab0113033e2e1e64f','0009','v1:qqG4llJsDnncccTr:0PjMHelv7YkA5/7jgcB/VtyJ5+5Oji/nBGLP1l8=','郑欣怡','高校食品专业背景，参与多场品鉴活动',0,NULL,1,'2026-06-03 10:40:00','2026-06-03 10:40:00',1,'测试账号，已启用','2026-06-03 10:40:00','2026-06-03 10:45:55'),(11,'JTEST26060310','v1:K8MQ+OwcDNcRXSkL:sJubLljUKXrqnfwgJaRkiAAgo8mqaQy++q7d','bc05dc4005801ee76af8317aae102a0c3730dfcc9b4ef1c3d3eb61da4b1a7349','0010','v1:wruYdTX/K4hO1C2d:6XIeFFb7bwUvDfSAg8/oA6UTYcFog5xUFnCQ3pc=','冯子涵','精酿门店主理人，熟悉本地酒款风格',0,NULL,1,'2026-06-03 10:40:00','2026-06-03 10:40:00',1,'测试账号，已启用','2026-06-03 10:40:00','2026-06-03 10:45:55'),(12,'JTEST26060311','v1:bY/eixVoO+ug7RKX:zhRLJqBemVMDwNXo2IMP0yKh+EV925Vv3GYW','070f0edacd5e4318d23d6d07b7d43d8d0d42404b80ff30a3e2a04b3866b24304','0011','v1:D/4O58liEYKULkTf:09CFwY9NFIqV8W7tHdKalaZGO4V/4SSlRqC5a7A=','孙梓航','BJCP 认证评审，精酿品鉴经验 5 年',0,NULL,1,'2026-06-03 10:40:00','2026-06-03 10:40:00',1,'测试账号，已启用','2026-06-03 10:40:00','2026-06-03 10:45:55'),(13,'JTEST26060312','v1:g92qScYWnheqTLOM:g2e7rz3OKj40qBjt/ELNiy4vB6fLEF9tGria','27c93ce3b3a38da810f7d0cbd193ae63387605ad17dd035aa6b0ab47439893b1','0012','v1:nesNIyihgqDFcS01:ARQdqWQCJWOIe8wp5wxQxEkwVHjaFsw6znw+tmw=','何文博','啤酒酿造师，熟悉 IPA 与拉格风格',0,NULL,1,'2026-06-03 10:40:00','2026-06-03 10:40:00',1,'测试账号，已启用','2026-06-03 10:40:00','2026-06-03 10:45:55'),(14,'JTEST26060313','v1:EOVzMREcErEfHwr2:A/wRHu+FUZeJyPZCv7QhSTjc4ucduVlG46I7','956808f05f7f7f9a179831b87e4ca3085289e481dbf6a3fc8d8c55cffc1bd642','0013','v1:58mRd+nYYs8fBbYg:PuT8qUXLt5a9isSWgiI/GOJkljs/uQsS9yf6prY=','高佳怡','酒类赛事志愿评审，擅长感官记录',0,NULL,1,'2026-06-03 10:40:00','2026-06-03 10:40:00',1,'测试账号，已启用','2026-06-03 10:40:00','2026-06-03 10:45:55'),(15,'JTEST26060314','v1:vfn0LVA6x3+RdFb+:ULadSObNJDaDTT85TumI2VLYFt1t4Eh9K9WM','c97af10cb8cc5ade58b0f46df7f5ac09471be600730d8e6c7bead0cb6cfb650a','0014','v1:vhCyngDnXOwfk+Hn:O1aYfSnmMIDN9YmC1gI5yMLx/M7KKgz/FCu+ewI=','林宇航','高校食品专业背景，参与多场品鉴活动',0,NULL,1,'2026-06-03 10:40:00','2026-06-03 10:40:00',1,'测试账号，已启用','2026-06-03 10:40:00','2026-06-03 10:45:55'),(16,'JTEST26060315','v1:cdhGQVBME7BQURZn:EhZG90j2vTtWLQdDrXk3Tp4zvtCM92FNx8cl','6484428746b1b75861cb3203ca313d35d3853fe7edf5916b89578ca46cfafd98','0015','v1:J3Aa7SZiLObMEAEG:PkHsrmxe/4N2OkJMY1ZAzNOZDaos33Vd2R9f8kA=','罗若曦','精酿门店主理人，熟悉本地酒款风格',0,NULL,1,'2026-06-03 10:40:00','2026-06-03 10:40:00',1,'测试账号，已启用','2026-06-03 10:40:00','2026-06-03 10:45:55'),(17,'JTEST26060316','v1:fCxrFxYOjRWoRVmv:gNHMApyQR1Xi8PDEle7i91qQZkk57Pgj4sX8','fd1f7311f266fb98b15f65bd5f3167cd1d8acd53e25ba2da622affac71bf4554','0016','v1:zbh6VplRY3XUtnqs:AuxGA1WJukohTxzBm7LrSD+/UEM+ognilwvRNRg=','梁睿哲','BJCP 认证评审，精酿品鉴经验 5 年',0,NULL,1,'2026-06-03 10:40:00','2026-06-03 10:40:00',1,'测试账号，已启用','2026-06-03 10:40:00','2026-06-03 10:45:55'),(18,'JTEST26060317','v1:5yPzg+WqLU16Jhlu:WaGoDtXKNGQwJ550EkcRYx5L5H1FUF6sreRx','a8501aaea3a4b3d1d1f297110b360dc49fc727b0ca771bd316a070ee67d842f3','0017','v1:2n0ZyNSPx5hGVoR8:QiQitXwOZGNhMUekY3nH2W1ZAt/tpGzREfWKfjQ=','宋诗涵','啤酒酿造师，熟悉 IPA 与拉格风格',0,NULL,1,'2026-06-03 10:40:00','2026-06-03 10:40:00',1,'测试账号，已启用','2026-06-03 10:40:00','2026-06-03 10:45:55'),(19,'JTEST26060318','v1:PVZBSRsp3UXgnf68:OyYG2bdv0t4+Z53FvZAfjnmvI1ybJjYjXSin','b43cc1685316c06c8cf3efe2bf60391224e932be1d65fa76844de00cd3379c17','0018','v1:vBu5qmT2+4Daw6Wu:zGl51efniIhawiwReJKUV1RAEyRCLZFAKFrR2oc=','唐一鸣','酒类赛事志愿评审，擅长感官记录',0,NULL,1,'2026-06-03 10:40:00','2026-06-03 10:40:00',1,'测试账号，已启用','2026-06-03 10:40:00','2026-06-03 10:45:55'),(20,'JTEST26060319','v1:TT/xbzD2fOQ9pa0a:FFmn60Z3+z17wlNdJSEfrKqohblur1DqthiA','aac75805d0eab15c6e1c930a81f95a4660fa8d0c9b4cb9b234841a23cabb0699','0019','v1:wOxoQ6kTeRVdsRKb:aon75Q17laoferkf868FkTyn+m0qJqNTAqowP5c=','许晨曦','高校食品专业背景，参与多场品鉴活动',0,NULL,1,'2026-06-03 10:40:00','2026-06-03 10:40:00',1,'测试账号，已启用','2026-06-03 10:40:00','2026-06-03 10:45:55'),(21,'JTEST26060320','v1:CTcyhWH4GWUBO4W1:CQUqFk2yUDh/XICKqS7dfTzCrgGBMFCu+ltH','8665baf948f04abcfeedbf5a894f1c1eae62893f2da9bb4712426cfe4ff94433','0020','v1:aquLPER+FO1pOC1h:h8bLxd+mRIRT6GfyzztUGZ/AxTkH4MA1ID1hMVw=','邓承泽','精酿门店主理人，熟悉本地酒款风格',0,NULL,1,'2026-06-03 10:40:00','2026-06-03 10:40:00',1,'测试账号，已启用','2026-06-03 10:40:00','2026-06-03 10:45:55');
/*!40000 ALTER TABLE `judge_account` ENABLE KEYS */;
UNLOCK TABLES;

--
-- Table structure for table `judge_score_session`
--

DROP TABLE IF EXISTS `judge_score_session`;
/*!40101 SET @saved_cs_client     = @@character_set_client */;
/*!50503 SET character_set_client = utf8mb4 */;
CREATE TABLE `judge_score_session` (
  `id` bigint NOT NULL AUTO_INCREMENT,
  `competition_id` bigint NOT NULL,
  `round_id` bigint NOT NULL,
  `round_table_id` bigint NOT NULL,
  `beer_entry_id` bigint NOT NULL,
  `judge_account_id` bigint NOT NULL,
  `judge_role_type` varchar(32) NOT NULL,
  `started_at` datetime DEFAULT NULL,
  `first_submitted_at` datetime DEFAULT NULL,
  `last_submitted_at` datetime DEFAULT NULL,
  `duration_seconds` int DEFAULT NULL,
  `comment_char_count` int NOT NULL DEFAULT '0',
  `create_time` datetime NOT NULL DEFAULT CURRENT_TIMESTAMP,
  `update_time` datetime NOT NULL DEFAULT CURRENT_TIMESTAMP ON UPDATE CURRENT_TIMESTAMP,
  PRIMARY KEY (`id`),
  UNIQUE KEY `uk_judge_score_session_round_entry_judge_role` (`round_table_id`,`beer_entry_id`,`judge_account_id`,`judge_role_type`),
  KEY `idx_judge_score_session_round` (`round_id`),
  KEY `idx_judge_score_session_judge` (`judge_account_id`)
) ENGINE=InnoDB AUTO_INCREMENT=59 DEFAULT CHARSET=utf8mb4 COLLATE=utf8mb4_0900_ai_ci COMMENT='评审评分过程会话';
/*!40101 SET character_set_client = @saved_cs_client */;

--
-- Dumping data for table `judge_score_session`
--

LOCK TABLES `judge_score_session` WRITE;
/*!40000 ALTER TABLE `judge_score_session` DISABLE KEYS */;
INSERT INTO `judge_score_session` VALUES (29,481,193,342,42737,21,'PROFESSIONAL','2026-06-17 23:00:05','2026-06-17 23:02:03','2026-06-17 23:02:03',118,208,'2026-06-17 23:00:04','2026-06-17 23:00:04'),(30,481,193,342,42738,21,'PROFESSIONAL','2026-06-17 23:02:53','2026-06-17 23:03:08','2026-06-17 23:03:08',15,48,'2026-06-17 23:02:52','2026-06-17 23:02:52'),(39,481,193,342,42737,20,'PROFESSIONAL','2026-06-17 23:15:00','2026-06-17 23:15:26','2026-06-17 23:15:26',25,48,'2026-06-17 23:15:00','2026-06-17 23:15:00'),(40,481,193,342,42738,20,'PROFESSIONAL','2026-06-17 23:15:33','2026-06-17 23:15:39','2026-06-17 23:15:39',6,144,'2026-06-17 23:15:32','2026-06-17 23:15:32'),(41,481,193,342,42737,19,'CROSS','2026-06-17 23:16:48','2026-06-17 23:16:59','2026-06-17 23:16:59',10,50,'2026-06-17 23:16:47','2026-06-17 23:16:47'),(42,481,193,342,42738,19,'CROSS','2026-06-17 23:17:02','2026-06-17 23:17:09','2026-06-17 23:17:09',6,51,'2026-06-17 23:17:01','2026-06-17 23:17:01');
/*!40000 ALTER TABLE `judge_score_session` ENABLE KEYS */;
UNLOCK TABLES;

--
-- Table structure for table `portal_account`
--

DROP TABLE IF EXISTS `portal_account`;
/*!40101 SET @saved_cs_client     = @@character_set_client */;
/*!50503 SET character_set_client = utf8mb4 */;
CREATE TABLE `portal_account` (
  `id` bigint NOT NULL AUTO_INCREMENT COMMENT '主键ID',
  `phone` varchar(20) NOT NULL COMMENT '手机号',
  `wechat` varchar(64) DEFAULT NULL COMMENT '微信号',
  `display_name` varchar(64) NOT NULL COMMENT '显示名称',
  `brewery_id` bigint NOT NULL COMMENT '厂牌ID',
  `status` tinyint NOT NULL DEFAULT '1' COMMENT '账号状态',
  `create_time` datetime NOT NULL DEFAULT CURRENT_TIMESTAMP COMMENT '创建时间',
  `update_time` datetime NOT NULL DEFAULT CURRENT_TIMESTAMP ON UPDATE CURRENT_TIMESTAMP COMMENT '更新时间',
  PRIMARY KEY (`id`),
  UNIQUE KEY `uk_portal_account_phone` (`phone`),
  KEY `idx_portal_account_brewery` (`brewery_id`)
) ENGINE=InnoDB AUTO_INCREMENT=1209 DEFAULT CHARSET=utf8mb4 COLLATE=utf8mb4_0900_ai_ci COMMENT='厂商端账号表';
/*!40101 SET character_set_client = @saved_cs_client */;

--
-- Dumping data for table `portal_account`
--

LOCK TABLES `portal_account` WRITE;
/*!40000 ALTER TABLE `portal_account` DISABLE KEYS */;
INSERT INTO `portal_account` VALUES (1,'13800000001','brewery-zhangsan','八千代麦芽工坊',1,1,'2026-06-02 21:39:35','2026-06-02 21:39:35'),(2,'13800000002','112244332','彩叶精酿',62,1,'2026-06-10 13:14:55','2026-06-10 13:14:55');
/*!40000 ALTER TABLE `portal_account` ENABLE KEYS */;
UNLOCK TABLES;

--
-- Table structure for table `round_judge_ranking_draft`
--

DROP TABLE IF EXISTS `round_judge_ranking_draft`;
/*!40101 SET @saved_cs_client     = @@character_set_client */;
/*!50503 SET character_set_client = utf8mb4 */;
CREATE TABLE `round_judge_ranking_draft` (
  `id` bigint NOT NULL AUTO_INCREMENT COMMENT '主键ID',
  `competition_id` bigint NOT NULL COMMENT '所属比赛ID',
  `round_id` bigint NOT NULL COMMENT '评审轮次ID',
  `round_table_id` bigint NOT NULL COMMENT '评审桌ID',
  `judge_account_id` bigint NOT NULL COMMENT '评委账号ID',
  `rankings_json` json NOT NULL COMMENT '评委个人排序草稿JSON',
  `create_time` datetime NOT NULL DEFAULT CURRENT_TIMESTAMP COMMENT '创建时间',
  `update_time` datetime NOT NULL DEFAULT CURRENT_TIMESTAMP ON UPDATE CURRENT_TIMESTAMP COMMENT '更新时间',
  PRIMARY KEY (`id`),
  UNIQUE KEY `uk_round_judge_ranking_draft` (`round_table_id`,`judge_account_id`),
  KEY `idx_round_judge_ranking_draft_round` (`round_id`),
  KEY `idx_round_judge_ranking_draft_judge` (`judge_account_id`)
) ENGINE=InnoDB AUTO_INCREMENT=3 DEFAULT CHARSET=utf8mb4 COLLATE=utf8mb4_0900_ai_ci COMMENT='排序轮评委个人排序草稿表';
/*!40101 SET character_set_client = @saved_cs_client */;

--
-- Dumping data for table `round_judge_ranking_draft`
--

LOCK TABLES `round_judge_ranking_draft` WRITE;
/*!40000 ALTER TABLE `round_judge_ranking_draft` DISABLE KEYS */;
INSERT INTO `round_judge_ranking_draft` VALUES (1,7,15,133,20,'[{\"rankNo\": 1, \"slotLabel\": \"金奖\", \"beerEntryId\": 41020}, {\"rankNo\": 2, \"slotLabel\": \"银奖\", \"beerEntryId\": 41023}, {\"rankNo\": 3, \"slotLabel\": \"铜奖\", \"beerEntryId\": 41024}]','2026-06-10 22:52:51','2026-06-10 22:52:51'),(2,7,15,134,18,'[{\"rankNo\": 1, \"slotLabel\": \"金奖\", \"beerEntryId\": 41026}]','2026-06-10 23:41:35','2026-06-10 23:41:35');
/*!40000 ALTER TABLE `round_judge_ranking_draft` ENABLE KEYS */;
UNLOCK TABLES;

--
-- Table structure for table `round_result`
--

DROP TABLE IF EXISTS `round_result`;
/*!40101 SET @saved_cs_client     = @@character_set_client */;
/*!50503 SET character_set_client = utf8mb4 */;
CREATE TABLE `round_result` (
  `id` bigint NOT NULL AUTO_INCREMENT COMMENT '主键ID',
  `competition_id` bigint NOT NULL COMMENT '所属比赛ID',
  `round_id` bigint NOT NULL COMMENT '评审轮次ID',
  `round_table_id` bigint NOT NULL COMMENT '评审桌ID',
  `beer_entry_id` bigint NOT NULL COMMENT '参赛酒款ID',
  `result_type` varchar(32) NOT NULL COMMENT '结果类型',
  `rank_no` int DEFAULT NULL COMMENT '名次',
  `slot_label` varchar(64) DEFAULT NULL COMMENT '结果槽位名称',
  `submitted_by` bigint DEFAULT NULL COMMENT '提交结果的管理员或桌长ID',
  `submitted_time` datetime DEFAULT NULL COMMENT '提交时间',
  `locked_flag` tinyint NOT NULL DEFAULT '0' COMMENT '是否锁定',
  PRIMARY KEY (`id`),
  UNIQUE KEY `uk_round_result_slot` (`round_table_id`,`result_type`,`rank_no`),
  KEY `idx_round_result_entry` (`beer_entry_id`),
  KEY `idx_round_result_competition` (`competition_id`)
) ENGINE=InnoDB AUTO_INCREMENT=136 DEFAULT CHARSET=utf8mb4 COLLATE=utf8mb4_0900_ai_ci COMMENT='评审轮次结果表';
/*!40101 SET character_set_client = @saved_cs_client */;

--
-- Dumping data for table `round_result`
--

LOCK TABLES `round_result` WRITE;
/*!40000 ALTER TABLE `round_result` DISABLE KEYS */;
INSERT INTO `round_result` VALUES (32,4,2,9,41001,'ADVANCE',NULL,'A桌晋级',21,'2026-06-05 13:28:40',1),(33,4,2,10,41004,'ADVANCE',NULL,'B桌晋级',18,'2026-06-05 13:28:40',1),(34,4,2,11,41006,'ADVANCE',NULL,'C桌晋级',16,'2026-06-05 13:28:40',1),(35,4,2,12,41009,'ADVANCE',NULL,'D桌晋级',14,'2026-06-05 13:28:40',1),(36,4,2,9,41002,'ADVANCE',NULL,'A桌晋级',21,'2026-06-05 13:28:40',1),(37,4,2,11,41007,'ADVANCE',NULL,'C桌晋级',16,'2026-06-05 13:28:40',1),(47,4,10,31,41002,'RANK',1,'金奖',21,'2026-06-05 15:27:37',1),(48,4,10,31,41001,'RANK',2,'银奖',21,'2026-06-05 15:27:37',1),(49,4,10,31,41004,'RANK',3,'铜奖',21,'2026-06-05 15:27:37',1),(50,4,10,32,41006,'RANK',1,'金奖',18,'2026-06-05 15:28:46',1),(51,4,10,32,41009,'RANK',2,'银奖',18,'2026-06-05 15:28:46',1),(52,4,10,32,41007,'RANK',3,'铜奖',18,'2026-06-05 15:28:46',1),(53,4,11,34,41002,'RANK',1,'总冠军',21,'2026-06-05 16:00:33',1),(59,6,12,41,41014,'ADVANCE',NULL,'A桌晋级',21,'2026-06-06 16:23:58',1),(60,6,12,42,41016,'ADVANCE',NULL,'B桌晋级',18,'2026-06-06 16:23:58',1),(61,6,12,41,41015,'ADVANCE',NULL,'A桌晋级',21,'2026-06-06 16:23:58',1),(62,6,12,41,41013,'ADVANCE',NULL,'A桌晋级',21,'2026-06-06 16:23:58',1),(63,6,13,61,41014,'RANK',1,'金奖',21,'2026-06-06 16:42:13',0),(64,6,13,61,41015,'RANK',2,'银奖',21,'2026-06-06 16:42:13',0),(65,6,13,61,41013,'RANK',3,'铜奖',21,'2026-06-06 16:42:13',0),(74,7,14,123,41024,'ADVANCE',NULL,'A桌晋级',21,'2026-06-10 22:30:00',1),(75,7,14,124,41026,'ADVANCE',NULL,'B桌晋级',18,'2026-06-10 22:30:00',1),(76,7,14,123,41023,'ADVANCE',NULL,'A桌晋级',21,'2026-06-10 22:30:00',1),(77,7,14,123,41020,'ADVANCE',NULL,'A桌晋级',21,'2026-06-10 22:30:00',1),(78,7,15,133,41024,'RANK',1,'金奖',21,'2026-06-10 23:01:21',1),(79,7,15,133,41023,'RANK',2,'银奖',21,'2026-06-10 23:01:21',1),(80,7,15,133,41020,'RANK',3,'铜奖',21,'2026-06-10 23:01:21',1),(82,7,15,134,41026,'RANK',1,'金奖',18,'2026-06-10 23:50:11',1),(83,7,16,137,41024,'RANK',1,'总冠军',21,'2026-06-10 23:52:37',1),(130,481,193,342,42737,'ADVANCE',NULL,NULL,21,'2026-06-17 23:18:00',0),(131,481,193,342,42738,'ADVANCE',NULL,NULL,21,'2026-06-17 23:18:10',0);
/*!40000 ALTER TABLE `round_result` ENABLE KEYS */;
UNLOCK TABLES;

--
-- Table structure for table `round_table`
--

DROP TABLE IF EXISTS `round_table`;
/*!40101 SET @saved_cs_client     = @@character_set_client */;
/*!50503 SET character_set_client = utf8mb4 */;
CREATE TABLE `round_table` (
  `id` bigint NOT NULL AUTO_INCREMENT COMMENT '主键ID',
  `competition_id` bigint NOT NULL COMMENT '所属比赛ID',
  `round_id` bigint NOT NULL COMMENT '评审轮次ID',
  `table_name` varchar(64) NOT NULL COMMENT '评审桌名称',
  `captain_judge_id` bigint DEFAULT NULL COMMENT '桌长评委ID',
  `category_id` bigint DEFAULT NULL COMMENT '投递组别ID',
  `category_mode` varchar(32) NOT NULL DEFAULT 'EMPTY' COMMENT '组别绑定方式',
  `target_count` int NOT NULL DEFAULT '1' COMMENT '目标晋级或获奖数量',
  `target_mode` varchar(32) NOT NULL COMMENT '目标产生方式',
  `status` varchar(32) NOT NULL COMMENT '评审桌状态',
  `result_version` int NOT NULL DEFAULT '0' COMMENT '结果版本号',
  `confirmation_override_flag` tinyint NOT NULL DEFAULT '0' COMMENT '是否后台强制确认',
  `confirmation_override_reason` varchar(255) DEFAULT NULL COMMENT '强制确认原因',
  `confirmation_override_by` bigint DEFAULT NULL COMMENT '强制确认管理员ID',
  `confirmation_override_time` datetime DEFAULT NULL COMMENT '强制确认时间',
  `sort_order` int NOT NULL DEFAULT '0' COMMENT '展示排序',
  `create_time` datetime NOT NULL DEFAULT CURRENT_TIMESTAMP COMMENT '创建时间',
  `update_time` datetime NOT NULL DEFAULT CURRENT_TIMESTAMP ON UPDATE CURRENT_TIMESTAMP COMMENT '更新时间',
  PRIMARY KEY (`id`),
  UNIQUE KEY `uk_round_table_name` (`round_id`,`table_name`),
  KEY `idx_round_table_competition` (`competition_id`),
  KEY `idx_round_table_captain` (`captain_judge_id`),
  KEY `idx_round_table_category` (`category_id`)
) ENGINE=InnoDB AUTO_INCREMENT=376 DEFAULT CHARSET=utf8mb4 COLLATE=utf8mb4_0900_ai_ci COMMENT='评审轮次桌表';
/*!40101 SET character_set_client = @saved_cs_client */;

--
-- Dumping data for table `round_table`
--

LOCK TABLES `round_table` WRITE;
/*!40000 ALTER TABLE `round_table` DISABLE KEYS */;
INSERT INTO `round_table` VALUES (3,2,1,'A桌',2,NULL,'MIXED',1,'ADVANCE_COUNT','PUBLISHED',0,0,NULL,NULL,NULL,0,'2026-06-03 21:13:25','2026-06-03 21:13:25'),(4,2,1,'B桌',3,NULL,'MIXED',1,'ADVANCE_COUNT','PUBLISHED',0,0,NULL,NULL,NULL,1,'2026-06-03 21:13:25','2026-06-03 21:13:25'),(9,4,2,'A桌',21,12,'CATEGORY',2,'ADVANCE_COUNT','LOCKED',0,0,NULL,NULL,NULL,0,'2026-06-04 21:33:38','2026-06-04 21:33:38'),(10,4,2,'B桌',18,12,'CATEGORY',1,'ADVANCE_COUNT','LOCKED',0,0,NULL,NULL,NULL,1,'2026-06-04 21:33:38','2026-06-04 21:33:38'),(11,4,2,'C桌',16,13,'CATEGORY',2,'ADVANCE_COUNT','LOCKED',0,0,NULL,NULL,NULL,2,'2026-06-04 21:33:38','2026-06-04 21:33:38'),(12,4,2,'D桌',14,13,'CATEGORY',1,'ADVANCE_COUNT','LOCKED',0,0,NULL,NULL,NULL,3,'2026-06-04 21:33:38','2026-06-04 21:33:38'),(31,4,10,'2A桌',21,12,'CATEGORY',3,'MEDALS','LOCKED',0,0,NULL,NULL,NULL,0,'2026-06-05 14:24:26','2026-06-05 14:24:26'),(32,4,10,'2B桌',18,13,'CATEGORY',3,'MEDALS','LOCKED',0,0,NULL,NULL,NULL,1,'2026-06-05 14:24:26','2026-06-05 14:24:26'),(34,4,11,'决赛桌',21,NULL,'MIXED',1,'CHAMPION','LOCKED',0,0,NULL,NULL,NULL,0,'2026-06-05 15:59:48','2026-06-05 15:59:48'),(41,6,12,'A桌',21,17,'CATEGORY',3,'ADVANCE_COUNT','LOCKED',0,0,NULL,NULL,NULL,0,'2026-06-06 15:31:05','2026-06-06 15:31:05'),(42,6,12,'B桌',18,18,'CATEGORY',1,'ADVANCE_COUNT','LOCKED',0,0,NULL,NULL,NULL,1,'2026-06-06 15:31:05','2026-06-06 15:31:05'),(61,6,13,'2A桌',21,17,'CATEGORY',3,'MEDALS','SUBMITTED',0,0,NULL,NULL,NULL,0,'2026-06-06 16:38:58','2026-06-06 16:38:58'),(62,6,13,'2B桌',18,18,'CATEGORY',3,'MEDALS','IN_PROGRESS',0,0,NULL,NULL,NULL,1,'2026-06-06 16:38:58','2026-06-06 16:38:58'),(123,7,14,'A桌',21,19,'CATEGORY',3,'ADVANCE_COUNT','LOCKED',6,0,NULL,NULL,NULL,0,'2026-06-10 18:42:49','2026-06-10 20:26:29'),(124,7,14,'B桌',18,20,'CATEGORY',1,'ADVANCE_COUNT','LOCKED',1,0,NULL,NULL,NULL,1,'2026-06-10 18:42:49','2026-06-10 22:29:22'),(133,7,15,'2A桌',21,19,'CATEGORY',3,'MEDALS','LOCKED',0,0,NULL,NULL,NULL,0,'2026-06-10 22:31:19','2026-06-10 22:31:19'),(134,7,15,'2B桌',18,20,'CATEGORY',3,'MEDALS','LOCKED',2,0,NULL,NULL,NULL,1,'2026-06-10 22:31:19','2026-06-10 22:31:19'),(137,7,16,'决赛桌',21,NULL,'MIXED',1,'CHAMPION','LOCKED',1,0,NULL,NULL,NULL,0,'2026-06-10 23:52:08','2026-06-10 23:52:08'),(342,481,193,'A桌',21,495,'CATEGORY',2,'ADVANCE_COUNT','PUBLISHED',2,0,NULL,NULL,NULL,0,'2026-06-17 22:34:58','2026-06-17 23:18:09'),(343,481,193,'1B桌',18,494,'CATEGORY',2,'ADVANCE_COUNT','PUBLISHED',0,0,NULL,NULL,NULL,1,'2026-06-17 22:34:58','2026-06-17 22:34:58');
/*!40000 ALTER TABLE `round_table` ENABLE KEYS */;
UNLOCK TABLES;

--
-- Table structure for table `round_table_confirmation`
--

DROP TABLE IF EXISTS `round_table_confirmation`;
/*!40101 SET @saved_cs_client     = @@character_set_client */;
/*!50503 SET character_set_client = utf8mb4 */;
CREATE TABLE `round_table_confirmation` (
  `id` bigint NOT NULL AUTO_INCREMENT COMMENT '主键ID',
  `round_table_id` bigint NOT NULL COMMENT '评审桌ID',
  `judge_account_id` bigint NOT NULL COMMENT '评委账号ID',
  `result_version` int NOT NULL COMMENT '结果版本号',
  `status` varchar(32) NOT NULL DEFAULT 'AGREED' COMMENT '确认状态',
  `confirmed_time` datetime NOT NULL DEFAULT CURRENT_TIMESTAMP COMMENT '确认时间',
  PRIMARY KEY (`id`),
  UNIQUE KEY `uk_round_table_confirmation_version` (`round_table_id`,`judge_account_id`,`result_version`),
  KEY `idx_round_table_confirmation_judge` (`judge_account_id`)
) ENGINE=InnoDB AUTO_INCREMENT=5 DEFAULT CHARSET=utf8mb4 COLLATE=utf8mb4_0900_ai_ci COMMENT='评审桌结果确认表';
/*!40101 SET character_set_client = @saved_cs_client */;

--
-- Dumping data for table `round_table_confirmation`
--

LOCK TABLES `round_table_confirmation` WRITE;
/*!40000 ALTER TABLE `round_table_confirmation` DISABLE KEYS */;
INSERT INTO `round_table_confirmation` VALUES (1,123,20,6,'AGREED','2026-06-10 21:58:21'),(2,123,19,6,'AGREED','2026-06-10 22:22:01'),(3,137,20,1,'AGREED','2026-06-11 00:07:34'),(4,342,19,2,'AGREED','2026-06-17 23:24:35');
/*!40000 ALTER TABLE `round_table_confirmation` ENABLE KEYS */;
UNLOCK TABLES;

--
-- Table structure for table `round_table_entry`
--

DROP TABLE IF EXISTS `round_table_entry`;
/*!40101 SET @saved_cs_client     = @@character_set_client */;
/*!50503 SET character_set_client = utf8mb4 */;
CREATE TABLE `round_table_entry` (
  `id` bigint NOT NULL AUTO_INCREMENT COMMENT '主键ID',
  `competition_id` bigint NOT NULL COMMENT '所属比赛ID',
  `round_id` bigint NOT NULL COMMENT '评审轮次ID',
  `round_table_id` bigint NOT NULL COMMENT '评审桌ID',
  `beer_entry_id` bigint NOT NULL COMMENT '参赛酒款ID',
  `source_round_table_id` bigint DEFAULT NULL COMMENT '来源评审桌ID',
  `status` varchar(32) NOT NULL COMMENT '桌内酒款状态',
  `sort_order` int NOT NULL DEFAULT '0' COMMENT '展示排序',
  `create_time` datetime NOT NULL DEFAULT CURRENT_TIMESTAMP COMMENT '创建时间',
  `update_time` datetime NOT NULL DEFAULT CURRENT_TIMESTAMP ON UPDATE CURRENT_TIMESTAMP COMMENT '更新时间',
  PRIMARY KEY (`id`),
  UNIQUE KEY `uk_round_entry_once` (`round_id`,`beer_entry_id`),
  KEY `idx_round_table_entry_table` (`round_table_id`),
  KEY `idx_round_table_entry_competition` (`competition_id`)
) ENGINE=InnoDB AUTO_INCREMENT=632 DEFAULT CHARSET=utf8mb4 COLLATE=utf8mb4_0900_ai_ci COMMENT='评审桌酒款分配表';
/*!40101 SET character_set_client = @saved_cs_client */;

--
-- Dumping data for table `round_table_entry`
--

LOCK TABLES `round_table_entry` WRITE;
/*!40000 ALTER TABLE `round_table_entry` DISABLE KEYS */;
INSERT INTO `round_table_entry` VALUES (2,2,1,3,43,NULL,'ASSIGNED',0,'2026-06-03 21:13:25','2026-06-03 21:13:25'),(3,2,1,3,45,NULL,'ASSIGNED',1,'2026-06-03 21:13:25','2026-06-03 21:13:25'),(4,2,1,3,44,NULL,'ASSIGNED',2,'2026-06-03 21:13:25','2026-06-03 21:13:25'),(5,2,1,3,2,NULL,'ASSIGNED',3,'2026-06-03 21:13:25','2026-06-03 21:13:25'),(6,2,1,4,47,NULL,'ASSIGNED',0,'2026-06-03 21:13:25','2026-06-03 21:13:25'),(7,2,1,4,49,NULL,'ASSIGNED',1,'2026-06-03 21:13:25','2026-06-03 21:13:25'),(8,2,1,4,39,NULL,'ASSIGNED',2,'2026-06-03 21:13:25','2026-06-03 21:13:25'),(9,2,1,4,40,NULL,'ASSIGNED',3,'2026-06-03 21:13:25','2026-06-03 21:13:25'),(10,2,1,4,41,NULL,'ASSIGNED',4,'2026-06-03 21:13:25','2026-06-03 21:13:25'),(11,2,1,4,42,NULL,'ASSIGNED',5,'2026-06-03 21:13:25','2026-06-03 21:13:25'),(12,2,1,4,46,NULL,'ASSIGNED',6,'2026-06-03 21:13:25','2026-06-03 21:13:25'),(13,2,1,4,48,NULL,'ASSIGNED',7,'2026-06-03 21:13:25','2026-06-03 21:13:25'),(14,2,1,4,50,NULL,'ASSIGNED',8,'2026-06-03 21:13:25','2026-06-03 21:13:25'),(15,2,1,4,51,NULL,'ASSIGNED',9,'2026-06-03 21:13:25','2026-06-03 21:13:25'),(16,2,1,4,52,NULL,'ASSIGNED',10,'2026-06-03 21:13:25','2026-06-03 21:13:25'),(17,2,1,4,53,NULL,'ASSIGNED',11,'2026-06-03 21:13:25','2026-06-03 21:13:25'),(18,2,1,4,54,NULL,'ASSIGNED',12,'2026-06-03 21:13:25','2026-06-03 21:13:25'),(19,2,1,4,55,NULL,'ASSIGNED',13,'2026-06-03 21:13:25','2026-06-03 21:13:25'),(20,2,1,4,56,NULL,'ASSIGNED',14,'2026-06-03 21:13:25','2026-06-03 21:13:25'),(21,2,1,4,57,NULL,'ASSIGNED',15,'2026-06-03 21:13:25','2026-06-03 21:13:25'),(22,2,1,4,58,NULL,'ASSIGNED',16,'2026-06-03 21:13:25','2026-06-03 21:13:25'),(23,2,1,4,59,NULL,'ASSIGNED',17,'2026-06-03 21:13:25','2026-06-03 21:13:25'),(24,2,1,4,60,NULL,'ASSIGNED',18,'2026-06-03 21:13:25','2026-06-03 21:13:25'),(25,2,1,4,61,NULL,'ASSIGNED',19,'2026-06-03 21:13:25','2026-06-03 21:13:25'),(26,2,1,4,62,NULL,'ASSIGNED',20,'2026-06-03 21:13:25','2026-06-03 21:13:25'),(38,4,2,9,41001,NULL,'ADVANCED',0,'2026-06-04 21:33:38','2026-06-04 21:33:38'),(39,4,2,9,41002,NULL,'ADVANCED',1,'2026-06-04 21:33:38','2026-06-04 21:33:38'),(40,4,2,9,41003,NULL,'ELIMINATED',2,'2026-06-04 21:33:38','2026-06-04 21:33:38'),(41,4,2,9,63,NULL,'ELIMINATED',3,'2026-06-04 21:33:38','2026-06-04 21:33:38'),(42,4,2,10,41004,NULL,'ADVANCED',0,'2026-06-04 21:33:38','2026-06-04 21:33:38'),(43,4,2,10,41005,NULL,'ELIMINATED',1,'2026-06-04 21:33:38','2026-06-04 21:33:38'),(44,4,2,11,41006,NULL,'ADVANCED',0,'2026-06-04 21:33:38','2026-06-05 11:50:45'),(45,4,2,11,41007,NULL,'ADVANCED',1,'2026-06-04 21:33:38','2026-06-05 11:50:45'),(46,4,2,11,41008,NULL,'ELIMINATED',2,'2026-06-04 21:33:38','2026-06-05 11:50:45'),(47,4,2,12,41009,NULL,'ADVANCED',0,'2026-06-04 21:33:39','2026-06-05 11:50:45'),(48,4,2,12,41010,NULL,'ELIMINATED',1,'2026-06-04 21:33:39','2026-06-05 11:50:45'),(93,4,10,31,41001,9,'RANKED',0,'2026-06-05 14:24:26','2026-06-05 14:24:26'),(94,4,10,31,41004,10,'RANKED',1,'2026-06-05 14:24:26','2026-06-05 14:24:26'),(95,4,10,31,41002,9,'RANKED',2,'2026-06-05 14:24:26','2026-06-05 14:24:26'),(96,4,10,32,41006,11,'RANKED',0,'2026-06-05 14:24:26','2026-06-05 14:24:26'),(97,4,10,32,41009,12,'RANKED',1,'2026-06-05 14:24:26','2026-06-05 14:24:26'),(98,4,10,32,41007,11,'RANKED',2,'2026-06-05 14:24:26','2026-06-05 14:24:26'),(99,4,11,34,41006,32,'ELIMINATED',0,'2026-06-05 15:59:48','2026-06-05 15:59:48'),(100,4,11,34,41002,31,'RANKED',1,'2026-06-05 15:59:48','2026-06-05 15:59:48'),(116,6,12,41,41014,NULL,'ADVANCED',0,'2026-06-06 15:31:05','2026-06-06 15:31:05'),(117,6,12,41,41015,NULL,'ADVANCED',1,'2026-06-06 15:31:05','2026-06-06 15:31:05'),(118,6,12,41,41013,NULL,'ADVANCED',2,'2026-06-06 15:31:05','2026-06-06 15:31:05'),(119,6,12,41,41011,NULL,'ELIMINATED',3,'2026-06-06 15:31:05','2026-06-06 15:31:05'),(120,6,12,42,41016,NULL,'ADVANCED',0,'2026-06-06 15:31:05','2026-06-06 15:31:05'),(121,6,13,61,41014,41,'RANKED',0,'2026-06-06 16:38:58','2026-06-06 16:38:58'),(122,6,13,61,41015,41,'RANKED',1,'2026-06-06 16:38:58','2026-06-06 16:38:58'),(123,6,13,61,41013,41,'RANKED',2,'2026-06-06 16:38:58','2026-06-06 16:38:58'),(124,6,13,62,41016,42,'ASSIGNED',0,'2026-06-06 16:38:58','2026-06-06 16:38:58'),(275,7,14,123,41024,NULL,'ADVANCED',0,'2026-06-10 18:42:49','2026-06-10 18:42:49'),(276,7,14,123,41023,NULL,'ADVANCED',1,'2026-06-10 18:42:49','2026-06-10 18:42:49'),(277,7,14,123,41020,NULL,'ADVANCED',2,'2026-06-10 18:42:49','2026-06-10 18:42:49'),(278,7,14,123,41025,NULL,'ELIMINATED',3,'2026-06-10 18:42:49','2026-06-10 18:42:49'),(279,7,14,124,41026,NULL,'ADVANCED',0,'2026-06-10 18:42:49','2026-06-10 18:42:49'),(288,7,15,133,41024,123,'RANKED',0,'2026-06-10 22:31:19','2026-06-10 22:31:19'),(289,7,15,133,41023,123,'RANKED',1,'2026-06-10 22:31:19','2026-06-10 22:31:19'),(290,7,15,133,41020,123,'RANKED',2,'2026-06-10 22:31:19','2026-06-10 22:31:19'),(291,7,15,134,41026,124,'RANKED',0,'2026-06-10 22:31:19','2026-06-10 22:31:19'),(292,7,16,137,41026,134,'ELIMINATED',0,'2026-06-10 23:52:08','2026-06-10 23:52:08'),(293,7,16,137,41024,133,'RANKED',1,'2026-06-10 23:52:08','2026-06-10 23:52:08'),(587,481,193,342,42737,NULL,'ADVANCED',0,'2026-06-17 22:34:58','2026-06-17 22:34:58'),(588,481,193,342,42738,NULL,'ADVANCED',1,'2026-06-17 22:34:58','2026-06-17 22:34:58'),(589,481,193,343,42617,NULL,'ASSIGNED',0,'2026-06-17 22:34:58','2026-06-17 22:34:58'),(590,481,193,343,42670,NULL,'ASSIGNED',1,'2026-06-17 22:34:58','2026-06-17 22:34:58');
/*!40000 ALTER TABLE `round_table_entry` ENABLE KEYS */;
UNLOCK TABLES;

--
-- Table structure for table `round_table_member`
--

DROP TABLE IF EXISTS `round_table_member`;
/*!40101 SET @saved_cs_client     = @@character_set_client */;
/*!50503 SET character_set_client = utf8mb4 */;
CREATE TABLE `round_table_member` (
  `id` bigint NOT NULL AUTO_INCREMENT COMMENT '主键ID',
  `round_table_id` bigint NOT NULL COMMENT '评审桌ID',
  `judge_account_id` bigint NOT NULL COMMENT '评委账号ID',
  `role` varchar(32) NOT NULL COMMENT '角色',
  `system_task_required` tinyint NOT NULL DEFAULT '0' COMMENT '是否需要系统评分任务',
  PRIMARY KEY (`id`),
  UNIQUE KEY `uk_round_table_member` (`round_table_id`,`judge_account_id`),
  KEY `idx_round_table_member_judge` (`judge_account_id`)
) ENGINE=InnoDB AUTO_INCREMENT=889 DEFAULT CHARSET=utf8mb4 COLLATE=utf8mb4_0900_ai_ci COMMENT='评审桌成员表';
/*!40101 SET character_set_client = @saved_cs_client */;

--
-- Dumping data for table `round_table_member`
--

LOCK TABLES `round_table_member` WRITE;
/*!40000 ALTER TABLE `round_table_member` DISABLE KEYS */;
INSERT INTO `round_table_member` VALUES (3,3,2,'CAPTAIN',1),(4,4,3,'CAPTAIN',1),(14,9,21,'CAPTAIN',1),(15,9,19,'CROSS',1),(16,9,20,'PROFESSIONAL',1),(17,10,18,'CAPTAIN',1),(18,10,17,'PROFESSIONAL',1),(19,11,16,'CAPTAIN',1),(20,11,15,'PROFESSIONAL',1),(21,12,14,'CAPTAIN',1),(22,12,13,'PROFESSIONAL',1),(47,31,21,'CAPTAIN',1),(48,31,20,'PROFESSIONAL',0),(49,32,18,'CAPTAIN',1),(50,32,19,'PROFESSIONAL',0),(51,34,21,'CAPTAIN',1),(52,34,20,'PROFESSIONAL',0),(68,41,21,'CAPTAIN',1),(69,41,19,'CROSS',1),(70,41,20,'PROFESSIONAL',1),(71,42,18,'CAPTAIN',1),(72,42,17,'PROFESSIONAL',1),(105,61,21,'CAPTAIN',1),(106,61,20,'PROFESSIONAL',0),(107,62,18,'CAPTAIN',1),(108,62,19,'PROFESSIONAL',0),(213,123,21,'CAPTAIN',1),(214,123,19,'CROSS',1),(215,123,20,'PROFESSIONAL',1),(216,124,18,'CAPTAIN',1),(226,133,21,'CAPTAIN',1),(227,133,20,'PROFESSIONAL',0),(228,134,18,'CAPTAIN',1),(231,137,21,'CAPTAIN',1),(232,137,20,'PROFESSIONAL',0),(789,342,21,'CAPTAIN',1),(790,342,19,'CROSS',1),(791,342,20,'PROFESSIONAL',1),(792,343,18,'CAPTAIN',1);
/*!40000 ALTER TABLE `round_table_member` ENABLE KEYS */;
UNLOCK TABLES;

--
-- Table structure for table `score_record`
--

DROP TABLE IF EXISTS `score_record`;
/*!40101 SET @saved_cs_client     = @@character_set_client */;
/*!50503 SET character_set_client = utf8mb4 */;
CREATE TABLE `score_record` (
  `id` bigint NOT NULL AUTO_INCREMENT COMMENT '主键ID',
  `competition_id` bigint NOT NULL COMMENT '所属比赛ID',
  `round_id` bigint DEFAULT NULL,
  `round_table_id` bigint DEFAULT NULL,
  `beer_entry_id` bigint NOT NULL COMMENT '参赛酒款ID',
  `judge_account_id` bigint NOT NULL COMMENT '评委账号ID',
  `assignment_id` bigint DEFAULT NULL COMMENT '评委编排记录ID',
  `judge_role_type` varchar(32) NOT NULL COMMENT '评分时评委角色',
  `dimensions_json` json NOT NULL COMMENT '评分维度JSON',
  `total_score` decimal(6,2) NOT NULL DEFAULT '0.00' COMMENT '总分',
  `comments` varchar(1000) NOT NULL COMMENT '评分评语',
  `is_final` tinyint NOT NULL DEFAULT '0' COMMENT '是否最终评分',
  `is_advanced` tinyint NOT NULL DEFAULT '0' COMMENT '是否晋级',
  `consensus_score` decimal(6,2) DEFAULT NULL COMMENT '桌长共识分',
  `duration_seconds` int DEFAULT NULL,
  `comment_char_count` int NOT NULL DEFAULT '0',
  `create_time` datetime NOT NULL DEFAULT CURRENT_TIMESTAMP COMMENT '创建时间',
  `update_time` datetime NOT NULL DEFAULT CURRENT_TIMESTAMP ON UPDATE CURRENT_TIMESTAMP COMMENT '更新时间',
  PRIMARY KEY (`id`),
  UNIQUE KEY `uk_score_record_judge_entry_final` (`beer_entry_id`,`judge_account_id`,`is_final`) USING BTREE
) ENGINE=InnoDB AUTO_INCREMENT=286 DEFAULT CHARSET=utf8mb4 COLLATE=utf8mb4_0900_ai_ci COMMENT='评委评分记录表';
/*!40101 SET character_set_client = @saved_cs_client */;

--
-- Dumping data for table `score_record`
--

LOCK TABLES `score_record` WRITE;
/*!40000 ALTER TABLE `score_record` DISABLE KEYS */;
INSERT INTO `score_record` VALUES (1,4,NULL,NULL,41001,21,23,'PROFESSIONAL','[{\"key\": \"aroma\", \"label\": \"香气\", \"score\": 3, \"maxScore\": 12, \"notePrompt\": null}, {\"key\": \"appearance\", \"label\": \"外观\", \"score\": 1, \"maxScore\": 3, \"notePrompt\": null}, {\"key\": \"flavor\", \"label\": \"味道\", \"score\": 10, \"maxScore\": 20, \"notePrompt\": null}, {\"key\": \"mouthfeel\", \"label\": \"口感\", \"score\": 2, \"maxScore\": 5, \"notePrompt\": null}, {\"key\": \"overall\", \"label\": \"整体印象\", \"score\": 5, \"maxScore\": 10, \"notePrompt\": null}]',21.00,'整体印象：11111111111111111111111111111111111111111111',0,0,NULL,NULL,0,'2026-06-04 22:11:26','2026-06-04 22:11:26'),(6,4,NULL,NULL,41001,20,22,'PROFESSIONAL','[{\"key\": \"aroma\", \"label\": \"香气\", \"score\": 6, \"maxScore\": 12, \"notePrompt\": null}, {\"key\": \"appearance\", \"label\": \"外观\", \"score\": 2, \"maxScore\": 3, \"notePrompt\": null}, {\"key\": \"flavor\", \"label\": \"味道\", \"score\": 9, \"maxScore\": 20, \"notePrompt\": null}, {\"key\": \"mouthfeel\", \"label\": \"口感\", \"score\": 2, \"maxScore\": 5, \"notePrompt\": null}, {\"key\": \"overall\", \"label\": \"整体印象\", \"score\": 5, \"maxScore\": 10, \"notePrompt\": null}]',24.00,'香气：1233333333\n外观：21111111\n味道：2222222\n口感：11111111\n整体印象：2222222222',0,0,NULL,NULL,0,'2026-06-04 22:57:29','2026-06-04 22:57:29'),(7,4,NULL,NULL,63,20,22,'PROFESSIONAL','[{\"key\": \"aroma\", \"note\": \"酒花香气清晰，有柑橘和热带水果调性，强度适中但复杂度不足。\", \"label\": \"香气\", \"score\": 6, \"maxScore\": 12}, {\"key\": \"appearance\", \"note\": \"颜色符合风格预期，浑浊度自然，泡沫挂杯表现中等。\", \"label\": \"外观\", \"score\": 2, \"maxScore\": 3}, {\"key\": \"flavor\", \"note\": \"前段果香突出，麦芽甜感支撑尚可，苦味平衡度良好但收口稍短。\", \"label\": \"味道\", \"score\": 12, \"maxScore\": 20}, {\"key\": \"mouthfeel\", \"note\": \"碳酸感适中，酒体厚度偏轻，温度升高后口感更圆润。\", \"label\": \"口感\", \"score\": 3, \"maxScore\": 5}, {\"key\": \"overall\", \"note\": \"风格方向明确，缺陷控制较好，若增强尾段层次会更有竞争力。\", \"label\": \"整体印象\", \"score\": 6, \"maxScore\": 10}]',29.00,'香气：酒花香气清晰，有柑橘和热带水果调性，强度适中但复杂度不足。\n外观：颜色符合风格预期，浑浊度自然，泡沫挂杯表现中等。\n味道：前段果香突出，麦芽甜感支撑尚可，苦味平衡度良好但收口稍短。\n口感：碳酸感适中，酒体厚度偏轻，温度升高后口感更圆润。\n整体印象：风格方向明确，缺陷控制较好，若增强尾段层次会更有竞争力。',0,0,NULL,NULL,0,'2026-06-04 22:59:13','2026-06-06 12:09:11'),(8,4,NULL,NULL,41002,20,22,'PROFESSIONAL','[{\"key\": \"aroma\", \"label\": \"香气\", \"score\": 6, \"maxScore\": 12, \"notePrompt\": null}, {\"key\": \"appearance\", \"label\": \"外观\", \"score\": 2, \"maxScore\": 3, \"notePrompt\": null}, {\"key\": \"flavor\", \"label\": \"味道\", \"score\": 11, \"maxScore\": 20, \"notePrompt\": null}, {\"key\": \"mouthfeel\", \"label\": \"口感\", \"score\": 3, \"maxScore\": 5, \"notePrompt\": null}, {\"key\": \"overall\", \"label\": \"整体印象\", \"score\": 7, \"maxScore\": 10, \"notePrompt\": null}]',29.00,'香气：1111111111111111111111111111111111111',0,0,NULL,NULL,0,'2026-06-04 22:59:27','2026-06-04 22:59:27'),(9,4,NULL,NULL,41003,20,22,'PROFESSIONAL','[{\"key\": \"aroma\", \"label\": \"香气\", \"score\": 6, \"maxScore\": 12, \"notePrompt\": null}, {\"key\": \"appearance\", \"label\": \"外观\", \"score\": 2, \"maxScore\": 3, \"notePrompt\": null}, {\"key\": \"flavor\", \"label\": \"味道\", \"score\": 13, \"maxScore\": 20, \"notePrompt\": null}, {\"key\": \"mouthfeel\", \"label\": \"口感\", \"score\": 3, \"maxScore\": 5, \"notePrompt\": null}, {\"key\": \"overall\", \"label\": \"整体印象\", \"score\": 7, \"maxScore\": 10, \"notePrompt\": null}]',31.00,'整体印象：1111111111111111111111111111111111111111111',0,0,NULL,NULL,0,'2026-06-04 22:59:40','2026-06-04 22:59:40'),(10,4,NULL,NULL,41001,19,21,'CROSS','[{\"key\": \"appearance\", \"label\": \"第一印象\", \"score\": 6, \"maxScore\": 10, \"notePrompt\": null}, {\"key\": \"drinkability\", \"label\": \"易饮度\", \"score\": 13, \"maxScore\": 20, \"notePrompt\": null}, {\"key\": \"overall\", \"label\": \"整体喜好\", \"score\": 13, \"maxScore\": 20, \"notePrompt\": null}]',32.00,'整体喜好：111111111111111111111111111111111111111111111111111111111111111111111111111',0,0,NULL,NULL,0,'2026-06-04 23:00:16','2026-06-04 23:00:16'),(11,4,NULL,NULL,41002,19,21,'CROSS','[{\"key\": \"appearance\", \"label\": \"第一印象\", \"score\": 6, \"maxScore\": 10, \"notePrompt\": null}, {\"key\": \"drinkability\", \"label\": \"易饮度\", \"score\": 13, \"maxScore\": 20, \"notePrompt\": null}, {\"key\": \"overall\", \"label\": \"整体喜好\", \"score\": 13, \"maxScore\": 20, \"notePrompt\": null}]',32.00,'整体喜好：11111111111111111111111111111111111111111111111111111111',0,0,NULL,NULL,0,'2026-06-04 23:00:25','2026-06-04 23:00:25'),(12,4,NULL,NULL,41003,19,21,'CROSS','[{\"key\": \"appearance\", \"label\": \"第一印象\", \"score\": 5, \"maxScore\": 10, \"notePrompt\": null}, {\"key\": \"drinkability\", \"label\": \"易饮度\", \"score\": 12, \"maxScore\": 20, \"notePrompt\": null}, {\"key\": \"overall\", \"label\": \"整体喜好\", \"score\": 12, \"maxScore\": 20, \"notePrompt\": null}]',29.00,'整体喜好：111111111111111111111111111111111111111111111111111111111',0,0,NULL,NULL,0,'2026-06-04 23:00:33','2026-06-04 23:00:33'),(13,4,NULL,NULL,63,19,21,'CROSS','[{\"key\": \"appearance\", \"note\": \"泡沫细腻但维持时间一般，酒液颜色明亮，整体视觉记忆点清楚。\", \"label\": \"第一印象\", \"score\": 6, \"maxScore\": 10}, {\"key\": \"drinkability\", \"note\": \"入口顺滑，苦味收束较快，连续饮用压力不大，但尾段略显单薄。\", \"label\": \"易饮度\", \"score\": 11, \"maxScore\": 20}, {\"key\": \"overall\", \"note\": \"风味表达稳定，甜感与酒花香气有辨识度，整体完成度高于平均水平。\", \"label\": \"整体喜好\", \"score\": 13, \"maxScore\": 20}]',30.00,'第一印象：泡沫细腻但维持时间一般，酒液颜色明亮，整体视觉记忆点清楚。\n易饮度：入口顺滑，苦味收束较快，连续饮用压力不大，但尾段略显单薄。\n整体喜好：风味表达稳定，甜感与酒花香气有辨识度，整体完成度高于平均水平。',0,0,NULL,NULL,0,'2026-06-04 23:00:40','2026-06-06 12:09:11'),(14,4,NULL,NULL,41001,21,23,'CAPTAIN','[{\"key\": \"consensus\", \"label\": \"共识分\", \"score\": 26, \"maxScore\": 50, \"notePrompt\": null}]',26.00,'非常新鲜，非常美味11111111111',1,1,26.00,NULL,0,'2026-06-04 23:20:41','2026-06-04 23:20:41'),(15,4,NULL,NULL,41002,21,23,'CAPTAIN','[{\"key\": \"consensus\", \"label\": \"共识分\", \"score\": 23, \"maxScore\": 50, \"notePrompt\": null}]',23.00,'1111111111111111111111111',1,1,23.00,NULL,0,'2026-06-04 23:21:12','2026-06-04 23:21:12'),(16,4,NULL,NULL,41003,21,23,'CAPTAIN','[{\"key\": \"consensus\", \"label\": \"共识分\", \"score\": 30, \"maxScore\": 50, \"notePrompt\": null}]',30.00,'111111111111111111111',1,0,30.00,NULL,0,'2026-06-04 23:21:42','2026-06-04 23:21:42'),(17,4,NULL,NULL,63,21,23,'CAPTAIN','[{\"key\": \"consensus\", \"note\": \"综合各位评审意见，酒款表现稳定，获奖结果具备一致性。\", \"label\": \"共识分\", \"score\": 30, \"maxScore\": 50}]',30.00,'桌长综合意见：本款酒在同组中识别度较强，评审反馈集中在干净度、适饮性和风味表达，最终共识分为三十分。',1,0,30.00,NULL,0,'2026-06-04 23:21:57','2026-06-06 12:00:46'),(18,4,NULL,NULL,63,21,23,'PROFESSIONAL','[{\"key\": \"aroma\", \"note\": \"香气释放速度快，果香干净，没有明显氧化或杂味，后段略弱。\", \"label\": \"香气\", \"score\": 6, \"maxScore\": 12}, {\"key\": \"appearance\", \"note\": \"外观整洁，颜色和浑浊程度匹配申报风格，泡沫细节还有提升空间。\", \"label\": \"外观\", \"score\": 2, \"maxScore\": 3}, {\"key\": \"flavor\", \"note\": \"入口有清楚的果汁感，麦芽支撑足够，苦味没有压过主体风味。\", \"label\": \"味道\", \"score\": 12, \"maxScore\": 20}, {\"key\": \"mouthfeel\", \"note\": \"口感干净，酒体轻盈，后段收束快，适饮性优于厚重感。\", \"label\": \"口感\", \"score\": 3, \"maxScore\": 5}, {\"key\": \"overall\", \"note\": \"整体表现均衡，适合展示多维度评语，仍可通过提升层次感拉开差距。\", \"label\": \"整体印象\", \"score\": 6, \"maxScore\": 10}]',29.00,'香气：香气释放速度快，果香干净，没有明显氧化或杂味，后段略弱。\n外观：外观整洁，颜色和浑浊程度匹配申报风格，泡沫细节还有提升空间。\n味道：入口有清楚的果汁感，麦芽支撑足够，苦味没有压过主体风味。\n口感：口感干净，酒体轻盈，后段收束快，适饮性优于厚重感。\n整体印象：整体表现均衡，适合展示多维度评语，仍可通过提升层次感拉开差距。',0,0,NULL,NULL,0,'2026-06-04 23:44:27','2026-06-06 12:09:11'),(19,4,NULL,NULL,41002,21,23,'PROFESSIONAL','[{\"key\": \"aroma\", \"label\": \"香气\", \"score\": 6, \"maxScore\": 12, \"notePrompt\": null}, {\"key\": \"appearance\", \"label\": \"外观\", \"score\": 2, \"maxScore\": 3, \"notePrompt\": null}, {\"key\": \"flavor\", \"label\": \"味道\", \"score\": 11, \"maxScore\": 20, \"notePrompt\": null}, {\"key\": \"mouthfeel\", \"label\": \"口感\", \"score\": 3, \"maxScore\": 5, \"notePrompt\": null}, {\"key\": \"overall\", \"label\": \"整体印象\", \"score\": 7, \"maxScore\": 10, \"notePrompt\": null}]',29.00,'香气：1111111111111111111111111111111111111',0,0,NULL,NULL,0,'2026-06-04 23:44:27','2026-06-04 23:44:27'),(20,4,NULL,NULL,41003,21,23,'PROFESSIONAL','[{\"key\": \"aroma\", \"label\": \"香气\", \"score\": 6, \"maxScore\": 12, \"notePrompt\": null}, {\"key\": \"appearance\", \"label\": \"外观\", \"score\": 2, \"maxScore\": 3, \"notePrompt\": null}, {\"key\": \"flavor\", \"label\": \"味道\", \"score\": 13, \"maxScore\": 20, \"notePrompt\": null}, {\"key\": \"mouthfeel\", \"label\": \"口感\", \"score\": 3, \"maxScore\": 5, \"notePrompt\": null}, {\"key\": \"overall\", \"label\": \"整体印象\", \"score\": 7, \"maxScore\": 10, \"notePrompt\": null}]',31.00,'整体印象：1111111111111111111111111111111111111111111',0,0,NULL,NULL,0,'2026-06-04 23:44:27','2026-06-04 23:44:27'),(21,4,NULL,NULL,41004,17,24,'PROFESSIONAL','[{\"key\": \"aroma\", \"label\": \"香气\", \"score\": 4, \"maxScore\": 12, \"notePrompt\": null}, {\"key\": \"appearance\", \"label\": \"外观\", \"score\": 1, \"maxScore\": 3, \"notePrompt\": null}, {\"key\": \"flavor\", \"label\": \"味道\", \"score\": 13, \"maxScore\": 20, \"notePrompt\": null}, {\"key\": \"mouthfeel\", \"label\": \"口感\", \"score\": 3, \"maxScore\": 5, \"notePrompt\": null}, {\"key\": \"overall\", \"label\": \"整体印象\", \"score\": 6, \"maxScore\": 10, \"notePrompt\": null}]',27.00,'香气：1111111111111111111111111111111',0,0,NULL,NULL,0,'2026-06-05 11:16:47','2026-06-05 11:16:47'),(22,4,NULL,NULL,41005,17,24,'PROFESSIONAL','[{\"key\": \"aroma\", \"label\": \"香气\", \"score\": 7, \"maxScore\": 12, \"notePrompt\": null}, {\"key\": \"appearance\", \"label\": \"外观\", \"score\": 2, \"maxScore\": 3, \"notePrompt\": null}, {\"key\": \"flavor\", \"label\": \"味道\", \"score\": 12, \"maxScore\": 20, \"notePrompt\": null}, {\"key\": \"mouthfeel\", \"label\": \"口感\", \"score\": 3, \"maxScore\": 5, \"notePrompt\": null}, {\"key\": \"overall\", \"label\": \"整体印象\", \"score\": 4, \"maxScore\": 10, \"notePrompt\": null}]',28.00,'整体印象：111111111111111111111111111111',0,0,NULL,NULL,0,'2026-06-05 11:17:07','2026-06-05 11:17:07'),(23,4,NULL,NULL,41004,18,25,'PROFESSIONAL','[{\"key\": \"aroma\", \"label\": \"香气\", \"score\": 6, \"maxScore\": 12, \"notePrompt\": null}, {\"key\": \"appearance\", \"label\": \"外观\", \"score\": 2, \"maxScore\": 3, \"notePrompt\": null}, {\"key\": \"flavor\", \"label\": \"味道\", \"score\": 10, \"maxScore\": 20, \"notePrompt\": null}, {\"key\": \"mouthfeel\", \"label\": \"口感\", \"score\": 3, \"maxScore\": 5, \"notePrompt\": null}, {\"key\": \"overall\", \"label\": \"整体印象\", \"score\": 5, \"maxScore\": 10, \"notePrompt\": null}]',26.00,'香气：111111111111111111111111111111\n外观：1',0,0,NULL,NULL,0,'2026-06-05 11:22:12','2026-06-05 11:22:12'),(24,4,NULL,NULL,41005,18,25,'PROFESSIONAL','[{\"key\": \"aroma\", \"label\": \"香气\", \"score\": 5, \"maxScore\": 12, \"notePrompt\": null}, {\"key\": \"appearance\", \"label\": \"外观\", \"score\": 2, \"maxScore\": 3, \"notePrompt\": null}, {\"key\": \"flavor\", \"label\": \"味道\", \"score\": 10, \"maxScore\": 20, \"notePrompt\": null}, {\"key\": \"mouthfeel\", \"label\": \"口感\", \"score\": 3, \"maxScore\": 5, \"notePrompt\": null}, {\"key\": \"overall\", \"label\": \"整体印象\", \"score\": 6, \"maxScore\": 10, \"notePrompt\": null}]',26.00,'香气：111111111111111111111111111111',0,0,NULL,NULL,0,'2026-06-05 11:22:32','2026-06-05 11:22:32'),(25,4,NULL,NULL,41004,18,25,'CAPTAIN','[{\"key\": \"consensus\", \"label\": \"共识分\", \"score\": 26, \"maxScore\": 50, \"notePrompt\": null}]',26.00,'11111111111111111111',1,1,26.00,NULL,0,'2026-06-05 11:30:17','2026-06-05 11:30:17'),(26,4,NULL,NULL,41005,18,25,'CAPTAIN','[{\"key\": \"consensus\", \"label\": \"共识分\", \"score\": 26, \"maxScore\": 50, \"notePrompt\": null}]',26.00,'1111111111111111111111111',1,0,26.00,NULL,0,'2026-06-05 11:30:43','2026-06-05 11:30:43'),(27,4,NULL,NULL,41006,16,27,'PROFESSIONAL','[{\"key\": \"overall\", \"label\": \"overall\", \"score\": 42, \"maxScore\": 50, \"notePrompt\": null}]',42.00,'seeded for round progress test',0,0,NULL,NULL,0,'2026-06-05 11:50:45','2026-06-05 11:50:45'),(28,4,NULL,NULL,41006,15,26,'PROFESSIONAL','[{\"key\": \"overall\", \"label\": \"overall\", \"score\": 41, \"maxScore\": 50, \"notePrompt\": null}]',41.00,'seeded for round progress test',0,0,NULL,NULL,0,'2026-06-05 11:50:45','2026-06-05 11:50:45'),(29,4,NULL,NULL,41007,16,27,'PROFESSIONAL','[{\"key\": \"overall\", \"label\": \"overall\", \"score\": 40, \"maxScore\": 50, \"notePrompt\": null}]',40.00,'seeded for round progress test',0,0,NULL,NULL,0,'2026-06-05 11:50:45','2026-06-05 11:50:45'),(30,4,NULL,NULL,41007,15,26,'PROFESSIONAL','[{\"key\": \"overall\", \"label\": \"overall\", \"score\": 39, \"maxScore\": 50, \"notePrompt\": null}]',39.00,'seeded for round progress test',0,0,NULL,NULL,0,'2026-06-05 11:50:45','2026-06-05 11:50:45'),(31,4,NULL,NULL,41008,16,27,'PROFESSIONAL','[{\"key\": \"overall\", \"label\": \"overall\", \"score\": 35, \"maxScore\": 50, \"notePrompt\": null}]',35.00,'seeded for round progress test',0,0,NULL,NULL,0,'2026-06-05 11:50:45','2026-06-05 11:50:45'),(32,4,NULL,NULL,41008,15,26,'PROFESSIONAL','[{\"key\": \"overall\", \"label\": \"overall\", \"score\": 34, \"maxScore\": 50, \"notePrompt\": null}]',34.00,'seeded for round progress test',0,0,NULL,NULL,0,'2026-06-05 11:50:45','2026-06-05 11:50:45'),(33,4,NULL,NULL,41009,14,29,'PROFESSIONAL','[{\"key\": \"overall\", \"label\": \"overall\", \"score\": 41, \"maxScore\": 50, \"notePrompt\": null}]',41.00,'seeded for round progress test',0,0,NULL,NULL,0,'2026-06-05 11:50:45','2026-06-05 11:50:45'),(34,4,NULL,NULL,41009,13,28,'PROFESSIONAL','[{\"key\": \"overall\", \"label\": \"overall\", \"score\": 40, \"maxScore\": 50, \"notePrompt\": null}]',40.00,'seeded for round progress test',0,0,NULL,NULL,0,'2026-06-05 11:50:45','2026-06-05 11:50:45'),(35,4,NULL,NULL,41010,14,29,'PROFESSIONAL','[{\"key\": \"overall\", \"label\": \"overall\", \"score\": 36, \"maxScore\": 50, \"notePrompt\": null}]',36.00,'seeded for round progress test',0,0,NULL,NULL,0,'2026-06-05 11:50:45','2026-06-05 11:50:45'),(36,4,NULL,NULL,41010,13,28,'PROFESSIONAL','[{\"key\": \"overall\", \"label\": \"overall\", \"score\": 35, \"maxScore\": 50, \"notePrompt\": null}]',35.00,'seeded for round progress test',0,0,NULL,NULL,0,'2026-06-05 11:50:45','2026-06-05 11:50:45'),(37,4,NULL,NULL,41006,16,27,'CAPTAIN','[{\"key\": \"consensus\", \"label\": \"consensus\", \"score\": 42, \"maxScore\": 50, \"notePrompt\": null}]',42.00,'seeded final result',1,1,42.00,NULL,0,'2026-06-05 11:50:45','2026-06-05 11:50:45'),(38,4,NULL,NULL,41007,16,27,'CAPTAIN','[{\"key\": \"consensus\", \"label\": \"consensus\", \"score\": 40, \"maxScore\": 50, \"notePrompt\": null}]',40.00,'seeded final result',1,1,40.00,NULL,0,'2026-06-05 11:50:45','2026-06-05 11:50:45'),(39,4,NULL,NULL,41008,16,27,'CAPTAIN','[{\"key\": \"consensus\", \"label\": \"consensus\", \"score\": 35, \"maxScore\": 50, \"notePrompt\": null}]',35.00,'seeded final result',1,0,35.00,NULL,0,'2026-06-05 11:50:45','2026-06-05 11:50:45'),(40,4,NULL,NULL,41009,14,29,'CAPTAIN','[{\"key\": \"consensus\", \"label\": \"consensus\", \"score\": 41, \"maxScore\": 50, \"notePrompt\": null}]',41.00,'seeded final result',1,1,41.00,NULL,0,'2026-06-05 11:50:45','2026-06-05 11:50:45'),(41,4,NULL,NULL,41010,14,29,'CAPTAIN','[{\"key\": \"consensus\", \"label\": \"consensus\", \"score\": 36, \"maxScore\": 50, \"notePrompt\": null}]',36.00,'seeded final result',1,0,36.00,NULL,0,'2026-06-05 11:50:45','2026-06-05 11:50:45'),(42,6,NULL,NULL,41011,21,53,'PROFESSIONAL','[{\"key\": \"professional_1\", \"note\": \"香甜十足，入口绵密气泡在舌尖循序绽放，细碎碳酸勾勒出柔和的酒体触感\", \"label\": \"香气\", \"score\": 8, \"maxScore\": 12, \"notePrompt\": \"描述香气强度、干净度和主要香气来源。\"}, {\"key\": \"professional_2\", \"note\": \"入口绵密气泡在舌尖循序绽放，细碎碳酸勾勒出柔和的酒体触感；焦糖蜜甜作为基底，天然果酸精准中和甜腻，中段香草绵润与辛香层层铺开，收尾可乐果带来一丝清雅微苦\", \"label\": \"外观\", \"score\": 2, \"maxScore\": 3, \"notePrompt\": \"描述颜色、清澈度、泡沫和持久性。\"}, {\"key\": \"professional_3\", \"note\": \"入口绵密气泡在舌尖循序绽放，细碎碳酸勾勒出柔和的酒体触感；焦糖蜜甜作为基底，天然果酸精准中和甜腻，中段香草绵润与辛香层层铺开，收尾可乐果带来一丝清雅微苦\", \"label\": \"味道\", \"score\": 12, \"maxScore\": 20, \"notePrompt\": \"描述甜苦酸平衡、风味层次和缺陷。\"}, {\"key\": \"professional_4\", \"note\": \"入口绵密气泡在舌尖循序绽放，细碎碳酸勾勒出柔和的酒体触感；焦糖蜜甜作为基底，天然果酸精准中和甜腻，中段香草绵润与辛香层层铺开，收尾可乐果带来一丝清雅微苦\", \"label\": \"口感\", \"score\": 3, \"maxScore\": 5, \"notePrompt\": \"描述酒体、杀口感、顺滑度和余味。\"}, {\"key\": \"professional_5\", \"note\": \"入口绵密气泡在舌尖循序绽放，细碎碳酸勾勒出柔和的酒体触感；焦糖蜜甜作为基底，天然果酸精准中和甜腻，中段香草绵润与辛香层层铺开，收尾可乐果带来一丝清雅微苦\", \"label\": \"整体印象\", \"score\": 6, \"maxScore\": 10, \"notePrompt\": \"汇总整体表现、完成度和改进建议。\"}]',31.00,'香气：香甜十足，入口绵密气泡在舌尖循序绽放，细碎碳酸勾勒出柔和的酒体触感\n外观：入口绵密气泡在舌尖循序绽放，细碎碳酸勾勒出柔和的酒体触感；焦糖蜜甜作为基底，天然果酸精准中和甜腻，中段香草绵润与辛香层层铺开，收尾可乐果带来一丝清雅微苦\n味道：入口绵密气泡在舌尖循序绽放，细碎碳酸勾勒出柔和的酒体触感；焦糖蜜甜作为基底，天然果酸精准中和甜腻，中段香草绵润与辛香层层铺开，收尾可乐果带来一丝清雅微苦\n口感：入口绵密气泡在舌尖循序绽放，细碎碳酸勾勒出柔和的酒体触感；焦糖蜜甜作为基底，天然果酸精准中和甜腻，中段香草绵润与辛香层层铺开，收尾可乐果带来一丝清雅微苦\n整体印象：入口绵密气泡在舌尖循序绽放，细碎碳酸勾勒出柔和的酒体触感；焦糖蜜甜作为基底，天然果酸精准中和甜腻，中段香草绵润与辛香层层铺开，收尾可乐果带来一丝清雅微苦',0,0,NULL,NULL,0,'2026-06-06 15:39:56','2026-06-06 15:39:56'),(43,6,NULL,NULL,41014,21,53,'PROFESSIONAL','[{\"key\": \"professional_1\", \"note\": \"入口绵密气泡在舌尖循序绽放，细碎碳酸勾勒出柔和的酒体触感；焦糖蜜甜作为基底，天然果酸精准中和甜腻，中段香草绵润与辛香层层铺开，收尾可乐果带来一丝清雅微苦\", \"label\": \"香气\", \"score\": 7, \"maxScore\": 12, \"notePrompt\": \"描述香气强度、干净度和主要香气来源。\"}, {\"key\": \"professional_2\", \"note\": null, \"label\": \"外观\", \"score\": 2, \"maxScore\": 3, \"notePrompt\": \"描述颜色、清澈度、泡沫和持久性。\"}, {\"key\": \"professional_3\", \"note\": null, \"label\": \"味道\", \"score\": 13, \"maxScore\": 20, \"notePrompt\": \"描述甜苦酸平衡、风味层次和缺陷。\"}, {\"key\": \"professional_4\", \"note\": null, \"label\": \"口感\", \"score\": 3, \"maxScore\": 5, \"notePrompt\": \"描述酒体、杀口感、顺滑度和余味。\"}, {\"key\": \"professional_5\", \"note\": null, \"label\": \"整体印象\", \"score\": 6, \"maxScore\": 10, \"notePrompt\": \"汇总整体表现、完成度和改进建议。\"}]',31.00,'香气：入口绵密气泡在舌尖循序绽放，细碎碳酸勾勒出柔和的酒体触感；焦糖蜜甜作为基底，天然果酸精准中和甜腻，中段香草绵润与辛香层层铺开，收尾可乐果带来一丝清雅微苦',0,0,NULL,NULL,0,'2026-06-06 15:40:28','2026-06-06 15:40:28'),(44,6,NULL,NULL,41015,21,53,'PROFESSIONAL','[{\"key\": \"professional_1\", \"note\": null, \"label\": \"香气\", \"score\": 8, \"maxScore\": 12, \"notePrompt\": \"描述香气强度、干净度和主要香气来源。\"}, {\"key\": \"professional_2\", \"note\": null, \"label\": \"外观\", \"score\": 2, \"maxScore\": 3, \"notePrompt\": \"描述颜色、清澈度、泡沫和持久性。\"}, {\"key\": \"professional_3\", \"note\": null, \"label\": \"味道\", \"score\": 14, \"maxScore\": 20, \"notePrompt\": \"描述甜苦酸平衡、风味层次和缺陷。\"}, {\"key\": \"professional_4\", \"note\": null, \"label\": \"口感\", \"score\": 3, \"maxScore\": 5, \"notePrompt\": \"描述酒体、杀口感、顺滑度和余味。\"}, {\"key\": \"professional_5\", \"note\": \"入口绵密气泡在舌尖循序绽放，细碎碳酸勾勒出柔和的酒体触感；焦糖蜜甜作为基底，天然果酸精准中和甜腻，中段香草绵润与辛香层层铺开，收尾可乐果带来一丝清雅微苦\", \"label\": \"整体印象\", \"score\": 7, \"maxScore\": 10, \"notePrompt\": \"汇总整体表现、完成度和改进建议。\"}]',34.00,'整体印象：入口绵密气泡在舌尖循序绽放，细碎碳酸勾勒出柔和的酒体触感；焦糖蜜甜作为基底，天然果酸精准中和甜腻，中段香草绵润与辛香层层铺开，收尾可乐果带来一丝清雅微苦',0,0,NULL,NULL,0,'2026-06-06 15:40:38','2026-06-06 15:40:38'),(45,6,NULL,NULL,41013,21,53,'PROFESSIONAL','[{\"key\": \"professional_1\", \"note\": \"入口绵密气泡在舌尖循序绽放，细碎碳酸勾勒出柔和的酒体触感；焦糖蜜甜作为基底，天然果酸精准中和甜腻，中段香草绵润与辛香层层铺开，收尾可乐果带来一丝清雅微苦\", \"label\": \"香气\", \"score\": 8, \"maxScore\": 12, \"notePrompt\": \"描述香气强度、干净度和主要香气来源。\"}, {\"key\": \"professional_2\", \"note\": null, \"label\": \"外观\", \"score\": 2, \"maxScore\": 3, \"notePrompt\": \"描述颜色、清澈度、泡沫和持久性。\"}, {\"key\": \"professional_3\", \"note\": null, \"label\": \"味道\", \"score\": 14, \"maxScore\": 20, \"notePrompt\": \"描述甜苦酸平衡、风味层次和缺陷。\"}, {\"key\": \"professional_4\", \"note\": null, \"label\": \"口感\", \"score\": 4, \"maxScore\": 5, \"notePrompt\": \"描述酒体、杀口感、顺滑度和余味。\"}, {\"key\": \"professional_5\", \"note\": null, \"label\": \"整体印象\", \"score\": 7, \"maxScore\": 10, \"notePrompt\": \"汇总整体表现、完成度和改进建议。\"}]',35.00,'香气：入口绵密气泡在舌尖循序绽放，细碎碳酸勾勒出柔和的酒体触感；焦糖蜜甜作为基底，天然果酸精准中和甜腻，中段香草绵润与辛香层层铺开，收尾可乐果带来一丝清雅微苦',0,0,NULL,NULL,0,'2026-06-06 15:40:48','2026-06-06 15:40:48'),(46,6,NULL,NULL,41016,17,54,'PROFESSIONAL','[{\"key\": \"professional_1\", \"note\": \"入口绵密气泡在舌尖循序绽放，细碎碳酸勾勒出柔和的酒体触感；焦糖蜜甜作为基底，天然果酸精准中和甜腻，中段香草绵润与辛香层层铺开，收尾可乐果带来一丝清雅微苦\", \"label\": \"香气\", \"score\": 6, \"maxScore\": 12, \"notePrompt\": \"描述香气强度、干净度和主要香气来源。\"}, {\"key\": \"professional_2\", \"note\": null, \"label\": \"外观\", \"score\": 2, \"maxScore\": 3, \"notePrompt\": \"描述颜色、清澈度、泡沫和持久性。\"}, {\"key\": \"professional_3\", \"note\": null, \"label\": \"味道\", \"score\": 14, \"maxScore\": 20, \"notePrompt\": \"描述甜苦酸平衡、风味层次和缺陷。\"}, {\"key\": \"professional_4\", \"note\": null, \"label\": \"口感\", \"score\": 4, \"maxScore\": 5, \"notePrompt\": \"描述酒体、杀口感、顺滑度和余味。\"}, {\"key\": \"professional_5\", \"note\": null, \"label\": \"整体印象\", \"score\": 7, \"maxScore\": 10, \"notePrompt\": \"汇总整体表现、完成度和改进建议。\"}]',33.00,'香气：入口绵密气泡在舌尖循序绽放，细碎碳酸勾勒出柔和的酒体触感；焦糖蜜甜作为基底，天然果酸精准中和甜腻，中段香草绵润与辛香层层铺开，收尾可乐果带来一丝清雅微苦',0,0,NULL,NULL,0,'2026-06-06 15:45:42','2026-06-06 15:45:42'),(47,6,NULL,NULL,41016,18,55,'PROFESSIONAL','[{\"key\": \"professional_1\", \"note\": \"入口绵密气泡在舌尖循序绽放，细碎碳酸勾勒出柔和的酒体触感；焦糖蜜甜作为基底，天然果酸精准中和甜腻，中段香草绵润与辛香层层铺开，收尾可乐果带来一丝清雅微苦\", \"label\": \"香气\", \"score\": 6, \"maxScore\": 12, \"notePrompt\": \"描述香气强度、干净度和主要香气来源。\"}, {\"key\": \"professional_2\", \"note\": null, \"label\": \"外观\", \"score\": 2, \"maxScore\": 3, \"notePrompt\": \"描述颜色、清澈度、泡沫和持久性。\"}, {\"key\": \"professional_3\", \"note\": null, \"label\": \"味道\", \"score\": 11, \"maxScore\": 20, \"notePrompt\": \"描述甜苦酸平衡、风味层次和缺陷。\"}, {\"key\": \"professional_4\", \"note\": null, \"label\": \"口感\", \"score\": 3, \"maxScore\": 5, \"notePrompt\": \"描述酒体、杀口感、顺滑度和余味。\"}, {\"key\": \"professional_5\", \"note\": null, \"label\": \"整体印象\", \"score\": 7, \"maxScore\": 10, \"notePrompt\": \"汇总整体表现、完成度和改进建议。\"}]',29.00,'香气：入口绵密气泡在舌尖循序绽放，细碎碳酸勾勒出柔和的酒体触感；焦糖蜜甜作为基底，天然果酸精准中和甜腻，中段香草绵润与辛香层层铺开，收尾可乐果带来一丝清雅微苦',0,0,NULL,NULL,0,'2026-06-06 15:46:44','2026-06-06 15:46:44'),(48,6,NULL,NULL,41014,20,52,'PROFESSIONAL','[{\"key\": \"professional_1\", \"note\": \"深邃透亮的琥珀棕褐原液，逆光可见通透赤棕光泽，酒体饱满澄澈；倾入高脚杯瞬间涌起绵密乳白泡沫，酒花细密绵长、挂杯持久，气泡缓缓匀速升腾，兼具陈年蒸馏酒的视觉质感。\", \"label\": \"香气\", \"score\": 6, \"maxScore\": 12, \"notePrompt\": \"描述香气强度、干净度和主要香气来源。\"}, {\"key\": \"professional_2\", \"note\": null, \"label\": \"外观\", \"score\": 2, \"maxScore\": 3, \"notePrompt\": \"描述颜色、清澈度、泡沫和持久性。\"}, {\"key\": \"professional_3\", \"note\": null, \"label\": \"味道\", \"score\": 13, \"maxScore\": 20, \"notePrompt\": \"描述甜苦酸平衡、风味层次和缺陷。\"}, {\"key\": \"professional_4\", \"note\": null, \"label\": \"口感\", \"score\": 3, \"maxScore\": 5, \"notePrompt\": \"描述酒体、杀口感、顺滑度和余味。\"}, {\"key\": \"professional_5\", \"note\": null, \"label\": \"整体印象\", \"score\": 6, \"maxScore\": 10, \"notePrompt\": \"汇总整体表现、完成度和改进建议。\"}]',30.00,'香气：深邃透亮的琥珀棕褐原液，逆光可见通透赤棕光泽，酒体饱满澄澈；倾入高脚杯瞬间涌起绵密乳白泡沫，酒花细密绵长、挂杯持久，气泡缓缓匀速升腾，兼具陈年蒸馏酒的视觉质感。',0,0,NULL,NULL,0,'2026-06-06 16:00:27','2026-06-06 16:00:27'),(49,6,NULL,NULL,41015,20,52,'PROFESSIONAL','[{\"key\": \"professional_1\", \"note\": \"深邃透亮的琥珀棕褐原液，逆光可见通透赤棕光泽，酒体饱满澄澈；倾入高脚杯瞬间涌起绵密乳白泡沫，酒花细密绵长、挂杯持久，气泡缓缓匀速升腾，兼具陈年蒸馏酒的视觉质感。\", \"label\": \"香气\", \"score\": 7, \"maxScore\": 12, \"notePrompt\": \"描述香气强度、干净度和主要香气来源。\"}, {\"key\": \"professional_2\", \"note\": null, \"label\": \"外观\", \"score\": 2, \"maxScore\": 3, \"notePrompt\": \"描述颜色、清澈度、泡沫和持久性。\"}, {\"key\": \"professional_3\", \"note\": null, \"label\": \"味道\", \"score\": 12, \"maxScore\": 20, \"notePrompt\": \"描述甜苦酸平衡、风味层次和缺陷。\"}, {\"key\": \"professional_4\", \"note\": null, \"label\": \"口感\", \"score\": 3, \"maxScore\": 5, \"notePrompt\": \"描述酒体、杀口感、顺滑度和余味。\"}, {\"key\": \"professional_5\", \"note\": null, \"label\": \"整体印象\", \"score\": 6, \"maxScore\": 10, \"notePrompt\": \"汇总整体表现、完成度和改进建议。\"}]',30.00,'香气：深邃透亮的琥珀棕褐原液，逆光可见通透赤棕光泽，酒体饱满澄澈；倾入高脚杯瞬间涌起绵密乳白泡沫，酒花细密绵长、挂杯持久，气泡缓缓匀速升腾，兼具陈年蒸馏酒的视觉质感。',0,0,NULL,NULL,0,'2026-06-06 16:00:36','2026-06-06 16:00:36'),(50,6,NULL,NULL,41013,20,52,'PROFESSIONAL','[{\"key\": \"professional_1\", \"note\": null, \"label\": \"香气\", \"score\": 8, \"maxScore\": 12, \"notePrompt\": \"描述香气强度、干净度和主要香气来源。\"}, {\"key\": \"professional_2\", \"note\": null, \"label\": \"外观\", \"score\": 2, \"maxScore\": 3, \"notePrompt\": \"描述颜色、清澈度、泡沫和持久性。\"}, {\"key\": \"professional_3\", \"note\": null, \"label\": \"味道\", \"score\": 13, \"maxScore\": 20, \"notePrompt\": \"描述甜苦酸平衡、风味层次和缺陷。\"}, {\"key\": \"professional_4\", \"note\": \"深邃透亮的琥珀棕褐原液，逆光可见通透赤棕光泽，酒体饱满澄澈；倾入高脚杯瞬间涌起绵密乳白泡沫，酒花细密绵长、挂杯持久，气泡缓缓匀速升腾，兼具陈年蒸馏酒的视觉质感。\", \"label\": \"口感\", \"score\": 3, \"maxScore\": 5, \"notePrompt\": \"描述酒体、杀口感、顺滑度和余味。\"}, {\"key\": \"professional_5\", \"note\": null, \"label\": \"整体印象\", \"score\": 5, \"maxScore\": 10, \"notePrompt\": \"汇总整体表现、完成度和改进建议。\"}]',31.00,'口感：深邃透亮的琥珀棕褐原液，逆光可见通透赤棕光泽，酒体饱满澄澈；倾入高脚杯瞬间涌起绵密乳白泡沫，酒花细密绵长、挂杯持久，气泡缓缓匀速升腾，兼具陈年蒸馏酒的视觉质感。',0,0,NULL,NULL,0,'2026-06-06 16:00:46','2026-06-06 16:00:46'),(51,6,NULL,NULL,41011,20,52,'PROFESSIONAL','[{\"key\": \"professional_1\", \"note\": \"深邃透亮的琥珀棕褐原液，逆光可见通透赤棕光泽，酒体饱满澄澈；倾入高脚杯瞬间涌起绵密乳白泡沫，酒花细密绵长、挂杯持久，气泡缓缓匀速升腾，兼具陈年蒸馏酒的视觉质感。\", \"label\": \"香气\", \"score\": 6, \"maxScore\": 12, \"notePrompt\": \"描述香气强度、干净度和主要香气来源。\"}, {\"key\": \"professional_2\", \"note\": null, \"label\": \"外观\", \"score\": 2, \"maxScore\": 3, \"notePrompt\": \"描述颜色、清澈度、泡沫和持久性。\"}, {\"key\": \"professional_3\", \"note\": null, \"label\": \"味道\", \"score\": 12, \"maxScore\": 20, \"notePrompt\": \"描述甜苦酸平衡、风味层次和缺陷。\"}, {\"key\": \"professional_4\", \"note\": null, \"label\": \"口感\", \"score\": 3, \"maxScore\": 5, \"notePrompt\": \"描述酒体、杀口感、顺滑度和余味。\"}, {\"key\": \"professional_5\", \"note\": null, \"label\": \"整体印象\", \"score\": 6, \"maxScore\": 10, \"notePrompt\": \"汇总整体表现、完成度和改进建议。\"}]',29.00,'香气：深邃透亮的琥珀棕褐原液，逆光可见通透赤棕光泽，酒体饱满澄澈；倾入高脚杯瞬间涌起绵密乳白泡沫，酒花细密绵长、挂杯持久，气泡缓缓匀速升腾，兼具陈年蒸馏酒的视觉质感。',0,0,NULL,NULL,0,'2026-06-06 16:00:57','2026-06-06 16:00:57'),(52,6,NULL,NULL,41014,19,51,'CROSS','[{\"key\": \"cross_1\", \"note\": \"深邃透亮的琥珀棕褐原液，逆光可见通透赤棕光泽，酒体饱满澄澈；倾入高脚杯瞬间涌起绵密乳白泡沫，酒花细密绵长、挂杯持久，气泡缓缓匀速升腾，兼具陈年蒸馏酒的视觉质感。\", \"label\": \"整体感受\", \"score\": 9, \"maxScore\": 20, \"notePrompt\": \"描述第一印象、愉悦度和整体完成度。\"}, {\"key\": \"cross_2\", \"note\": null, \"label\": \"适饮性\", \"score\": 12, \"maxScore\": 20, \"notePrompt\": \"描述是否易饮、是否愿意继续饮用。\"}, {\"key\": \"cross_3\", \"note\": null, \"label\": \"记忆点\", \"score\": 7, \"maxScore\": 10, \"notePrompt\": \"描述最容易被记住的风味或体验。\"}]',28.00,'整体感受：深邃透亮的琥珀棕褐原液，逆光可见通透赤棕光泽，酒体饱满澄澈；倾入高脚杯瞬间涌起绵密乳白泡沫，酒花细密绵长、挂杯持久，气泡缓缓匀速升腾，兼具陈年蒸馏酒的视觉质感。',0,0,NULL,NULL,0,'2026-06-06 16:01:48','2026-06-06 16:01:48'),(53,6,NULL,NULL,41015,19,51,'CROSS','[{\"key\": \"cross_1\", \"note\": \"深邃透亮的琥珀棕褐原液，逆光可见通透赤棕光泽，酒体饱满澄澈；倾入高脚杯瞬间涌起绵密乳白泡沫，酒花细密绵长、挂杯持久，气泡缓缓匀速升腾，兼具陈年蒸馏酒的视觉质感。\", \"label\": \"整体感受\", \"score\": 13, \"maxScore\": 20, \"notePrompt\": \"描述第一印象、愉悦度和整体完成度。\"}, {\"key\": \"cross_2\", \"note\": null, \"label\": \"适饮性\", \"score\": 11, \"maxScore\": 20, \"notePrompt\": \"描述是否易饮、是否愿意继续饮用。\"}, {\"key\": \"cross_3\", \"note\": null, \"label\": \"记忆点\", \"score\": 6, \"maxScore\": 10, \"notePrompt\": \"描述最容易被记住的风味或体验。\"}]',30.00,'整体感受：深邃透亮的琥珀棕褐原液，逆光可见通透赤棕光泽，酒体饱满澄澈；倾入高脚杯瞬间涌起绵密乳白泡沫，酒花细密绵长、挂杯持久，气泡缓缓匀速升腾，兼具陈年蒸馏酒的视觉质感。',0,0,NULL,NULL,0,'2026-06-06 16:01:57','2026-06-06 16:01:57'),(54,6,NULL,NULL,41013,19,51,'CROSS','[{\"key\": \"cross_1\", \"note\": \"深邃透亮的琥珀棕褐原液，逆光可见通透赤棕光泽，酒体饱满澄澈；倾入高脚杯瞬间涌起绵密乳白泡沫，酒花细密绵长、挂杯持久，气泡缓缓匀速升腾，兼具陈年蒸馏酒的视觉质感。\", \"label\": \"整体感受\", \"score\": 11, \"maxScore\": 20, \"notePrompt\": \"描述第一印象、愉悦度和整体完成度。\"}, {\"key\": \"cross_2\", \"note\": null, \"label\": \"适饮性\", \"score\": 13, \"maxScore\": 20, \"notePrompt\": \"描述是否易饮、是否愿意继续饮用。\"}, {\"key\": \"cross_3\", \"note\": null, \"label\": \"记忆点\", \"score\": 6, \"maxScore\": 10, \"notePrompt\": \"描述最容易被记住的风味或体验。\"}]',30.00,'整体感受：深邃透亮的琥珀棕褐原液，逆光可见通透赤棕光泽，酒体饱满澄澈；倾入高脚杯瞬间涌起绵密乳白泡沫，酒花细密绵长、挂杯持久，气泡缓缓匀速升腾，兼具陈年蒸馏酒的视觉质感。',0,0,NULL,NULL,0,'2026-06-06 16:02:03','2026-06-06 16:02:03'),(55,6,NULL,NULL,41011,19,51,'CROSS','[{\"key\": \"cross_1\", \"note\": \"深邃透亮的琥珀棕褐原液，逆光可见通透赤棕光泽，酒体饱满澄澈；倾入高脚杯瞬间涌起绵密乳白泡沫，酒花细密绵长、挂杯持久，气泡缓缓匀速升腾，兼具陈年蒸馏酒的视觉质感。\", \"label\": \"整体感受\", \"score\": 12, \"maxScore\": 20, \"notePrompt\": \"描述第一印象、愉悦度和整体完成度。\"}, {\"key\": \"cross_2\", \"note\": null, \"label\": \"适饮性\", \"score\": 12, \"maxScore\": 20, \"notePrompt\": \"描述是否易饮、是否愿意继续饮用。\"}, {\"key\": \"cross_3\", \"note\": null, \"label\": \"记忆点\", \"score\": 6, \"maxScore\": 10, \"notePrompt\": \"描述最容易被记住的风味或体验。\"}]',30.00,'整体感受：深邃透亮的琥珀棕褐原液，逆光可见通透赤棕光泽，酒体饱满澄澈；倾入高脚杯瞬间涌起绵密乳白泡沫，酒花细密绵长、挂杯持久，气泡缓缓匀速升腾，兼具陈年蒸馏酒的视觉质感。',0,0,NULL,NULL,0,'2026-06-06 16:02:10','2026-06-06 16:02:10'),(56,6,NULL,NULL,41014,21,53,'CAPTAIN','[{\"key\": \"captain_1\", \"note\": \"入口绵密气泡在舌尖循序绽放，细碎碳酸勾勒出柔和的酒体触感；焦糖蜜甜作为基底，天然果酸精准中和甜腻，中段香草绵润与辛香层层铺开，收尾可乐果带来一丝清雅微苦，完美制衡整支风味，甜、酸、辛、苦四维平衡，酒体醇厚顺滑，落喉后草本焦糖回甘悠长，无齁甜滞喉感。\", \"label\": \"共识评分\", \"score\": 32, \"maxScore\": 50, \"notePrompt\": \"桌长讨论后填写独立共识分。\"}]',32.00,'入口绵密气泡在舌尖循序绽放，细碎碳酸勾勒出柔和的酒体触感；焦糖蜜甜作为基底，天然果酸精准中和甜腻，中段香草绵润与辛香层层铺开，收尾可乐果带来一丝清雅微苦，完美制衡整支风味，甜、酸、辛、苦四维平衡，酒体醇厚顺滑，落喉后草本焦糖回甘悠长，无齁甜滞喉感。',1,1,32.00,NULL,0,'2026-06-06 16:05:29','2026-06-06 16:05:29'),(57,6,NULL,NULL,41015,21,53,'CAPTAIN','[{\"key\": \"captain_1\", \"note\": \"入口绵密气泡在舌尖循序绽放，细碎碳酸勾勒出柔和的酒体触感；焦糖蜜甜作为基底，天然果酸精准中和甜腻，中段香草绵润与辛香层层铺开，收尾可乐果带来一丝清雅微苦，完美制衡整支风味，甜、酸、辛、苦四维平衡，酒体醇厚顺滑，落喉后草本焦糖回甘悠长，无齁甜滞喉感。\", \"label\": \"共识评分\", \"score\": 20, \"maxScore\": 50, \"notePrompt\": \"桌长讨论后填写独立共识分。\"}]',20.00,'入口绵密气泡在舌尖循序绽放，细碎碳酸勾勒出柔和的酒体触感；焦糖蜜甜作为基底，天然果酸精准中和甜腻，中段香草绵润与辛香层层铺开，收尾可乐果带来一丝清雅微苦，完美制衡整支风味，甜、酸、辛、苦四维平衡，酒体醇厚顺滑，落喉后草本焦糖回甘悠长，无齁甜滞喉感。',1,1,20.00,NULL,0,'2026-06-06 16:05:43','2026-06-06 16:05:43'),(58,6,NULL,NULL,41013,21,53,'CAPTAIN','[{\"key\": \"captain_1\", \"note\": \"入口绵密气泡在舌尖循序绽放，细碎碳酸勾勒出柔和的酒体触感；焦糖蜜甜作为基底，天然果酸精准中和甜腻，中段香草绵润与辛香层层铺开，收尾可乐果带来一丝清雅微苦，完美制衡整支风味，甜、酸、辛、苦四维平衡，酒体醇厚顺滑，落喉后草本焦糖回甘悠长，无齁甜滞喉感。\", \"label\": \"共识评分\", \"score\": 50, \"maxScore\": 50, \"notePrompt\": \"桌长讨论后填写独立共识分。\"}]',50.00,'入口绵密气泡在舌尖循序绽放，细碎碳酸勾勒出柔和的酒体触感；焦糖蜜甜作为基底，天然果酸精准中和甜腻，中段香草绵润与辛香层层铺开，收尾可乐果带来一丝清雅微苦，完美制衡整支风味，甜、酸、辛、苦四维平衡，酒体醇厚顺滑，落喉后草本焦糖回甘悠长，无齁甜滞喉感。',1,1,50.00,NULL,0,'2026-06-06 16:05:52','2026-06-06 16:05:52'),(59,6,NULL,NULL,41011,21,53,'CAPTAIN','[{\"key\": \"captain_1\", \"note\": \"入口绵密气泡在舌尖循序绽放，细碎碳酸勾勒出柔和的酒体触感；焦糖蜜甜作为基底，天然果酸精准中和甜腻，中段香草绵润与辛香层层铺开，收尾可乐果带来一丝清雅微苦，完美制衡整支风味，甜、酸、辛、苦四维平衡，酒体醇厚顺滑，落喉后草本焦糖回甘悠长，无齁甜滞喉感。\", \"label\": \"共识评分\", \"score\": 20, \"maxScore\": 50, \"notePrompt\": \"桌长讨论后填写独立共识分。\"}]',20.00,'入口绵密气泡在舌尖循序绽放，细碎碳酸勾勒出柔和的酒体触感；焦糖蜜甜作为基底，天然果酸精准中和甜腻，中段香草绵润与辛香层层铺开，收尾可乐果带来一丝清雅微苦，完美制衡整支风味，甜、酸、辛、苦四维平衡，酒体醇厚顺滑，落喉后草本焦糖回甘悠长，无齁甜滞喉感。',1,0,20.00,NULL,0,'2026-06-06 16:06:02','2026-06-06 16:06:02'),(60,6,NULL,NULL,41016,18,55,'CAPTAIN','[{\"key\": \"captain_1\", \"note\": \"前调：烘烤焦糖的焦蜜甜香率先迸发，辅以新鲜橙柠果皮的鲜活清冽果香，灵动通透；中调：马达加斯加香草奶油气韵缓缓舒展，肉桂与丁香内敛温润辛香隐于香韵深处；尾调：可乐果独有的淡雅草本微苦徐徐浮现，细碎烟熏焦糖余韵缠绕，香气立体富有递进感。\", \"label\": \"共识评分\", \"score\": 31, \"maxScore\": 50, \"notePrompt\": \"桌长讨论后填写独立共识分。\"}]',31.00,'前调：烘烤焦糖的焦蜜甜香率先迸发，辅以新鲜橙柠果皮的鲜活清冽果香，灵动通透；中调：马达加斯加香草奶油气韵缓缓舒展，肉桂与丁香内敛温润辛香隐于香韵深处；尾调：可乐果独有的淡雅草本微苦徐徐浮现，细碎烟熏焦糖余韵缠绕，香气立体富有递进感。',1,1,31.00,NULL,0,'2026-06-06 16:09:56','2026-06-06 16:09:56'),(61,7,NULL,NULL,41024,21,69,'PROFESSIONAL','[{\"key\": \"professional_1\", \"note\": \"香气强度中等偏高，干净度极佳，无任何杂味。主调是鲜明的酒花带来的柑橘、荔枝与松木香，底层铺着清雅的麦芽甜香和微微的硫味，层次清晰。\", \"label\": \"香气\", \"score\": 4, \"maxScore\": 12, \"notePrompt\": \"描述香气强度、干净度和主要香气来源。\"}, {\"key\": \"professional_2\", \"note\": \"酒液呈淡金黄色，晶莹透亮。洁白泡沫如奶油般细腻，升腾感强，挂杯持久。\", \"label\": \"外观\", \"score\": 2, \"maxScore\": 3, \"notePrompt\": \"描述颜色、清澈度、泡沫和持久性。\"}, {\"key\": \"professional_3\", \"note\": null, \"label\": \"味道\", \"score\": 9, \"maxScore\": 20, \"notePrompt\": \"描述甜苦酸平衡、风味层次和缺陷。\"}, {\"key\": \"professional_4\", \"note\": null, \"label\": \"口感\", \"score\": 3, \"maxScore\": 5, \"notePrompt\": \"描述酒体、杀口感、顺滑度和余味。\"}, {\"key\": \"professional_5\", \"note\": null, \"label\": \"整体印象\", \"score\": 6, \"maxScore\": 10, \"notePrompt\": \"汇总整体表现、完成度和改进建议。\"}]',24.00,'香气：香气强度中等偏高，干净度极佳，无任何杂味。主调是鲜明的酒花带来的柑橘、荔枝与松木香，底层铺着清雅的麦芽甜香和微微的硫味，层次清晰。\n外观：酒液呈淡金黄色，晶莹透亮。洁白泡沫如奶油般细腻，升腾感强，挂杯持久。',0,0,NULL,NULL,0,'2026-06-10 19:56:46','2026-06-10 19:56:46'),(62,7,NULL,NULL,41023,21,69,'PROFESSIONAL','[{\"key\": \"professional_1\", \"note\": \"香气强度中等偏高，干净度极佳，无任何杂味。主调是鲜明的酒花带来的柑橘、荔枝与松木香，底层铺着清雅的麦芽甜香和微微的硫味，层次清晰。\", \"label\": \"香气\", \"score\": 6, \"maxScore\": 12, \"notePrompt\": \"描述香气强度、干净度和主要香气来源。\"}, {\"key\": \"professional_2\", \"note\": null, \"label\": \"外观\", \"score\": 2, \"maxScore\": 3, \"notePrompt\": \"描述颜色、清澈度、泡沫和持久性。\"}, {\"key\": \"professional_3\", \"note\": null, \"label\": \"味道\", \"score\": 9, \"maxScore\": 20, \"notePrompt\": \"描述甜苦酸平衡、风味层次和缺陷。\"}, {\"key\": \"professional_4\", \"note\": null, \"label\": \"口感\", \"score\": 3, \"maxScore\": 5, \"notePrompt\": \"描述酒体、杀口感、顺滑度和余味。\"}, {\"key\": \"professional_5\", \"note\": null, \"label\": \"整体印象\", \"score\": 6, \"maxScore\": 10, \"notePrompt\": \"汇总整体表现、完成度和改进建议。\"}]',26.00,'香气：香气强度中等偏高，干净度极佳，无任何杂味。主调是鲜明的酒花带来的柑橘、荔枝与松木香，底层铺着清雅的麦芽甜香和微微的硫味，层次清晰。',0,0,NULL,NULL,0,'2026-06-10 20:06:30','2026-06-10 20:06:30'),(63,7,NULL,NULL,41024,19,67,'CROSS','[{\"key\": \"cross_1\", \"note\": \"完美展现了精酿拉格干净、通透的本质，又通过酒花提升了风味的饱满度，是教科书级的增味皮尔森。唯一可商榷的是，如果追求极致纯粹的古典皮尔森，它的酒花表达略显现代，但这恰恰是它的魅力所在。\", \"label\": \"整体感受\", \"score\": 11, \"maxScore\": 20, \"notePrompt\": \"描述第一印象、愉悦度和整体完成度。\"}, {\"key\": \"cross_2\", \"note\": null, \"label\": \"适饮性\", \"score\": 12, \"maxScore\": 20, \"notePrompt\": \"描述是否易饮、是否愿意继续饮用。\"}, {\"key\": \"cross_3\", \"note\": null, \"label\": \"记忆点\", \"score\": 6, \"maxScore\": 10, \"notePrompt\": \"描述最容易被记住的风味或体验。\"}]',29.00,'整体感受：完美展现了精酿拉格干净、通透的本质，又通过酒花提升了风味的饱满度，是教科书级的增味皮尔森。唯一可商榷的是，如果追求极致纯粹的古典皮尔森，它的酒花表达略显现代，但这恰恰是它的魅力所在。',0,0,NULL,NULL,0,'2026-06-10 20:07:06','2026-06-10 20:07:06'),(64,7,NULL,NULL,41023,19,67,'CROSS','[{\"key\": \"cross_1\", \"note\": \"完美展现了精酿拉格干净、通透的本质，又通过酒花提升了风味的饱满度，是教科书级的增味皮尔森。唯一可商榷的是，如果追求极致纯粹的古典皮尔森，它的酒花表达略显现代，但这恰恰是它的魅力所在。\", \"label\": \"整体感受\", \"score\": 14, \"maxScore\": 20, \"notePrompt\": \"描述第一印象、愉悦度和整体完成度。\"}, {\"key\": \"cross_2\", \"note\": null, \"label\": \"适饮性\", \"score\": 12, \"maxScore\": 20, \"notePrompt\": \"描述是否易饮、是否愿意继续饮用。\"}, {\"key\": \"cross_3\", \"note\": null, \"label\": \"记忆点\", \"score\": 6, \"maxScore\": 10, \"notePrompt\": \"描述最容易被记住的风味或体验。\"}]',32.00,'整体感受：完美展现了精酿拉格干净、通透的本质，又通过酒花提升了风味的饱满度，是教科书级的增味皮尔森。唯一可商榷的是，如果追求极致纯粹的古典皮尔森，它的酒花表达略显现代，但这恰恰是它的魅力所在。',0,0,NULL,NULL,0,'2026-06-10 20:07:12','2026-06-10 20:07:12'),(65,7,NULL,NULL,41020,19,67,'CROSS','[{\"key\": \"cross_1\", \"note\": \"完美展现了精酿拉格干净、通透的本质，又通过酒花提升了风味的饱满度，是教科书级的增味皮尔森。唯一可商榷的是，如果追求极致纯粹的古典皮尔森，它的酒花表达略显现代，但这恰恰是它的魅力所在。\", \"label\": \"整体感受\", \"score\": 12, \"maxScore\": 20, \"notePrompt\": \"描述第一印象、愉悦度和整体完成度。\"}, {\"key\": \"cross_2\", \"note\": null, \"label\": \"适饮性\", \"score\": 12, \"maxScore\": 20, \"notePrompt\": \"描述是否易饮、是否愿意继续饮用。\"}, {\"key\": \"cross_3\", \"note\": null, \"label\": \"记忆点\", \"score\": 7, \"maxScore\": 10, \"notePrompt\": \"描述最容易被记住的风味或体验。\"}]',31.00,'整体感受：完美展现了精酿拉格干净、通透的本质，又通过酒花提升了风味的饱满度，是教科书级的增味皮尔森。唯一可商榷的是，如果追求极致纯粹的古典皮尔森，它的酒花表达略显现代，但这恰恰是它的魅力所在。',0,0,NULL,NULL,0,'2026-06-10 20:07:18','2026-06-10 20:07:18'),(66,7,NULL,NULL,41025,19,67,'CROSS','[{\"key\": \"cross_1\", \"note\": null, \"label\": \"整体感受\", \"score\": 11, \"maxScore\": 20, \"notePrompt\": \"描述第一印象、愉悦度和整体完成度。\"}, {\"key\": \"cross_2\", \"note\": \"完美展现了精酿拉格干净、通透的本质，又通过酒花提升了风味的饱满度，是教科书级的增味皮尔森。唯一可商榷的是，如果追求极致纯粹的古典皮尔森，它的酒花表达略显现代，但这恰恰是它的魅力所在。\", \"label\": \"适饮性\", \"score\": 12, \"maxScore\": 20, \"notePrompt\": \"描述是否易饮、是否愿意继续饮用。\"}, {\"key\": \"cross_3\", \"note\": null, \"label\": \"记忆点\", \"score\": 6, \"maxScore\": 10, \"notePrompt\": \"描述最容易被记住的风味或体验。\"}]',29.00,'适饮性：完美展现了精酿拉格干净、通透的本质，又通过酒花提升了风味的饱满度，是教科书级的增味皮尔森。唯一可商榷的是，如果追求极致纯粹的古典皮尔森，它的酒花表达略显现代，但这恰恰是它的魅力所在。',0,0,NULL,NULL,0,'2026-06-10 20:07:25','2026-06-10 20:07:25'),(67,7,NULL,NULL,41024,20,68,'PROFESSIONAL','[{\"key\": \"professional_1\", \"note\": \"） 苦甜平衡做得极为精妙，麦芽的清甜刚托起酒体，就被干脆的苦味利落收尾。风味层次从谷物的微甜过渡到西柚皮般的酒花苦，收口回甘，没有丝毫粗糙感与杂味。\", \"label\": \"香气\", \"score\": 7, \"maxScore\": 12, \"notePrompt\": \"描述香气强度、干净度和主要香气来源。\"}, {\"key\": \"professional_2\", \"note\": null, \"label\": \"外观\", \"score\": 2, \"maxScore\": 3, \"notePrompt\": \"描述颜色、清澈度、泡沫和持久性。\"}, {\"key\": \"professional_3\", \"note\": null, \"label\": \"味道\", \"score\": 9, \"maxScore\": 20, \"notePrompt\": \"描述甜苦酸平衡、风味层次和缺陷。\"}, {\"key\": \"professional_4\", \"note\": null, \"label\": \"口感\", \"score\": 3, \"maxScore\": 5, \"notePrompt\": \"描述酒体、杀口感、顺滑度和余味。\"}, {\"key\": \"professional_5\", \"note\": null, \"label\": \"整体印象\", \"score\": 6, \"maxScore\": 10, \"notePrompt\": \"汇总整体表现、完成度和改进建议。\"}]',27.00,'香气：） 苦甜平衡做得极为精妙，麦芽的清甜刚托起酒体，就被干脆的苦味利落收尾。风味层次从谷物的微甜过渡到西柚皮般的酒花苦，收口回甘，没有丝毫粗糙感与杂味。',0,0,NULL,NULL,0,'2026-06-10 20:07:59','2026-06-10 20:07:59'),(68,7,NULL,NULL,41023,20,68,'PROFESSIONAL','[{\"key\": \"professional_1\", \"note\": \"） 苦甜平衡做得极为精妙，麦芽的清甜刚托起酒体，就被干脆的苦味利落收尾。风味层次从谷物的微甜过渡到西柚皮般的酒花苦，收口回甘，没有丝毫粗糙感与杂味。\", \"label\": \"香气\", \"score\": 8, \"maxScore\": 12, \"notePrompt\": \"描述香气强度、干净度和主要香气来源。\"}, {\"key\": \"professional_2\", \"note\": null, \"label\": \"外观\", \"score\": 2, \"maxScore\": 3, \"notePrompt\": \"描述颜色、清澈度、泡沫和持久性。\"}, {\"key\": \"professional_3\", \"note\": null, \"label\": \"味道\", \"score\": 13, \"maxScore\": 20, \"notePrompt\": \"描述甜苦酸平衡、风味层次和缺陷。\"}, {\"key\": \"professional_4\", \"note\": null, \"label\": \"口感\", \"score\": 3, \"maxScore\": 5, \"notePrompt\": \"描述酒体、杀口感、顺滑度和余味。\"}, {\"key\": \"professional_5\", \"note\": null, \"label\": \"整体印象\", \"score\": 7, \"maxScore\": 10, \"notePrompt\": \"汇总整体表现、完成度和改进建议。\"}]',33.00,'香气：） 苦甜平衡做得极为精妙，麦芽的清甜刚托起酒体，就被干脆的苦味利落收尾。风味层次从谷物的微甜过渡到西柚皮般的酒花苦，收口回甘，没有丝毫粗糙感与杂味。',0,0,NULL,NULL,0,'2026-06-10 20:08:06','2026-06-10 20:08:06'),(69,7,NULL,NULL,41020,20,68,'PROFESSIONAL','[{\"key\": \"professional_1\", \"note\": \"） 苦甜平衡做得极为精妙，麦芽的清甜刚托起酒体，就被干脆的苦味利落收尾。风味层次从谷物的微甜过渡到西柚皮般的酒花苦，收口回甘，没有丝毫粗糙感与杂味。\", \"label\": \"香气\", \"score\": 8, \"maxScore\": 12, \"notePrompt\": \"描述香气强度、干净度和主要香气来源。\"}, {\"key\": \"professional_2\", \"note\": null, \"label\": \"外观\", \"score\": 2, \"maxScore\": 3, \"notePrompt\": \"描述颜色、清澈度、泡沫和持久性。\"}, {\"key\": \"professional_3\", \"note\": null, \"label\": \"味道\", \"score\": 12, \"maxScore\": 20, \"notePrompt\": \"描述甜苦酸平衡、风味层次和缺陷。\"}, {\"key\": \"professional_4\", \"note\": null, \"label\": \"口感\", \"score\": 3, \"maxScore\": 5, \"notePrompt\": \"描述酒体、杀口感、顺滑度和余味。\"}, {\"key\": \"professional_5\", \"note\": null, \"label\": \"整体印象\", \"score\": 6, \"maxScore\": 10, \"notePrompt\": \"汇总整体表现、完成度和改进建议。\"}]',31.00,'香气：） 苦甜平衡做得极为精妙，麦芽的清甜刚托起酒体，就被干脆的苦味利落收尾。风味层次从谷物的微甜过渡到西柚皮般的酒花苦，收口回甘，没有丝毫粗糙感与杂味。',0,0,NULL,NULL,0,'2026-06-10 20:08:15','2026-06-10 20:08:15'),(70,7,NULL,NULL,41025,20,68,'PROFESSIONAL','[{\"key\": \"professional_1\", \"note\": \"） 苦甜平衡做得极为精妙，麦芽的清甜刚托起酒体，就被干脆的苦味利落收尾。风味层次从谷物的微甜过渡到西柚皮般的酒花苦，收口回甘，没有丝毫粗糙感与杂味。\", \"label\": \"香气\", \"score\": 7, \"maxScore\": 12, \"notePrompt\": \"描述香气强度、干净度和主要香气来源。\"}, {\"key\": \"professional_2\", \"note\": null, \"label\": \"外观\", \"score\": 2, \"maxScore\": 3, \"notePrompt\": \"描述颜色、清澈度、泡沫和持久性。\"}, {\"key\": \"professional_3\", \"note\": null, \"label\": \"味道\", \"score\": 12, \"maxScore\": 20, \"notePrompt\": \"描述甜苦酸平衡、风味层次和缺陷。\"}, {\"key\": \"professional_4\", \"note\": null, \"label\": \"口感\", \"score\": 3, \"maxScore\": 5, \"notePrompt\": \"描述酒体、杀口感、顺滑度和余味。\"}, {\"key\": \"professional_5\", \"note\": null, \"label\": \"整体印象\", \"score\": 7, \"maxScore\": 10, \"notePrompt\": \"汇总整体表现、完成度和改进建议。\"}]',31.00,'香气：） 苦甜平衡做得极为精妙，麦芽的清甜刚托起酒体，就被干脆的苦味利落收尾。风味层次从谷物的微甜过渡到西柚皮般的酒花苦，收口回甘，没有丝毫粗糙感与杂味。',0,0,NULL,NULL,0,'2026-06-10 20:08:23','2026-06-10 20:08:23'),(71,7,NULL,NULL,41024,21,69,'CAPTAIN','[{\"key\": \"captain_1\", \"note\": \"苦甜平衡做得极为精妙，麦芽的清甜刚托起酒体，就被干脆的苦味利落收尾。风味层次从谷物的微甜过渡到西柚皮般的酒花苦，收口回甘，没有丝毫粗糙感与杂味。\", \"label\": \"共识评分\", \"score\": 30, \"maxScore\": 50, \"notePrompt\": \"桌长讨论后填写独立共识分。\"}]',30.00,'苦甜平衡做得极为精妙，麦芽的清甜刚托起酒体，就被干脆的苦味利落收尾。风味层次从谷物的微甜过渡到西柚皮般的酒花苦，收口回甘，没有丝毫粗糙感与杂味。',1,1,30.00,NULL,0,'2026-06-10 20:12:09','2026-06-10 20:12:09'),(72,7,NULL,NULL,41020,21,69,'PROFESSIONAL','[{\"key\": \"professional_1\", \"note\": \"苦甜平衡做得极为精妙，麦芽的清甜刚托起酒体，就被干脆的苦味利落收尾。风味层次从谷物的微甜过渡到西柚皮般的酒花苦，收口回甘，没有丝毫粗糙感与杂味。\", \"label\": \"香气\", \"score\": 5, \"maxScore\": 12, \"notePrompt\": \"描述香气强度、干净度和主要香气来源。\"}, {\"key\": \"professional_2\", \"note\": null, \"label\": \"外观\", \"score\": 2, \"maxScore\": 3, \"notePrompt\": \"描述颜色、清澈度、泡沫和持久性。\"}, {\"key\": \"professional_3\", \"note\": null, \"label\": \"味道\", \"score\": 13, \"maxScore\": 20, \"notePrompt\": \"描述甜苦酸平衡、风味层次和缺陷。\"}, {\"key\": \"professional_4\", \"note\": null, \"label\": \"口感\", \"score\": 3, \"maxScore\": 5, \"notePrompt\": \"描述酒体、杀口感、顺滑度和余味。\"}, {\"key\": \"professional_5\", \"note\": null, \"label\": \"整体印象\", \"score\": 7, \"maxScore\": 10, \"notePrompt\": \"汇总整体表现、完成度和改进建议。\"}]',30.00,'香气：苦甜平衡做得极为精妙，麦芽的清甜刚托起酒体，就被干脆的苦味利落收尾。风味层次从谷物的微甜过渡到西柚皮般的酒花苦，收口回甘，没有丝毫粗糙感与杂味。',0,0,NULL,NULL,0,'2026-06-10 20:12:44','2026-06-10 20:12:44'),(73,7,NULL,NULL,41025,21,69,'PROFESSIONAL','[{\"key\": \"professional_1\", \"note\": \"苦甜平衡做得极为精妙，麦芽的清甜刚托起酒体，就被干脆的苦味利落收尾。风味层次从谷物的微甜过渡到西柚皮般的酒花苦，收口回甘，没有丝毫粗糙感与杂味。\", \"label\": \"香气\", \"score\": 8, \"maxScore\": 12, \"notePrompt\": \"描述香气强度、干净度和主要香气来源。\"}, {\"key\": \"professional_2\", \"note\": null, \"label\": \"外观\", \"score\": 2, \"maxScore\": 3, \"notePrompt\": \"描述颜色、清澈度、泡沫和持久性。\"}, {\"key\": \"professional_3\", \"note\": null, \"label\": \"味道\", \"score\": 13, \"maxScore\": 20, \"notePrompt\": \"描述甜苦酸平衡、风味层次和缺陷。\"}, {\"key\": \"professional_4\", \"note\": null, \"label\": \"口感\", \"score\": 3, \"maxScore\": 5, \"notePrompt\": \"描述酒体、杀口感、顺滑度和余味。\"}, {\"key\": \"professional_5\", \"note\": null, \"label\": \"整体印象\", \"score\": 7, \"maxScore\": 10, \"notePrompt\": \"汇总整体表现、完成度和改进建议。\"}]',33.00,'香气：苦甜平衡做得极为精妙，麦芽的清甜刚托起酒体，就被干脆的苦味利落收尾。风味层次从谷物的微甜过渡到西柚皮般的酒花苦，收口回甘，没有丝毫粗糙感与杂味。',0,0,NULL,NULL,0,'2026-06-10 20:12:53','2026-06-10 20:12:53'),(74,7,NULL,NULL,41023,21,69,'CAPTAIN','[{\"key\": \"captain_1\", \"note\": \"苦甜平衡做得极为精妙，麦芽的清甜刚托起酒体，就被干脆的苦味利落收尾。风味层次从谷物的微甜过渡到西柚皮般的酒花苦，收口回甘，没有丝毫粗糙感与杂味。\", \"label\": \"共识评分\", \"score\": 32, \"maxScore\": 50, \"notePrompt\": \"桌长讨论后填写独立共识分。\"}]',32.00,'苦甜平衡做得极为精妙，麦芽的清甜刚托起酒体，就被干脆的苦味利落收尾。风味层次从谷物的微甜过渡到西柚皮般的酒花苦，收口回甘，没有丝毫粗糙感与杂味。',1,1,32.00,NULL,0,'2026-06-10 20:13:01','2026-06-10 20:13:01'),(75,7,NULL,NULL,41020,21,69,'CAPTAIN','[{\"key\": \"captain_1\", \"note\": \"苦甜平衡做得极为精妙，麦芽的清甜刚托起酒体，就被干脆的苦味利落收尾。风味层次从谷物的微甜过渡到西柚皮般的酒花苦，收口回甘，没有丝毫粗糙感与杂味。\", \"label\": \"共识评分\", \"score\": 31, \"maxScore\": 50, \"notePrompt\": \"桌长讨论后填写独立共识分。\"}]',31.00,'苦甜平衡做得极为精妙，麦芽的清甜刚托起酒体，就被干脆的苦味利落收尾。风味层次从谷物的微甜过渡到西柚皮般的酒花苦，收口回甘，没有丝毫粗糙感与杂味。',1,1,31.00,NULL,0,'2026-06-10 20:13:16','2026-06-10 20:13:16'),(76,7,NULL,NULL,41025,21,69,'CAPTAIN','[{\"key\": \"captain_1\", \"note\": \"苦甜平衡做得极为精妙，麦芽的清甜刚托起酒体，就被干脆的苦味利落收尾。风味层次从谷物的微甜过渡到西柚皮般的酒花苦，收口回甘，没有丝毫粗糙感与杂味。\", \"label\": \"共识评分\", \"score\": 30, \"maxScore\": 50, \"notePrompt\": \"桌长讨论后填写独立共识分。\"}]',30.00,'苦甜平衡做得极为精妙，麦芽的清甜刚托起酒体，就被干脆的苦味利落收尾。风味层次从谷物的微甜过渡到西柚皮般的酒花苦，收口回甘，没有丝毫粗糙感与杂味。',1,0,30.00,NULL,0,'2026-06-10 20:13:34','2026-06-10 20:13:34'),(77,7,NULL,NULL,41026,18,70,'PROFESSIONAL','[{\"key\": \"professional_1\", \"note\": \"香气强度中等偏高，干净度极佳，无任何杂味。主调是鲜明的酒花带来的柑橘、荔枝与松木香，底层铺着清雅的麦芽甜香和微微的硫味，层次清晰。\", \"label\": \"香气\", \"score\": 6, \"maxScore\": 12, \"notePrompt\": \"描述香气强度、干净度和主要香气来源。\"}, {\"key\": \"professional_2\", \"note\": null, \"label\": \"外观\", \"score\": 2, \"maxScore\": 3, \"notePrompt\": \"描述颜色、清澈度、泡沫和持久性。\"}, {\"key\": \"professional_3\", \"note\": null, \"label\": \"味道\", \"score\": 12, \"maxScore\": 20, \"notePrompt\": \"描述甜苦酸平衡、风味层次和缺陷。\"}, {\"key\": \"professional_4\", \"note\": null, \"label\": \"口感\", \"score\": 3, \"maxScore\": 5, \"notePrompt\": \"描述酒体、杀口感、顺滑度和余味。\"}, {\"key\": \"professional_5\", \"note\": null, \"label\": \"整体印象\", \"score\": 6, \"maxScore\": 10, \"notePrompt\": \"汇总整体表现、完成度和改进建议。\"}]',29.00,'香气：香气强度中等偏高，干净度极佳，无任何杂味。主调是鲜明的酒花带来的柑橘、荔枝与松木香，底层铺着清雅的麦芽甜香和微微的硫味，层次清晰。',0,0,NULL,NULL,0,'2026-06-10 22:29:12','2026-06-10 22:29:12'),(78,7,NULL,NULL,41026,18,70,'CAPTAIN','[{\"key\": \"captain_1\", \"note\": \"香气强度中等偏高，干净度极佳，无任何杂味。主调是鲜明的酒花带来的柑橘、荔枝与松木香，底层铺着清雅的麦芽甜香和微微的硫味，层次清晰。\", \"label\": \"共识评分\", \"score\": 23, \"maxScore\": 50, \"notePrompt\": \"桌长讨论后填写独立共识分。\"}]',23.00,'香气强度中等偏高，干净度极佳，无任何杂味。主调是鲜明的酒花带来的柑橘、荔枝与松木香，底层铺着清雅的麦芽甜香和微微的硫味，层次清晰。',1,1,23.00,NULL,0,'2026-06-10 22:29:22','2026-06-10 22:29:22'),(251,481,193,342,42737,21,1672,'PROFESSIONAL','[{\"key\": \"professional_1\", \"note\": \"麦芽香气清淡微弱，酒花香气几乎无，洁净度尚可，缺乏美式淡拉格标志性谷物甜香，香气层次单薄。\", \"label\": \"香气\", \"score\": 6, \"maxScore\": 12, \"notePrompt\": \"描述香气强度、干净度和主要香气来源。\"}, {\"key\": \"professional_2\", \"note\": \"酒体浅金黄通透，泡沫绵密但消散较快，无悬浮物，色泽表现合格，泡沫持久度略有欠缺。\", \"label\": \"外观\", \"score\": 2, \"maxScore\": 3, \"notePrompt\": \"描述颜色、清澈度、泡沫和持久性。\"}, {\"key\": \"professional_3\", \"note\": \"麦芽甜淡，苦度极低，酸甜平衡平淡，风味单薄，无明显麦芽回甘，酒体风味辨识度不足。\", \"label\": \"味道\", \"score\": 12, \"maxScore\": 20, \"notePrompt\": \"描述甜苦酸平衡、风味层次和缺陷。\"}, {\"key\": \"professional_4\", \"note\": \"酒体中等偏轻，杀口感柔和顺滑，余味短促干净，收口稍显寡淡，缺少饱满感。\", \"label\": \"口感\", \"score\": 3, \"maxScore\": 5, \"notePrompt\": \"描述酒体、杀口感、顺滑度和余味。\"}, {\"key\": \"professional_5\", \"note\": \"酒体干净无杂味，基础风格达标，但香气、风味表现力偏弱，可提升麦芽与酒花风味浓度，增强酒体饱满度。\", \"label\": \"整体印象\", \"score\": 7, \"maxScore\": 10, \"notePrompt\": \"汇总整体表现、完成度和改进建议。\"}]',30.00,'香气：麦芽香气清淡微弱，酒花香气几乎无，洁净度尚可，缺乏美式淡拉格标志性谷物甜香，香气层次单薄。\n外观：酒体浅金黄通透，泡沫绵密但消散较快，无悬浮物，色泽表现合格，泡沫持久度略有欠缺。\n味道：麦芽甜淡，苦度极低，酸甜平衡平淡，风味单薄，无明显麦芽回甘，酒体风味辨识度不足。\n口感：酒体中等偏轻，杀口感柔和顺滑，余味短促干净，收口稍显寡淡，缺少饱满感。\n整体印象：酒体干净无杂味，基础风格达标，但香气、风味表现力偏弱，可提升麦芽与酒花风味浓度，增强酒体饱满度。',0,0,NULL,118,208,'2026-06-17 23:02:03','2026-06-17 23:02:03'),(252,481,193,342,42738,21,1672,'PROFESSIONAL','[{\"key\": \"professional_1\", \"note\": null, \"label\": \"香气\", \"score\": 5, \"maxScore\": 12, \"notePrompt\": \"描述香气强度、干净度和主要香气来源。\"}, {\"key\": \"professional_2\", \"note\": null, \"label\": \"外观\", \"score\": 2, \"maxScore\": 3, \"notePrompt\": \"描述颜色、清澈度、泡沫和持久性。\"}, {\"key\": \"professional_3\", \"note\": null, \"label\": \"味道\", \"score\": 13, \"maxScore\": 20, \"notePrompt\": \"描述甜苦酸平衡、风味层次和缺陷。\"}, {\"key\": \"professional_4\", \"note\": null, \"label\": \"口感\", \"score\": 3, \"maxScore\": 5, \"notePrompt\": \"描述酒体、杀口感、顺滑度和余味。\"}, {\"key\": \"professional_5\", \"note\": \"酒体干净无杂味，基础风格达标，但香气、风味表现力偏弱，可提升麦芽与酒花风味浓度，增强酒体饱满度。\", \"label\": \"整体印象\", \"score\": 7, \"maxScore\": 10, \"notePrompt\": \"汇总整体表现、完成度和改进建议。\"}]',30.00,'整体印象：酒体干净无杂味，基础风格达标，但香气、风味表现力偏弱，可提升麦芽与酒花风味浓度，增强酒体饱满度。',0,0,NULL,15,48,'2026-06-17 23:03:08','2026-06-17 23:03:08'),(262,481,193,342,42737,20,1671,'PROFESSIONAL','[{\"key\": \"professional_1\", \"note\": \"酒体干净无杂味，基础风格达标，但香气、风味表现力偏弱，可提升麦芽与酒花风味浓度，增强酒体饱满度。\", \"label\": \"香气\", \"score\": 6, \"maxScore\": 12, \"notePrompt\": \"描述香气强度、干净度和主要香气来源。\"}, {\"key\": \"professional_2\", \"note\": null, \"label\": \"外观\", \"score\": 2, \"maxScore\": 3, \"notePrompt\": \"描述颜色、清澈度、泡沫和持久性。\"}, {\"key\": \"professional_3\", \"note\": null, \"label\": \"味道\", \"score\": 14, \"maxScore\": 20, \"notePrompt\": \"描述甜苦酸平衡、风味层次和缺陷。\"}, {\"key\": \"professional_4\", \"note\": null, \"label\": \"口感\", \"score\": 3, \"maxScore\": 5, \"notePrompt\": \"描述酒体、杀口感、顺滑度和余味。\"}, {\"key\": \"professional_5\", \"note\": null, \"label\": \"整体印象\", \"score\": 7, \"maxScore\": 10, \"notePrompt\": \"汇总整体表现、完成度和改进建议。\"}]',32.00,'香气：酒体干净无杂味，基础风格达标，但香气、风味表现力偏弱，可提升麦芽与酒花风味浓度，增强酒体饱满度。',0,0,NULL,25,48,'2026-06-17 23:15:25','2026-06-17 23:15:25'),(263,481,193,342,42738,20,1671,'PROFESSIONAL','[{\"key\": \"professional_1\", \"note\": \"酒体干净无杂味，基础风格达标，但香气、风味表现力偏弱，可提升麦芽与酒花风味浓度，增强酒体饱满度。\", \"label\": \"香气\", \"score\": 6, \"maxScore\": 12, \"notePrompt\": \"描述香气强度、干净度和主要香气来源。\"}, {\"key\": \"professional_2\", \"note\": \"酒体干净无杂味，基础风格达标，但香气、风味表现力偏弱，可提升麦芽与酒花风味浓度，增强酒体饱满度。\", \"label\": \"外观\", \"score\": 1, \"maxScore\": 3, \"notePrompt\": \"描述颜色、清澈度、泡沫和持久性。\"}, {\"key\": \"professional_3\", \"note\": \"酒体干净无杂味，基础风格达标，但香气、风味表现力偏弱，可提升麦芽与酒花风味浓度，增强酒体饱满度。\", \"label\": \"味道\", \"score\": 13, \"maxScore\": 20, \"notePrompt\": \"描述甜苦酸平衡、风味层次和缺陷。\"}, {\"key\": \"professional_4\", \"note\": null, \"label\": \"口感\", \"score\": 0, \"maxScore\": 5, \"notePrompt\": \"描述酒体、杀口感、顺滑度和余味。\"}, {\"key\": \"professional_5\", \"note\": null, \"label\": \"整体印象\", \"score\": 0, \"maxScore\": 10, \"notePrompt\": \"汇总整体表现、完成度和改进建议。\"}]',20.00,'香气：酒体干净无杂味，基础风格达标，但香气、风味表现力偏弱，可提升麦芽与酒花风味浓度，增强酒体饱满度。\n外观：酒体干净无杂味，基础风格达标，但香气、风味表现力偏弱，可提升麦芽与酒花风味浓度，增强酒体饱满度。\n味道：酒体干净无杂味，基础风格达标，但香气、风味表现力偏弱，可提升麦芽与酒花风味浓度，增强酒体饱满度。',0,0,NULL,6,144,'2026-06-17 23:15:39','2026-06-17 23:15:39'),(264,481,193,342,42737,19,1670,'CROSS','[{\"key\": \"cross_1\", \"note\": \"酒体干净无杂味，基础风格达标，但香气、风味表现力偏弱，可提升麦芽与酒花风味浓度，增强酒体饱满度。11\", \"label\": \"整体感受\", \"score\": 9, \"maxScore\": 20, \"notePrompt\": \"描述第一印象、愉悦度和整体完成度。\"}, {\"key\": \"cross_2\", \"note\": null, \"label\": \"适饮性\", \"score\": 12, \"maxScore\": 20, \"notePrompt\": \"描述是否易饮、是否愿意继续饮用。\"}, {\"key\": \"cross_3\", \"note\": null, \"label\": \"记忆点\", \"score\": 6, \"maxScore\": 10, \"notePrompt\": \"描述最容易被记住的风味或体验。\"}]',27.00,'整体感受：酒体干净无杂味，基础风格达标，但香气、风味表现力偏弱，可提升麦芽与酒花风味浓度，增强酒体饱满度。11',0,0,NULL,10,50,'2026-06-17 23:16:58','2026-06-17 23:16:58'),(265,481,193,342,42738,19,1670,'CROSS','[{\"key\": \"cross_1\", \"note\": \"酒体干净无杂味，基础风格达标，但香气、风味表现力偏弱，可提升麦芽与酒花风味浓度，增强酒体饱满度。···\", \"label\": \"整体感受\", \"score\": 13, \"maxScore\": 20, \"notePrompt\": \"描述第一印象、愉悦度和整体完成度。\"}, {\"key\": \"cross_2\", \"note\": null, \"label\": \"适饮性\", \"score\": 13, \"maxScore\": 20, \"notePrompt\": \"描述是否易饮、是否愿意继续饮用。\"}, {\"key\": \"cross_3\", \"note\": null, \"label\": \"记忆点\", \"score\": 6, \"maxScore\": 10, \"notePrompt\": \"描述最容易被记住的风味或体验。\"}]',32.00,'整体感受：酒体干净无杂味，基础风格达标，但香气、风味表现力偏弱，可提升麦芽与酒花风味浓度，增强酒体饱满度。···',0,0,NULL,6,51,'2026-06-17 23:17:08','2026-06-17 23:17:08'),(266,481,193,342,42737,21,1672,'CAPTAIN','[{\"key\": \"captain_1\", \"note\": \"酒体干净无杂味，基础风格达标，但香气、风味表现力偏弱，可提升麦芽与酒花风味浓度，增强酒体饱满度。\", \"label\": \"共识评分\", \"score\": 30, \"maxScore\": 50, \"notePrompt\": \"桌长讨论后填写独立共识分。\"}]',30.00,'酒体干净无杂味，基础风格达标，但香气、风味表现力偏弱，可提升麦芽与酒花风味浓度，增强酒体饱满度。',1,1,30.00,NULL,48,'2026-06-17 23:17:59','2026-06-17 23:17:59'),(267,481,193,342,42738,21,1672,'CAPTAIN','[{\"key\": \"captain_1\", \"note\": \"酒体干净无杂味，基础风格达标，但香气、风味表现力偏弱，可提升麦芽与酒花风味浓度，增强酒体饱满度。\", \"label\": \"共识评分\", \"score\": 30, \"maxScore\": 50, \"notePrompt\": \"桌长讨论后填写独立共识分。\"}]',30.00,'酒体干净无杂味，基础风格达标，但香气、风味表现力偏弱，可提升麦芽与酒花风味浓度，增强酒体饱满度。',1,1,30.00,NULL,48,'2026-06-17 23:18:09','2026-06-17 23:18:09');
/*!40000 ALTER TABLE `score_record` ENABLE KEYS */;
UNLOCK TABLES;

--
-- Table structure for table `sms_code_log`
--

DROP TABLE IF EXISTS `sms_code_log`;
/*!40101 SET @saved_cs_client     = @@character_set_client */;
/*!50503 SET character_set_client = utf8mb4 */;
CREATE TABLE `sms_code_log` (
  `id` bigint NOT NULL AUTO_INCREMENT COMMENT '主键ID',
  `phone_hash` char(64) NOT NULL COMMENT '手机号哈希值',
  `masked_phone` varchar(20) NOT NULL COMMENT '脱敏手机号',
  `biz_type` varchar(32) NOT NULL COMMENT '短信业务类型',
  `status` varchar(16) NOT NULL COMMENT '发送状态',
  `create_time` datetime NOT NULL DEFAULT CURRENT_TIMESTAMP COMMENT '创建时间',
  PRIMARY KEY (`id`),
  KEY `idx_sms_code_log_phone_hash` (`phone_hash`)
) ENGINE=InnoDB AUTO_INCREMENT=12 DEFAULT CHARSET=utf8mb4 COLLATE=utf8mb4_0900_ai_ci COMMENT='短信验证码发送记录表';
/*!40101 SET character_set_client = @saved_cs_client */;

--
-- Dumping data for table `sms_code_log`
--

LOCK TABLES `sms_code_log` WRITE;
/*!40000 ALTER TABLE `sms_code_log` DISABLE KEYS */;
INSERT INTO `sms_code_log` VALUES (1,'6385e4022901a87e683712a96b2e0aa118d833f16406afeb15abb2b7e487bb20','138****0001','PORTAL_LOGIN','SENT','2026-06-03 15:11:26'),(2,'6385e4022901a87e683712a96b2e0aa118d833f16406afeb15abb2b7e487bb20','138****0001','PORTAL_LOGIN','SENT','2026-06-03 15:25:15'),(3,'1df85ad9d8754cf03b60c3db4375281d6ab6ada5be3d141015b7186c6a401ec8','138****0011','JUDGE_LOGIN','SENT','2026-06-03 22:41:41'),(4,'9f302d6c6600693d90bc98abb1d5bbe2eb3680f4a9ab29d1aae36036fff8e824','138****0012','JUDGE_LOGIN','SENT','2026-06-03 22:41:41'),(5,'6385e4022901a87e683712a96b2e0aa118d833f16406afeb15abb2b7e487bb20','138****0001','JUDGE_LOGIN','SENT','2026-06-03 22:41:42'),(6,'5a137eebf7640e8ef3fc1267803351f0a3933f4160d143a445eb1ae54b70397f','138****0002','JUDGE_LOGIN','SENT','2026-06-03 22:41:42'),(7,'6385e4022901a87e683712a96b2e0aa118d833f16406afeb15abb2b7e487bb20','138****0001','PORTAL_LOGIN','SENT','2026-06-05 17:22:02'),(8,'c5baddd8c494775a3c4cd1955c042f1ba95ab4828b82883cd2ea13a41a51f424','138****0020','JUDGE_LOGIN','SENT','2026-06-05 17:22:36'),(9,'d7269b7a3d62d2408f3422b4e2b4673d43b6a3947a5091a4597dc932cefa1ea2','139****0020','JUDGE_LOGIN','SENT','2026-06-05 17:23:25'),(10,'8665baf948f04abcfeedbf5a894f1c1eae62893f2da9bb4712426cfe4ff94433','139****0020','JUDGE_LOGIN','SENT','2026-06-05 17:23:47'),(11,'aac75805d0eab15c6e1c930a81f95a4660fa8d0c9b4cb9b234841a23cabb0699','139****0019','JUDGE_LOGIN','SENT','2026-06-05 17:24:12');
/*!40000 ALTER TABLE `sms_code_log` ENABLE KEYS */;
UNLOCK TABLES;

--
-- Table structure for table `style_category`
--

DROP TABLE IF EXISTS `style_category`;
/*!40101 SET @saved_cs_client     = @@character_set_client */;
/*!50503 SET character_set_client = utf8mb4 */;
CREATE TABLE `style_category` (
  `id` bigint NOT NULL AUTO_INCREMENT COMMENT '主键ID',
  `library_id` bigint NOT NULL COMMENT '所属风格库ID',
  `name` varchar(128) NOT NULL COMMENT '风格分类名称',
  `sort_order` int NOT NULL DEFAULT '0' COMMENT '展示排序',
  `create_time` datetime NOT NULL DEFAULT CURRENT_TIMESTAMP COMMENT '创建时间',
  PRIMARY KEY (`id`),
  UNIQUE KEY `uk_style_category_name` (`library_id`,`name`),
  KEY `idx_style_category_library` (`library_id`,`sort_order`)
) ENGINE=InnoDB AUTO_INCREMENT=200 DEFAULT CHARSET=utf8mb4 COLLATE=utf8mb4_0900_ai_ci COMMENT='啤酒风格分类表';
/*!40101 SET character_set_client = @saved_cs_client */;

--
-- Dumping data for table `style_category`
--

LOCK TABLES `style_category` WRITE;
/*!40000 ALTER TABLE `style_category` DISABLE KEYS */;
INSERT INTO `style_category` VALUES (49,2,'拉格专题',1,'2026-06-02 22:13:28'),(50,2,'特色增味',2,'2026-06-02 22:13:28'),(132,3,'1. STANDARD AMERICAN BEER',1,'2026-06-03 09:33:56'),(133,3,'2. INTERNATIONAL LAGER',2,'2026-06-03 09:33:56'),(134,3,'3. CZECH LAGER',3,'2026-06-03 09:33:56'),(135,3,'4. PALE MALTY EUROPEAN LAGER',4,'2026-06-03 09:33:56'),(136,3,'5. PALE BITTER EUROPEAN BEER',5,'2026-06-03 09:33:56'),(137,3,'6. AMBER MALTY EUROPEAN LAGER',6,'2026-06-03 09:33:56'),(138,3,'7. AMBER BITTER EUROPEAN BEER',7,'2026-06-03 09:33:56'),(139,3,'8. DARK EUROPEAN LAGER',8,'2026-06-03 09:33:56'),(140,3,'9. STRONG EUROPEAN BEER',9,'2026-06-03 09:33:56'),(141,3,'10. GERMAN WHEAT BEER',10,'2026-06-03 09:33:56'),(142,3,'11. BRITISH BITTER',11,'2026-06-03 09:33:56'),(143,3,'12. PALE COMMONWEALTH BEER',12,'2026-06-03 09:33:56'),(144,3,'13. BROWN BRITISH BEER',13,'2026-06-03 09:33:56'),(145,3,'14. SCOTTISH ALE',14,'2026-06-03 09:33:56'),(146,3,'15. IRISH BEER',15,'2026-06-03 09:33:56'),(147,3,'16. DARK BRITISH BEER',16,'2026-06-03 09:33:56'),(148,3,'17. STRONG BRITISH ALE',17,'2026-06-03 09:33:56'),(149,3,'18. PALE AMERICAN ALE',18,'2026-06-03 09:33:56'),(150,3,'19. AMBER AND BROWN AMERICAN BEER',19,'2026-06-03 09:33:56'),(151,3,'20. AMERICAN PORTER AND STOUT',20,'2026-06-03 09:33:56'),(152,3,'21. IPA',21,'2026-06-03 09:33:56'),(153,3,'22. STRONG AMERICAN ALE',22,'2026-06-03 09:33:56'),(154,3,'23. EUROPEAN SOUR ALE',23,'2026-06-03 09:33:56'),(155,3,'24. BELGIAN ALE',24,'2026-06-03 09:33:56'),(156,3,'25. STRONG BELGIAN ALE',25,'2026-06-03 09:33:56'),(157,3,'26. MONASTIC ALE',26,'2026-06-03 09:33:56'),(158,3,'27. HISTORICAL BEER',27,'2026-06-03 09:33:56'),(159,3,'28. AMERICAN WILD ALE',28,'2026-06-03 09:33:56'),(160,3,'29. FRUIT BEER',29,'2026-06-03 09:33:56'),(161,3,'30. SPICED BEER',30,'2026-06-03 09:33:56'),(162,3,'31. ALTERNATIVE FERMENTABLES BEER',31,'2026-06-03 09:33:56'),(163,3,'32. SMOKED BEER',32,'2026-06-03 09:33:56'),(164,3,'33. WOOD BEER',33,'2026-06-03 09:33:56'),(165,3,'34. SPECIALTY BEER',34,'2026-06-03 09:33:56'),(166,1,'1. 标准型美国啤酒',1,'2026-06-04 19:54:23'),(167,1,'2. 国际拉格',2,'2026-06-04 19:54:23'),(168,1,'3. 捷克拉格',3,'2026-06-04 19:54:23'),(169,1,'4. 浅色麦芽型欧洲拉格',4,'2026-06-04 19:54:23'),(170,1,'5. 浅色苦味型欧洲啤酒',5,'2026-06-04 19:54:23'),(171,1,'6. 琥珀色麦芽型欧洲拉格',6,'2026-06-04 19:54:23'),(172,1,'7. 琥珀色苦味型欧洲啤酒',7,'2026-06-04 19:54:23'),(173,1,'8. 深色欧洲拉格',8,'2026-06-04 19:54:23'),(174,1,'9. 高酒精度欧洲啤酒',9,'2026-06-04 19:54:23'),(175,1,'10. 德国小麦啤酒',10,'2026-06-04 19:54:23'),(176,1,'11. 英式苦啤',11,'2026-06-04 19:54:23'),(177,1,'12. 浅色英联邦啤酒',12,'2026-06-04 19:54:23'),(178,1,'13. 棕色英式啤酒',13,'2026-06-04 19:54:23'),(179,1,'14. 苏格兰艾尔',14,'2026-06-04 19:54:23'),(180,1,'15. 爱尔兰啤酒',15,'2026-06-04 19:54:23'),(181,1,'16. 深色英式啤酒',16,'2026-06-04 19:54:23'),(182,1,'17. 高酒精度英式艾尔',17,'2026-06-04 19:54:23'),(183,1,'18. 浅色美式艾尔',18,'2026-06-04 19:54:23'),(184,1,'19. 琥珀色与棕色美式啤酒',19,'2026-06-04 19:54:23'),(185,1,'20. 美式波特与世涛',20,'2026-06-04 19:54:23'),(186,1,'21. IPA',21,'2026-06-04 19:54:23'),(187,1,'22. 高酒精度美式艾尔',22,'2026-06-04 19:54:23'),(188,1,'23. 欧洲酸艾尔',23,'2026-06-04 19:54:23'),(189,1,'24. 比利时艾尔',24,'2026-06-04 19:54:23'),(190,1,'25. 高酒精度比利时艾尔',25,'2026-06-04 19:54:23'),(191,1,'26. 修道院艾尔',26,'2026-06-04 19:54:23'),(192,1,'27. 历史啤酒',27,'2026-06-04 19:54:23'),(193,1,'28. 美式野菌艾尔',28,'2026-06-04 19:54:23'),(194,1,'29. 水果啤酒',29,'2026-06-04 19:54:23'),(195,1,'30. 香料啤酒',30,'2026-06-04 19:54:23'),(196,1,'31. 替代发酵原料啤酒',31,'2026-06-04 19:54:23'),(197,1,'32. 烟熏啤酒',32,'2026-06-04 19:54:23'),(198,1,'33. 木材啤酒',33,'2026-06-04 19:54:23'),(199,1,'34. 特色啤酒',34,'2026-06-04 19:54:23');
/*!40000 ALTER TABLE `style_category` ENABLE KEYS */;
UNLOCK TABLES;

--
-- Table structure for table `style_item`
--

DROP TABLE IF EXISTS `style_item`;
/*!40101 SET @saved_cs_client     = @@character_set_client */;
/*!50503 SET character_set_client = utf8mb4 */;
CREATE TABLE `style_item` (
  `id` bigint NOT NULL AUTO_INCREMENT COMMENT '主键ID',
  `library_id` bigint NOT NULL COMMENT '所属风格库ID',
  `category_id` bigint DEFAULT NULL COMMENT '风格分类ID',
  `name` varchar(128) NOT NULL COMMENT '风格名称',
  `style_code` varchar(64) DEFAULT NULL COMMENT '风格编码',
  `description` varchar(500) DEFAULT NULL COMMENT '说明',
  `status` tinyint NOT NULL DEFAULT '1' COMMENT '风格启用状态',
  `sort_order` int NOT NULL DEFAULT '0' COMMENT '展示排序',
  `create_time` datetime NOT NULL DEFAULT CURRENT_TIMESTAMP COMMENT '创建时间',
  `update_time` datetime NOT NULL DEFAULT CURRENT_TIMESTAMP ON UPDATE CURRENT_TIMESTAMP COMMENT '更新时间',
  PRIMARY KEY (`id`),
  UNIQUE KEY `uk_style_item_name` (`library_id`,`name`),
  KEY `idx_style_item_library` (`library_id`,`sort_order`),
  KEY `idx_style_item_category` (`category_id`,`sort_order`)
) ENGINE=InnoDB AUTO_INCREMENT=653 DEFAULT CHARSET=utf8mb4 COLLATE=utf8mb4_0900_ai_ci COMMENT='啤酒风格条目表';
/*!40101 SET character_set_client = @saved_cs_client */;

--
-- Dumping data for table `style_item`
--

LOCK TABLES `style_item` WRITE;
/*!40000 ALTER TABLE `style_item` DISABLE KEYS */;
INSERT INTO `style_item` VALUES (155,2,49,'浅色拉格',NULL,NULL,1,1,'2026-06-02 22:13:28','2026-06-03 09:32:27'),(156,2,49,'深色拉格',NULL,NULL,1,2,'2026-06-02 22:13:28','2026-06-03 09:32:27'),(157,2,49,'创意拉格',NULL,NULL,1,3,'2026-06-02 22:13:28','2026-06-03 09:32:27'),(158,2,50,'水果酸啤',NULL,NULL,1,4,'2026-06-02 22:13:28','2026-06-03 09:32:27'),(159,2,50,'桶陈世涛',NULL,NULL,1,5,'2026-06-02 22:13:28','2026-06-03 09:32:27'),(161,2,50,'茶咖啡增味',NULL,NULL,1,6,'2026-06-02 22:13:28','2026-06-02 22:13:28'),(163,2,50,'实验啤酒',NULL,NULL,1,7,'2026-06-02 22:13:28','2026-06-03 09:32:27'),(421,3,132,'American Light Lager','1A',NULL,1,1,'2026-06-03 09:33:56','2026-06-03 09:33:56'),(422,3,132,'American Lager','1B',NULL,1,2,'2026-06-03 09:33:56','2026-06-03 09:33:56'),(423,3,132,'Cream Ale','1C',NULL,1,3,'2026-06-03 09:33:56','2026-06-03 09:33:56'),(424,3,132,'American Wheat Beer','1D',NULL,1,4,'2026-06-03 09:33:56','2026-06-03 09:33:56'),(425,3,133,'International Pale Lager','2A',NULL,1,5,'2026-06-03 09:33:56','2026-06-03 09:33:56'),(426,3,133,'International Amber Lager','2B',NULL,1,6,'2026-06-03 09:33:56','2026-06-03 09:33:56'),(427,3,133,'International Dark Lager','2C',NULL,1,7,'2026-06-03 09:33:56','2026-06-03 09:33:56'),(428,3,134,'Czech Pale Lager','3A',NULL,1,8,'2026-06-03 09:33:56','2026-06-03 09:33:56'),(429,3,134,'Czech Premium Pale Lager','3B',NULL,1,9,'2026-06-03 09:33:56','2026-06-03 09:33:56'),(430,3,134,'Czech Amber Lager','3C',NULL,1,10,'2026-06-03 09:33:56','2026-06-03 09:33:56'),(431,3,134,'Czech Dark Lager','3D',NULL,1,11,'2026-06-03 09:33:56','2026-06-03 09:33:56'),(432,3,135,'Munich Helles','4A',NULL,1,12,'2026-06-03 09:33:56','2026-06-03 09:33:56'),(433,3,135,'Festbier','4B',NULL,1,13,'2026-06-03 09:33:56','2026-06-03 09:33:56'),(434,3,135,'Helles Bock','4C',NULL,1,14,'2026-06-03 09:33:56','2026-06-03 09:33:56'),(435,3,136,'German Leichtbier','5A',NULL,1,15,'2026-06-03 09:33:56','2026-06-03 09:33:56'),(436,3,136,'Kölsch','5B',NULL,1,16,'2026-06-03 09:33:56','2026-06-03 09:33:56'),(437,3,136,'German Helles Exportbier','5C',NULL,1,17,'2026-06-03 09:33:56','2026-06-03 09:33:56'),(438,3,136,'German Pils','5D',NULL,1,18,'2026-06-03 09:33:56','2026-06-03 09:33:56'),(439,3,137,'Märzen','6A',NULL,1,19,'2026-06-03 09:33:56','2026-06-03 09:33:56'),(440,3,137,'Rauchbier','6B',NULL,1,20,'2026-06-03 09:33:56','2026-06-03 09:33:56'),(441,3,137,'Dunkles Bock','6C',NULL,1,21,'2026-06-03 09:33:56','2026-06-03 09:33:56'),(442,3,138,'Vienna Lager','7A',NULL,1,22,'2026-06-03 09:33:56','2026-06-03 09:33:56'),(443,3,138,'Altbier','7B',NULL,1,23,'2026-06-03 09:33:56','2026-06-03 09:33:56'),(444,3,139,'Munich Dunkel','8A',NULL,1,24,'2026-06-03 09:33:56','2026-06-03 09:33:56'),(445,3,139,'Schwarzbier','8B',NULL,1,25,'2026-06-03 09:33:56','2026-06-03 09:33:56'),(446,3,140,'Doppelbock','9A',NULL,1,26,'2026-06-03 09:33:56','2026-06-03 09:33:56'),(447,3,140,'Eisbock','9B',NULL,1,27,'2026-06-03 09:33:56','2026-06-03 09:33:56'),(448,3,140,'Baltic Porter','9C',NULL,1,28,'2026-06-03 09:33:56','2026-06-03 09:33:56'),(449,3,141,'Weissbier','10A',NULL,1,29,'2026-06-03 09:33:56','2026-06-03 09:33:56'),(450,3,141,'Dunkles Weissbier','10B',NULL,1,30,'2026-06-03 09:33:56','2026-06-03 09:33:56'),(451,3,141,'Weizenbock','10C',NULL,1,31,'2026-06-03 09:33:56','2026-06-03 09:33:56'),(452,3,142,'Ordinary Bitter','11A',NULL,1,32,'2026-06-03 09:33:56','2026-06-03 09:33:56'),(453,3,142,'Best Bitter','11B',NULL,1,33,'2026-06-03 09:33:56','2026-06-03 09:33:56'),(454,3,142,'Strong Bitter','11C',NULL,1,34,'2026-06-03 09:33:56','2026-06-03 09:33:56'),(455,3,143,'British Golden Ale','12A',NULL,1,35,'2026-06-03 09:33:56','2026-06-03 09:33:56'),(456,3,143,'Australian Sparkling Ale','12B',NULL,1,36,'2026-06-03 09:33:56','2026-06-03 09:33:56'),(457,3,143,'English IPA','12C',NULL,1,37,'2026-06-03 09:33:56','2026-06-03 09:33:56'),(458,3,144,'Dark Mild','13A',NULL,1,38,'2026-06-03 09:33:56','2026-06-03 09:33:56'),(459,3,144,'British Brown Ale','13B',NULL,1,39,'2026-06-03 09:33:56','2026-06-03 09:33:56'),(460,3,144,'English Porter','13C',NULL,1,40,'2026-06-03 09:33:56','2026-06-03 09:33:56'),(461,3,145,'Scottish Light','14A',NULL,1,41,'2026-06-03 09:33:56','2026-06-03 09:33:56'),(462,3,145,'Scottish Heavy','14B',NULL,1,42,'2026-06-03 09:33:56','2026-06-03 09:33:56'),(463,3,145,'Scottish Export','14C',NULL,1,43,'2026-06-03 09:33:56','2026-06-03 09:33:56'),(464,3,146,'Irish Red Ale','15A',NULL,1,44,'2026-06-03 09:33:56','2026-06-03 09:33:56'),(465,3,146,'Irish Stout','15B',NULL,1,45,'2026-06-03 09:33:56','2026-06-03 09:33:56'),(466,3,146,'Irish Extra Stout','15C',NULL,1,46,'2026-06-03 09:33:56','2026-06-03 09:33:56'),(467,3,147,'Sweet Stout','16A',NULL,1,47,'2026-06-03 09:33:56','2026-06-03 09:33:56'),(468,3,147,'Oatmeal Stout','16B',NULL,1,48,'2026-06-03 09:33:56','2026-06-03 09:33:56'),(469,3,147,'Tropical Stout','16C',NULL,1,49,'2026-06-03 09:33:56','2026-06-03 09:33:56'),(470,3,147,'Foreign Extra Stout','16D',NULL,1,50,'2026-06-03 09:33:56','2026-06-03 09:33:56'),(471,3,148,'British Strong Ale','17A',NULL,1,51,'2026-06-03 09:33:56','2026-06-03 09:33:56'),(472,3,148,'Old Ale','17B',NULL,1,52,'2026-06-03 09:33:56','2026-06-03 09:33:56'),(473,3,148,'Wee Heavy','17C',NULL,1,53,'2026-06-03 09:33:56','2026-06-03 09:33:56'),(474,3,148,'English Barleywine','17D',NULL,1,54,'2026-06-03 09:33:56','2026-06-03 09:33:56'),(475,3,149,'Blonde Ale','18A',NULL,1,55,'2026-06-03 09:33:56','2026-06-03 09:33:56'),(476,3,149,'American Pale Ale','18B',NULL,1,56,'2026-06-03 09:33:56','2026-06-03 09:33:56'),(477,3,150,'American Amber Ale','19A',NULL,1,57,'2026-06-03 09:33:56','2026-06-03 09:33:56'),(478,3,150,'California Common','19B',NULL,1,58,'2026-06-03 09:33:56','2026-06-03 09:33:56'),(479,3,150,'American Brown Ale','19C',NULL,1,59,'2026-06-03 09:33:56','2026-06-03 09:33:56'),(480,3,151,'American Porter','20A',NULL,1,60,'2026-06-03 09:33:56','2026-06-03 09:33:56'),(481,3,151,'American Stout','20B',NULL,1,61,'2026-06-03 09:33:56','2026-06-03 09:33:56'),(482,3,151,'Imperial Stout','20C',NULL,1,62,'2026-06-03 09:33:56','2026-06-03 09:33:56'),(483,3,152,'American IPA','21A',NULL,1,63,'2026-06-03 09:33:56','2026-06-03 09:33:56'),(484,3,152,'Specialty IPA','21B',NULL,1,64,'2026-06-03 09:33:56','2026-06-03 09:33:56'),(485,3,152,'Hazy IPA','21C',NULL,1,65,'2026-06-03 09:33:56','2026-06-03 09:33:56'),(486,3,153,'Double IPA','22A',NULL,1,66,'2026-06-03 09:33:56','2026-06-03 09:33:56'),(487,3,153,'American Strong Ale','22B',NULL,1,67,'2026-06-03 09:33:56','2026-06-03 09:33:56'),(488,3,153,'American Barleywine','22C',NULL,1,68,'2026-06-03 09:33:56','2026-06-03 09:33:56'),(489,3,153,'Wheatwine','22D',NULL,1,69,'2026-06-03 09:33:56','2026-06-03 09:33:56'),(490,3,154,'Berliner Weisse','23A',NULL,1,70,'2026-06-03 09:33:56','2026-06-03 09:33:56'),(491,3,154,'Flanders Red Ale','23B',NULL,1,71,'2026-06-03 09:33:56','2026-06-03 09:33:56'),(492,3,154,'Oud Bruin','23C',NULL,1,72,'2026-06-03 09:33:56','2026-06-03 09:33:56'),(493,3,154,'Lambic','23D',NULL,1,73,'2026-06-03 09:33:56','2026-06-03 09:33:56'),(494,3,154,'Gueuze','23E',NULL,1,74,'2026-06-03 09:33:56','2026-06-03 09:33:56'),(495,3,154,'Fruit Lambic','23F',NULL,1,75,'2026-06-03 09:33:56','2026-06-03 09:33:56'),(496,3,154,'Gose','23G',NULL,1,76,'2026-06-03 09:33:56','2026-06-03 09:33:56'),(497,3,155,'Witbier','24A',NULL,1,77,'2026-06-03 09:33:56','2026-06-03 09:33:56'),(498,3,155,'Belgian Pale Ale','24B',NULL,1,78,'2026-06-03 09:33:56','2026-06-03 09:33:56'),(499,3,155,'Bière de Garde','24C',NULL,1,79,'2026-06-03 09:33:56','2026-06-03 09:33:56'),(500,3,156,'Belgian Blond Ale','25A',NULL,1,80,'2026-06-03 09:33:56','2026-06-03 09:33:56'),(501,3,156,'Saison','25B',NULL,1,81,'2026-06-03 09:33:56','2026-06-03 09:33:56'),(502,3,156,'Belgian Golden Strong Ale','25C',NULL,1,82,'2026-06-03 09:33:56','2026-06-03 09:33:56'),(503,3,157,'Belgian Single','26A',NULL,1,83,'2026-06-03 09:33:56','2026-06-03 09:33:56'),(504,3,157,'Belgian Dubbel','26B',NULL,1,84,'2026-06-03 09:33:56','2026-06-03 09:33:56'),(505,3,157,'Belgian Tripel','26C',NULL,1,85,'2026-06-03 09:33:56','2026-06-03 09:33:56'),(506,3,157,'Belgian Dark Strong Ale','26D',NULL,1,86,'2026-06-03 09:33:56','2026-06-03 09:33:56'),(507,3,158,'Kellerbier','27A',NULL,1,87,'2026-06-03 09:33:56','2026-06-03 09:33:56'),(508,3,158,'Kentucky Common','27B',NULL,1,88,'2026-06-03 09:33:56','2026-06-03 09:33:56'),(509,3,158,'Lichtenhainer','27C',NULL,1,89,'2026-06-03 09:33:56','2026-06-03 09:33:56'),(510,3,158,'London Brown Ale','27D',NULL,1,90,'2026-06-03 09:33:56','2026-06-03 09:33:56'),(511,3,158,'Piwo Grodziskie','27E',NULL,1,91,'2026-06-03 09:33:56','2026-06-03 09:33:56'),(512,3,158,'Pre-Prohibition Lager','27F',NULL,1,92,'2026-06-03 09:33:56','2026-06-03 09:33:56'),(513,3,158,'Pre-Prohibition Porter','27G',NULL,1,93,'2026-06-03 09:33:56','2026-06-03 09:33:56'),(514,3,158,'Roggenbier','27H',NULL,1,94,'2026-06-03 09:33:56','2026-06-03 09:33:56'),(515,3,158,'Sahti','27I',NULL,1,95,'2026-06-03 09:33:56','2026-06-03 09:33:56'),(516,3,159,'Brett Beer','28A',NULL,1,96,'2026-06-03 09:33:56','2026-06-03 09:33:56'),(517,3,159,'Mixed-Fermentation Sour Beer','28B',NULL,1,97,'2026-06-03 09:33:56','2026-06-03 09:33:56'),(518,3,159,'Wild Specialty Beer','28C',NULL,1,98,'2026-06-03 09:33:56','2026-06-03 09:33:56'),(519,3,159,'Straight Sour Beer','28D',NULL,1,99,'2026-06-03 09:33:56','2026-06-03 09:33:56'),(520,3,160,'Fruit Beer','29A',NULL,1,100,'2026-06-03 09:33:56','2026-06-03 09:33:56'),(521,3,160,'Fruit and Spice Beer','29B',NULL,1,101,'2026-06-03 09:33:56','2026-06-03 09:33:56'),(522,3,160,'Specialty Fruit Beer','29C',NULL,1,102,'2026-06-03 09:33:56','2026-06-03 09:33:56'),(523,3,160,'Grape Ale','29D',NULL,1,103,'2026-06-03 09:33:56','2026-06-03 09:33:56'),(524,3,161,'Spice, Herb, or Vegetable Beer','30A',NULL,1,104,'2026-06-03 09:33:56','2026-06-03 09:33:56'),(525,3,161,'Autumn Seasonal Beer','30B',NULL,1,105,'2026-06-03 09:33:56','2026-06-03 09:33:56'),(526,3,161,'Winter Seasonal Beer','30C',NULL,1,106,'2026-06-03 09:33:56','2026-06-03 09:33:56'),(527,3,161,'Specialty Spice Beer','30D',NULL,1,107,'2026-06-03 09:33:56','2026-06-03 09:33:56'),(528,3,162,'Alternative Grain Beer','31A',NULL,1,108,'2026-06-03 09:33:56','2026-06-03 09:33:56'),(529,3,162,'Alternative Sugar Beer','31B',NULL,1,109,'2026-06-03 09:33:56','2026-06-03 09:33:56'),(530,3,163,'Classic Style Smoked Beer','32A',NULL,1,110,'2026-06-03 09:33:56','2026-06-03 09:33:56'),(531,3,163,'Specialty Smoked Beer','32B',NULL,1,111,'2026-06-03 09:33:56','2026-06-03 09:33:56'),(532,3,164,'Wood-Aged Beer','33A',NULL,1,112,'2026-06-03 09:33:56','2026-06-03 09:33:56'),(533,3,164,'Specialty Wood-Aged Beer','33B',NULL,1,113,'2026-06-03 09:33:56','2026-06-03 09:33:56'),(534,3,165,'Commercial Specialty Beer','34A',NULL,1,114,'2026-06-03 09:33:56','2026-06-03 09:33:56'),(535,3,165,'Mixed-Style Beer','34B',NULL,1,115,'2026-06-03 09:33:56','2026-06-03 09:33:56'),(536,3,165,'Experimental Beer','34C',NULL,1,116,'2026-06-03 09:33:56','2026-06-03 09:33:56'),(537,1,166,'美式淡拉格','1A',NULL,1,1,'2026-06-04 19:54:23','2026-06-04 19:54:23'),(538,1,166,'美式拉格','1B',NULL,1,2,'2026-06-04 19:54:23','2026-06-04 19:54:23'),(539,1,166,'奶油艾尔','1C',NULL,1,3,'2026-06-04 19:54:23','2026-06-04 19:54:23'),(540,1,166,'美式小麦啤酒','1D',NULL,1,4,'2026-06-04 19:54:23','2026-06-04 19:54:23'),(541,1,167,'国际浅色拉格','2A',NULL,1,5,'2026-06-04 19:54:23','2026-06-04 19:54:23'),(542,1,167,'国际琥珀色拉格','2B',NULL,1,6,'2026-06-04 19:54:23','2026-06-04 19:54:23'),(543,1,167,'国际深色拉格','2C',NULL,1,7,'2026-06-04 19:54:23','2026-06-04 19:54:23'),(544,1,168,'捷克浅色拉格','3A',NULL,1,8,'2026-06-04 19:54:23','2026-06-04 19:54:23'),(545,1,168,'捷克优质浅色拉格','3B',NULL,1,9,'2026-06-04 19:54:23','2026-06-04 19:54:23'),(546,1,168,'捷克琥珀色拉格','3C',NULL,1,10,'2026-06-04 19:54:23','2026-06-04 19:54:23'),(547,1,168,'捷克深色拉格','3D',NULL,1,11,'2026-06-04 19:54:23','2026-06-04 19:54:23'),(548,1,169,'慕尼黑清亮拉格','4A',NULL,1,12,'2026-06-04 19:54:23','2026-06-04 19:54:23'),(549,1,169,'节庆啤酒','4B',NULL,1,13,'2026-06-04 19:54:23','2026-06-04 19:54:23'),(550,1,169,'清亮博克','4C',NULL,1,14,'2026-06-04 19:54:23','2026-06-04 19:54:23'),(551,1,170,'德式低醇啤酒','5A',NULL,1,15,'2026-06-04 19:54:23','2026-06-04 19:54:23'),(552,1,170,'科隆啤酒','5B',NULL,1,16,'2026-06-04 19:54:23','2026-06-04 19:54:23'),(553,1,170,'德式清亮出口啤酒','5C',NULL,1,17,'2026-06-04 19:54:23','2026-06-04 19:54:23'),(554,1,170,'德式皮尔森','5D',NULL,1,18,'2026-06-04 19:54:23','2026-06-04 19:54:23'),(555,1,171,'三月啤酒','6A',NULL,1,19,'2026-06-04 19:54:23','2026-06-04 19:54:23'),(556,1,171,'烟熏啤酒','6B',NULL,1,20,'2026-06-04 19:54:23','2026-06-04 19:54:23'),(557,1,171,'深色博克','6C',NULL,1,21,'2026-06-04 19:54:23','2026-06-04 19:54:23'),(558,1,172,'维也纳拉格','7A',NULL,1,22,'2026-06-04 19:54:23','2026-06-04 19:54:23'),(559,1,172,'老啤酒','7B',NULL,1,23,'2026-06-04 19:54:23','2026-06-04 19:54:23'),(560,1,173,'慕尼黑深色拉格','8A',NULL,1,24,'2026-06-04 19:54:23','2026-06-04 19:54:23'),(561,1,173,'黑啤酒','8B',NULL,1,25,'2026-06-04 19:54:23','2026-06-04 19:54:23'),(562,1,174,'双料博克','9A',NULL,1,26,'2026-06-04 19:54:23','2026-06-04 19:54:23'),(563,1,174,'冰博克','9B',NULL,1,27,'2026-06-04 19:54:23','2026-06-04 19:54:23'),(564,1,174,'波罗的海波特','9C',NULL,1,28,'2026-06-04 19:54:23','2026-06-04 19:54:23'),(565,1,175,'德式小麦啤酒','10A',NULL,1,29,'2026-06-04 19:54:23','2026-06-04 19:54:23'),(566,1,175,'深色德式小麦啤酒','10B',NULL,1,30,'2026-06-04 19:54:23','2026-06-04 19:54:23'),(567,1,175,'小麦博克','10C',NULL,1,31,'2026-06-04 19:54:23','2026-06-04 19:54:23'),(568,1,176,'普通苦啤','11A',NULL,1,32,'2026-06-04 19:54:23','2026-06-04 19:54:23'),(569,1,176,'优质苦啤','11B',NULL,1,33,'2026-06-04 19:54:23','2026-06-04 19:54:23'),(570,1,176,'强烈苦啤','11C',NULL,1,34,'2026-06-04 19:54:23','2026-06-04 19:54:23'),(571,1,177,'英式金色艾尔','12A',NULL,1,35,'2026-06-04 19:54:23','2026-06-04 19:54:23'),(572,1,177,'澳大利亚闪亮艾尔','12B',NULL,1,36,'2026-06-04 19:54:23','2026-06-04 19:54:23'),(573,1,177,'英式 IPA','12C',NULL,1,37,'2026-06-04 19:54:23','2026-06-04 19:54:23'),(574,1,178,'深色低酒精艾尔','13A',NULL,1,38,'2026-06-04 19:54:23','2026-06-04 19:54:23'),(575,1,178,'英式棕色艾尔','13B',NULL,1,39,'2026-06-04 19:54:23','2026-06-04 19:54:23'),(576,1,178,'英式波特','13C',NULL,1,40,'2026-06-04 19:54:23','2026-06-04 19:54:23'),(577,1,179,'苏格兰淡艾尔','14A',NULL,1,41,'2026-06-04 19:54:23','2026-06-04 19:54:23'),(578,1,179,'苏格兰重艾尔','14B',NULL,1,42,'2026-06-04 19:54:23','2026-06-04 19:54:23'),(579,1,179,'苏格兰出口艾尔','14C',NULL,1,43,'2026-06-04 19:54:23','2026-06-04 19:54:23'),(580,1,180,'爱尔兰红艾尔','15A',NULL,1,44,'2026-06-04 19:54:23','2026-06-04 19:54:23'),(581,1,180,'爱尔兰世涛','15B',NULL,1,45,'2026-06-04 19:54:23','2026-06-04 19:54:23'),(582,1,180,'爱尔兰加强世涛','15C',NULL,1,46,'2026-06-04 19:54:23','2026-06-04 19:54:23'),(583,1,181,'甜世涛','16A',NULL,1,47,'2026-06-04 19:54:23','2026-06-04 19:54:23'),(584,1,181,'燕麦世涛','16B',NULL,1,48,'2026-06-04 19:54:23','2026-06-04 19:54:23'),(585,1,181,'热带世涛','16C',NULL,1,49,'2026-06-04 19:54:23','2026-06-04 19:54:23'),(586,1,181,'外国加强世涛','16D',NULL,1,50,'2026-06-04 19:54:23','2026-06-04 19:54:23'),(587,1,182,'英式强艾尔','17A',NULL,1,51,'2026-06-04 19:54:23','2026-06-04 19:54:23'),(588,1,182,'老艾尔','17B',NULL,1,52,'2026-06-04 19:54:23','2026-06-04 19:54:23'),(589,1,182,'威重艾尔','17C',NULL,1,53,'2026-06-04 19:54:23','2026-06-04 19:54:23'),(590,1,182,'英式大麦酒','17D',NULL,1,54,'2026-06-04 19:54:23','2026-06-04 19:54:23'),(591,1,183,'金色艾尔','18A',NULL,1,55,'2026-06-04 19:54:23','2026-06-04 19:54:23'),(592,1,183,'美式浅色艾尔','18B',NULL,1,56,'2026-06-04 19:54:23','2026-06-04 19:54:23'),(593,1,184,'美式琥珀艾尔','19A',NULL,1,57,'2026-06-04 19:54:23','2026-06-04 19:54:23'),(594,1,184,'加州普通啤酒','19B',NULL,1,58,'2026-06-04 19:54:23','2026-06-04 19:54:23'),(595,1,184,'美式棕色艾尔','19C',NULL,1,59,'2026-06-04 19:54:23','2026-06-04 19:54:23'),(596,1,185,'美式波特','20A',NULL,1,60,'2026-06-04 19:54:23','2026-06-04 19:54:23'),(597,1,185,'美式世涛','20B',NULL,1,61,'2026-06-04 19:54:23','2026-06-04 19:54:23'),(598,1,185,'帝国世涛','20C',NULL,1,62,'2026-06-04 19:54:23','2026-06-04 19:54:23'),(599,1,186,'美式 IPA','21A',NULL,1,63,'2026-06-04 19:54:23','2026-06-04 19:54:23'),(600,1,186,'特色 IPA','21B',NULL,1,64,'2026-06-04 19:54:23','2026-06-04 19:54:23'),(601,1,186,'浑浊 IPA','21C',NULL,1,65,'2026-06-04 19:54:23','2026-06-04 19:54:23'),(602,1,187,'双倍 IPA','22A',NULL,1,66,'2026-06-04 19:54:23','2026-06-04 19:54:23'),(603,1,187,'美式强艾尔','22B',NULL,1,67,'2026-06-04 19:54:23','2026-06-04 19:54:23'),(604,1,187,'美式大麦酒','22C',NULL,1,68,'2026-06-04 19:54:23','2026-06-04 19:54:23'),(605,1,187,'小麦酒','22D',NULL,1,69,'2026-06-04 19:54:23','2026-06-04 19:54:23'),(606,1,188,'柏林酸小麦','23A',NULL,1,70,'2026-06-04 19:54:23','2026-06-04 19:54:23'),(607,1,188,'法兰德斯红艾尔','23B',NULL,1,71,'2026-06-04 19:54:23','2026-06-04 19:54:23'),(608,1,188,'老棕啤酒','23C',NULL,1,72,'2026-06-04 19:54:23','2026-06-04 19:54:23'),(609,1,188,'兰比克','23D',NULL,1,73,'2026-06-04 19:54:23','2026-06-04 19:54:23'),(610,1,188,'贵兹','23E',NULL,1,74,'2026-06-04 19:54:23','2026-06-04 19:54:23'),(611,1,188,'水果兰比克','23F',NULL,1,75,'2026-06-04 19:54:23','2026-06-04 19:54:23'),(612,1,188,'古斯','23G',NULL,1,76,'2026-06-04 19:54:23','2026-06-04 19:54:23'),(613,1,189,'比利时白啤','24A',NULL,1,77,'2026-06-04 19:54:23','2026-06-04 19:54:23'),(614,1,189,'比利时浅色艾尔','24B',NULL,1,78,'2026-06-04 19:54:23','2026-06-04 19:54:23'),(615,1,189,'护卫啤酒','24C',NULL,1,79,'2026-06-04 19:54:23','2026-06-04 19:54:23'),(616,1,190,'比利时金色艾尔','25A',NULL,1,80,'2026-06-04 19:54:23','2026-06-04 19:54:23'),(617,1,190,'赛松','25B',NULL,1,81,'2026-06-04 19:54:23','2026-06-04 19:54:23'),(618,1,190,'比利时金色烈性艾尔','25C',NULL,1,82,'2026-06-04 19:54:23','2026-06-04 19:54:23'),(619,1,191,'比利时单料','26A',NULL,1,83,'2026-06-04 19:54:23','2026-06-04 19:54:23'),(620,1,191,'比利时双料','26B',NULL,1,84,'2026-06-04 19:54:23','2026-06-04 19:54:23'),(621,1,191,'比利时三料','26C',NULL,1,85,'2026-06-04 19:54:23','2026-06-04 19:54:23'),(622,1,191,'比利时深色烈性艾尔','26D',NULL,1,86,'2026-06-04 19:54:23','2026-06-04 19:54:23'),(623,1,192,'地窖啤酒','27A',NULL,1,87,'2026-06-04 19:54:23','2026-06-04 19:54:23'),(624,1,192,'肯塔基普通啤酒','27B',NULL,1,88,'2026-06-04 19:54:23','2026-06-04 19:54:23'),(625,1,192,'利希滕海纳','27C',NULL,1,89,'2026-06-04 19:54:23','2026-06-04 19:54:23'),(626,1,192,'伦敦棕色艾尔','27D',NULL,1,90,'2026-06-04 19:54:23','2026-06-04 19:54:23'),(627,1,192,'格罗季斯克啤酒','27E',NULL,1,91,'2026-06-04 19:54:23','2026-06-04 19:54:23'),(628,1,192,'禁酒令前拉格','27F',NULL,1,92,'2026-06-04 19:54:23','2026-06-04 19:54:23'),(629,1,192,'禁酒令前波特','27G',NULL,1,93,'2026-06-04 19:54:23','2026-06-04 19:54:23'),(630,1,192,'黑麦啤酒','27H',NULL,1,94,'2026-06-04 19:54:23','2026-06-04 19:54:23'),(631,1,192,'萨赫蒂','27I',NULL,1,95,'2026-06-04 19:54:23','2026-06-04 19:54:23'),(632,1,193,'布雷特啤酒','28A',NULL,1,96,'2026-06-04 19:54:23','2026-06-04 19:54:23'),(633,1,193,'混合发酵酸啤','28B',NULL,1,97,'2026-06-04 19:54:23','2026-06-04 19:54:23'),(634,1,193,'野菌特色啤酒','28C',NULL,1,98,'2026-06-04 19:54:23','2026-06-04 19:54:23'),(635,1,193,'纯酸啤酒','28D',NULL,1,99,'2026-06-04 19:54:23','2026-06-04 19:54:23'),(636,1,194,'水果啤酒','29A',NULL,1,100,'2026-06-04 19:54:23','2026-06-04 19:54:23'),(637,1,194,'水果香料啤酒','29B',NULL,1,101,'2026-06-04 19:54:23','2026-06-04 19:54:23'),(638,1,194,'特色水果啤酒','29C',NULL,1,102,'2026-06-04 19:54:23','2026-06-04 19:54:23'),(639,1,194,'葡萄艾尔','29D',NULL,1,103,'2026-06-04 19:54:23','2026-06-04 19:54:23'),(640,1,195,'香料、草本或蔬菜啤酒','30A',NULL,1,104,'2026-06-04 19:54:23','2026-06-04 19:54:23'),(641,1,195,'秋季时令啤酒','30B',NULL,1,105,'2026-06-04 19:54:23','2026-06-04 19:54:23'),(642,1,195,'冬季时令啤酒','30C',NULL,1,106,'2026-06-04 19:54:23','2026-06-04 19:54:23'),(643,1,195,'特色香料啤酒','30D',NULL,1,107,'2026-06-04 19:54:23','2026-06-04 19:54:23'),(644,1,196,'替代谷物啤酒','31A',NULL,1,108,'2026-06-04 19:54:23','2026-06-04 19:54:23'),(645,1,196,'替代糖类啤酒','31B',NULL,1,109,'2026-06-04 19:54:23','2026-06-04 19:54:23'),(646,1,197,'经典风格烟熏啤酒','32A',NULL,1,110,'2026-06-04 19:54:23','2026-06-04 19:54:23'),(647,1,197,'特色烟熏啤酒','32B',NULL,1,111,'2026-06-04 19:54:23','2026-06-04 19:54:23'),(648,1,198,'木材陈酿啤酒','33A',NULL,1,112,'2026-06-04 19:54:23','2026-06-04 19:54:23'),(649,1,198,'特色木材陈酿啤酒','33B',NULL,1,113,'2026-06-04 19:54:23','2026-06-04 19:54:23'),(650,1,199,'商业特色啤酒','34A',NULL,1,114,'2026-06-04 19:54:23','2026-06-04 19:54:23'),(651,1,199,'混合风格啤酒','34B',NULL,1,115,'2026-06-04 19:54:23','2026-06-04 19:54:23'),(652,1,199,'实验啤酒','34C',NULL,1,116,'2026-06-04 19:54:23','2026-06-04 19:54:23');
/*!40000 ALTER TABLE `style_item` ENABLE KEYS */;
UNLOCK TABLES;

--
-- Table structure for table `style_library`
--

DROP TABLE IF EXISTS `style_library`;
/*!40101 SET @saved_cs_client     = @@character_set_client */;
/*!50503 SET character_set_client = utf8mb4 */;
CREATE TABLE `style_library` (
  `id` bigint NOT NULL AUTO_INCREMENT COMMENT '主键ID',
  `code` varchar(64) NOT NULL COMMENT '风格库编码',
  `name` varchar(128) NOT NULL COMMENT '风格库名称',
  `version` varchar(64) NOT NULL COMMENT '风格库版本',
  `language` varchar(32) NOT NULL COMMENT '语言',
  `source` varchar(64) NOT NULL COMMENT '来源',
  `status` tinyint NOT NULL DEFAULT '1' COMMENT '风格库启用状态',
  `tags_json` json DEFAULT NULL COMMENT '标签JSON',
  `create_time` datetime NOT NULL DEFAULT CURRENT_TIMESTAMP COMMENT '创建时间',
  `update_time` datetime NOT NULL DEFAULT CURRENT_TIMESTAMP ON UPDATE CURRENT_TIMESTAMP COMMENT '更新时间',
  PRIMARY KEY (`id`),
  UNIQUE KEY `uk_style_library_code` (`code`)
) ENGINE=InnoDB AUTO_INCREMENT=21 DEFAULT CHARSET=utf8mb4 COLLATE=utf8mb4_0900_ai_ci COMMENT='啤酒风格库表';
/*!40101 SET character_set_client = @saved_cs_client */;

--
-- Dumping data for table `style_library`
--

LOCK TABLES `style_library` WRITE;
/*!40000 ALTER TABLE `style_library` DISABLE KEYS */;
INSERT INTO `style_library` VALUES (1,'BJCP_2021_CN','BJCP 2021 中文标准库','2021','中文','BJCP',1,'[\"报名必填\", \"支持搜索\", \"评审可见\"]','2026-06-02 19:16:27','2026-06-04 19:54:23'),(2,'CUSTOM_STANDARD','主办方标准风格库','2026A','中文','主办方',1,'[\"自定义分类\", \"报名可搜\", \"评审可见\"]','2026-06-02 19:16:27','2026-06-03 09:32:27'),(3,'BJCP_2021_EN','BJCP 2021 Beer Style Guidelines','2021','English','BJCP',1,'[\"Official directory\", \"English styles\", \"Competition-ready\"]','2026-06-02 19:16:27','2026-06-03 09:33:56');
/*!40000 ALTER TABLE `style_library` ENABLE KEYS */;
UNLOCK TABLES;

--
-- Table structure for table `wechat_pay_notify`
--

DROP TABLE IF EXISTS `wechat_pay_notify`;
/*!40101 SET @saved_cs_client     = @@character_set_client */;
/*!50503 SET character_set_client = utf8mb4 */;
CREATE TABLE `wechat_pay_notify` (
  `id` bigint NOT NULL AUTO_INCREMENT COMMENT '主键ID',
  `notify_id` varchar(128) NOT NULL COMMENT '微信回调通知ID',
  `event_type` varchar(64) NOT NULL COMMENT '微信回调事件类型',
  `business_type` varchar(32) NOT NULL COMMENT '回调业务类型',
  `out_trade_no` varchar(64) DEFAULT NULL COMMENT '商户支付单号',
  `out_refund_no` varchar(64) DEFAULT NULL COMMENT '商户退款单号',
  `wechat_transaction_id` varchar(64) DEFAULT NULL COMMENT '微信支付交易号',
  `wechat_refund_id` varchar(64) DEFAULT NULL COMMENT '微信退款单号',
  `raw_json` json NOT NULL COMMENT '原始报文JSON',
  `processed_flag` tinyint NOT NULL DEFAULT '0' COMMENT '是否已处理',
  `process_message` varchar(300) DEFAULT NULL COMMENT '处理结果说明',
  `create_time` datetime NOT NULL DEFAULT CURRENT_TIMESTAMP COMMENT '创建时间',
  `update_time` datetime NOT NULL DEFAULT CURRENT_TIMESTAMP ON UPDATE CURRENT_TIMESTAMP COMMENT '更新时间',
  PRIMARY KEY (`id`),
  UNIQUE KEY `uk_wechat_pay_notify_id` (`notify_id`),
  KEY `idx_wechat_pay_notify_trade` (`out_trade_no`),
  KEY `idx_wechat_pay_notify_refund` (`out_refund_no`),
  KEY `idx_wechat_pay_notify_business` (`business_type`,`event_type`)
) ENGINE=InnoDB AUTO_INCREMENT=25 DEFAULT CHARSET=utf8mb4 COLLATE=utf8mb4_0900_ai_ci COMMENT='微信支付回调审计表';
/*!40101 SET character_set_client = @saved_cs_client */;

--
-- Dumping data for table `wechat_pay_notify`
--

LOCK TABLES `wechat_pay_notify` WRITE;
/*!40000 ALTER TABLE `wechat_pay_notify` DISABLE KEYS */;
/*!40000 ALTER TABLE `wechat_pay_notify` ENABLE KEYS */;
UNLOCK TABLES;

--
-- Dumping events for database 'beer_competition'
--

--
-- Dumping routines for database 'beer_competition'
--
/*!40103 SET TIME_ZONE=@OLD_TIME_ZONE */;

/*!40101 SET SQL_MODE=@OLD_SQL_MODE */;
/*!40014 SET FOREIGN_KEY_CHECKS=@OLD_FOREIGN_KEY_CHECKS */;
/*!40014 SET UNIQUE_CHECKS=@OLD_UNIQUE_CHECKS */;
/*!40101 SET CHARACTER_SET_CLIENT=@OLD_CHARACTER_SET_CLIENT */;
/*!40101 SET CHARACTER_SET_RESULTS=@OLD_CHARACTER_SET_RESULTS */;
/*!40101 SET COLLATION_CONNECTION=@OLD_COLLATION_CONNECTION */;
/*!40111 SET SQL_NOTES=@OLD_SQL_NOTES */;

-- Dump completed on 2026-06-18 11:15:49
